{"content":"+function(a){\"use strict\";var b=function(c,d){this.options=a.extend({},b.DEFAULTS,d),this.$window=a(window).on(\"scroll.bs.affix.data-api\",a.proxy(this.checkPosition,this)).on(\"click.bs.affix.data-api\",a.proxy(this.checkPositionWithEventLoop,this)),this.$element=a(c),this.affixed=this.unpin=this.pinnedOffset=null,this.checkPosition()};b.RESET=\"affix affix-top affix-bottom\",b.DEFAULTS={offset:0},b.prototype.getPinnedOffset=function(){if(this.pinnedOffset)return this.pinnedOffset;this.$element.removeClass(b.RESET).addClass(\"affix\");var a=this.$window.scrollTop(),c=this.$element.offset();return this.pinnedOffset=c.top-a},b.prototype.checkPositionWithEventLoop=function(){setTimeout(a.proxy(this.checkPosition,this),1)},b.prototype.checkPosition=function(){if(this.$element.is(\":visible\")){var c=a(document).height(),d=this.$window.scrollTop(),e=this.$element.offset(),f=this.options.offset,g=f.top,h=f.bottom;\"top\"==this.affixed&&(e.top+=d),\"object\"!=typeof f&&(h=g=f),\"function\"==typeof g&&(g=f.top(this.$element)),\"function\"==typeof h&&(h=f.bottom(this.$element));var i=null!=this.unpin&&d+this.unpin<=e.top?!1:null!=h&&e.top+this.$element.height()>=c-h?\"bottom\":null!=g&&g>=d?\"top\":!1;if(this.affixed!==i){this.unpin&&this.$element.css(\"top\",\"\");var j=\"affix\"+(i?\"-\"+i:\"\"),k=a.Event(j+\".bs.affix\");this.$element.trigger(k),k.isDefaultPrevented()||(this.affixed=i,this.unpin=\"bottom\"==i?this.getPinnedOffset():null,this.$element.removeClass(b.RESET).addClass(j).trigger(a.Event(j.replace(\"affix\",\"affixed\"))),\"bottom\"==i&&this.$element.offset({top:c-h-this.$element.height()}))}}};var c=a.fn.affix;a.fn.affix=function(c){return this.each(function(){var d=a(this),e=d.data(\"bs.affix\"),f=\"object\"==typeof c&&c;e||d.data(\"bs.affix\",e=new b(this,f)),\"string\"==typeof c&&e[c]()})},a.fn.affix.Constructor=b,a.fn.affix.noConflict=function(){return a.fn.affix=c,this},a(window).on(\"load\",function(){a('[data-spy=\"affix\"]').each(function(){var b=a(this),c=b.data();c.offset=c.offset||{},c.offsetBottom&&(c.offset.bottom=c.offsetBottom),c.offsetTop&&(c.offset.top=c.offsetTop),b.affix(c)})})}(jQuery),+function(a){\"use strict\";var b='[data-dismiss=\"alert\"]',c=function(c){a(c).on(\"click\",b,this.close)};c.prototype.close=function(b){function c(){f.trigger(\"closed.bs.alert\").remove()}var d=a(this),e=d.attr(\"data-target\");e||(e=d.attr(\"href\"),e=e&&e.replace(/.*(?=#[^\\s]*$)/,\"\"));var f=a(e);b&&b.preventDefault(),f.length||(f=d.hasClass(\"alert\")?d:d.parent()),f.trigger(b=a.Event(\"close.bs.alert\")),b.isDefaultPrevented()||(f.removeClass(\"in\"),a.support.transition&&f.hasClass(\"fade\")?f.one(a.support.transition.end,c).emulateTransitionEnd(150):c())};var d=a.fn.alert;a.fn.alert=function(b){return this.each(function(){var d=a(this),e=d.data(\"bs.alert\");e||d.data(\"bs.alert\",e=new c(this)),\"string\"==typeof b&&e[b].call(d)})},a.fn.alert.Constructor=c,a.fn.alert.noConflict=function(){return a.fn.alert=d,this},a(document).on(\"click.bs.alert.data-api\",b,c.prototype.close)}(jQuery),+function(a){\"use strict\";function b(b){a(d).remove(),a(e).each(function(){var d=c(a(this)),e={relatedTarget:this};d.hasClass(\"open\")&&(d.trigger(b=a.Event(\"hide.bs.dropdown\",e)),b.isDefaultPrevented()||d.removeClass(\"open\").trigger(\"hidden.bs.dropdown\",e))})}function c(b){var c=b.attr(\"data-target\");c||(c=b.attr(\"href\"),c=c&&/#[A-Za-z]/.test(c)&&c.replace(/.*(?=#[^\\s]*$)/,\"\"));var d=c&&a(c);return d&&d.length?d:b.parent()}var d=\".dropdown-backdrop\",e=\"[data-toggle=dropdown]\",f=function(b){a(b).on(\"click.bs.dropdown\",this.toggle)};f.prototype.toggle=function(d){var e=a(this);if(!e.is(\".disabled, :disabled\")){var f=c(e),g=f.hasClass(\"open\");if(b(),!g){\"ontouchstart\"in document.documentElement&&!f.closest(\".navbar-nav\").length&&a('<div class=\"dropdown-backdrop\"/>').insertAfter(a(this)).on(\"click\",b);var h={relatedTarget:this};if(f.trigger(d=a.Event(\"show.bs.dropdown\",h)),d.isDefaultPrevented())return;f.toggleClass(\"open\").trigger(\"shown.bs.dropdown\",h),e.focus()}return!1}},f.prototype.keydown=function(b){if(/(38|40|27)/.test(b.keyCode)){var d=a(this);if(b.preventDefault(),b.stopPropagation(),!d.is(\".disabled, :disabled\")){var f=c(d),g=f.hasClass(\"open\");if(!g||g&&27==b.keyCode)return 27==b.which&&f.find(e).focus(),d.click();var h=\" li:not(.divider):visible a\",i=f.find(\"[role=menu]\"+h+\", [role=listbox]\"+h);if(i.length){var j=i.index(i.filter(\":focus\"));38==b.keyCode&&j>0&&j--,40==b.keyCode&&j<i.length-1&&j++,~j||(j=0),i.eq(j).focus()}}}};var g=a.fn.dropdown;a.fn.dropdown=function(b){return this.each(function(){var c=a(this),d=c.data(\"bs.dropdown\");d||c.data(\"bs.dropdown\",d=new f(this)),\"string\"==typeof b&&d[b].call(c)})},a.fn.dropdown.Constructor=f,a.fn.dropdown.noConflict=function(){return a.fn.dropdown=g,this},a(document).on(\"click.bs.dropdown.data-api\",b).on(\"click.bs.dropdown.data-api\",\".dropdown form\",function(a){a.stopPropagation()}).on(\"click.bs.dropdown.data-api\",e,f.prototype.toggle).on(\"keydown.bs.dropdown.data-api\",e+\", [role=menu], [role=listbox]\",f.prototype.keydown)}(jQuery),+function(a){\"use strict\";var b=function(a,b){this.type=this.options=this.enabled=this.timeout=this.hoverState=this.$eleme","contentType":"text/plain; charset=ISO-8859-1","fileSize":28864,"length":28864}