<list>
  <com.dotmarketing.portlets.contentlet.model.ContentletVersionInfo>
    <identifier>1476ad00-8bd5-4e19-8c07-5e61c19180d6</identifier>
    <liveInode>fad718a1-d828-46b1-8cbf-29082fdd9512</liveInode>
    <workingInode>fad718a1-d828-46b1-8cbf-29082fdd9512</workingInode>
    <lockedOn class="sql-timestamp">2020-07-10 18:58:47.363</lockedOn>
    <deleted>false</deleted>
    <versionTs class="sql-timestamp">2020-07-10 18:58:47.752</versionTs>
    <lang>1</lang>
  </com.dotmarketing.portlets.contentlet.model.ContentletVersionInfo>
  <com.dotmarketing.portlets.contentlet.model.ContentletVersionInfo>
    <identifier>165ddf0c-8fc9-4e0a-b131-6dc72b36c927</identifier>
    <liveInode>61bd0428-f416-4441-b4f1-22ef496cb896</liveInode>
    <workingInode>61bd0428-f416-4441-b4f1-22ef496cb896</workingInode>
    <lockedOn class="sql-timestamp">2020-07-10 18:48:21.323</lockedOn>
    <deleted>false</deleted>
    <versionTs class="sql-timestamp">2020-07-10 18:48:21.373</versionTs>
    <lang>1</lang>
  </com.dotmarketing.portlets.contentlet.model.ContentletVersionInfo>
  <com.dotmarketing.portlets.contentlet.model.ContentletVersionInfo>
    <identifier>40908273-e8cb-4edf-935f-0143c083e61c</identifier>
    <liveInode>f5673ae3-2d76-443e-8859-264d8c12033f</liveInode>
    <workingInode>f5673ae3-2d76-443e-8859-264d8c12033f</workingInode>
    <lockedOn class="sql-timestamp">2020-07-10 18:52:45.45</lockedOn>
    <deleted>false</deleted>
    <versionTs class="sql-timestamp">2020-07-10 18:52:45.465</versionTs>
    <lang>1</lang>
  </com.dotmarketing.portlets.contentlet.model.ContentletVersionInfo>
  <com.dotmarketing.portlets.contentlet.model.ContentletVersionInfo>
    <identifier>64138e08-c9ba-4360-b92a-15f03c6a23db</identifier>
    <liveInode>a1e23ee3-b54b-464f-a0a3-4eb0666101f0</liveInode>
    <workingInode>a1e23ee3-b54b-464f-a0a3-4eb0666101f0</workingInode>
    <lockedOn class="sql-timestamp">2020-07-10 18:59:10.851</lockedOn>
    <deleted>false</deleted>
    <versionTs class="sql-timestamp">2020-07-10 18:59:10.88</versionTs>
    <lang>1</lang>
  </com.dotmarketing.portlets.contentlet.model.ContentletVersionInfo>
  <com.dotmarketing.portlets.contentlet.model.ContentletVersionInfo>
    <identifier>70cf20e7-377f-4e0b-9123-7e23e580e2bc</identifier>
    <liveInode>95d10ed9-04a9-41f1-b44d-810ab3f76e91</liveInode>
    <workingInode>95d10ed9-04a9-41f1-b44d-810ab3f76e91</workingInode>
    <lockedOn class="sql-timestamp">2020-07-10 18:58:47.809</lockedOn>
    <deleted>false</deleted>
    <versionTs class="sql-timestamp">2020-07-10 18:58:47.845</versionTs>
    <lang>1</lang>
  </com.dotmarketing.portlets.contentlet.model.ContentletVersionInfo>
  <com.dotmarketing.portlets.contentlet.model.ContentletVersionInfo>
    <identifier>7cc614d9-e287-473a-acd4-d45a00f5c100</identifier>
    <liveInode>8b6a172c-ce55-4a30-bb23-7275d1795b20</liveInode>
    <workingInode>8b6a172c-ce55-4a30-bb23-7275d1795b20</workingInode>
    <lockedOn class="sql-timestamp">2020-07-10 18:48:35.714</lockedOn>
    <deleted>false</deleted>
    <versionTs class="sql-timestamp">2020-07-10 18:48:35.728</versionTs>
    <lang>1</lang>
  </com.dotmarketing.portlets.contentlet.model.ContentletVersionInfo>
  <com.dotmarketing.portlets.contentlet.model.ContentletVersionInfo>
    <identifier>8a7d5e23-da1e-420a-b4f0-471e7da8ea2d</identifier>
    <liveInode>1b407535-67e3-4f21-ad00-8ef5ef492d64</liveInode>
    <workingInode>1b407535-67e3-4f21-ad00-8ef5ef492d64</workingInode>
    <lockedBy>dotcms.org.1</lockedBy>
    <lockedOn class="sql-timestamp">2020-04-20 20:28:30.733</lockedOn>
    <deleted>false</deleted>
    <versionTs class="sql-timestamp">2020-04-20 20:28:30.955</versionTs>
    <lang>1</lang>
  </com.dotmarketing.portlets.contentlet.model.ContentletVersionInfo>
  <com.dotmarketing.portlets.contentlet.model.ContentletVersionInfo>
    <identifier>c9a3402e-d912-4d8c-9789-98fda737904d</identifier>
    <liveInode>dd3d311f-8c64-46c3-8aa7-57b8e6160d92</liveInode>
    <workingInode>dd3d311f-8c64-46c3-8aa7-57b8e6160d92</workingInode>
    <lockedOn class="sql-timestamp">2020-07-10 18:59:10.767</lockedOn>
    <deleted>false</deleted>
    <versionTs class="sql-timestamp">2020-07-10 18:59:10.803</versionTs>
    <lang>1</lang>
  </com.dotmarketing.portlets.contentlet.model.ContentletVersionInfo>
  <com.dotmarketing.portlets.contentlet.model.ContentletVersionInfo>
    <identifier>dff080d8-ce39-4849-b42f-16ab329f6bbd</identifier>
    <liveInode>f5a3b777-0b2f-4d12-9734-808566e962e3</liveInode>
    <workingInode>f5a3b777-0b2f-4d12-9734-808566e962e3</workingInode>
    <lockedOn class="sql-timestamp">2020-07-10 18:52:53.989</lockedOn>
    <deleted>false</deleted>
    <versionTs class="sql-timestamp">2020-07-10 18:52:53.997</versionTs>
    <lang>1</lang>
  </com.dotmarketing.portlets.contentlet.model.ContentletVersionInfo>
  <com.dotmarketing.portlets.contentlet.model.ContentletVersionInfo>
    <identifier>SYSTEM_HOST</identifier>
    <liveInode>dbdec5e2-c02b-4cfb-83a9-4a4c4f3b2eb0</liveInode>
    <workingInode>dbdec5e2-c02b-4cfb-83a9-4a4c4f3b2eb0</workingInode>
    <lockedOn class="sql-timestamp">2012-06-07 09:46:26.0</lockedOn>
    <deleted>false</deleted>
    <versionTs class="sql-timestamp">2020-04-20 20:23:51.289</versionTs>
    <lang>1</lang>
  </com.dotmarketing.portlets.contentlet.model.ContentletVersionInfo>
</list>