<list>
  <com.dotmarketing.portlets.workflows.model.WorkflowTask>
    <id>28a9f7e2-c128-4773-8447-99d9346862fe</id>
    <creationDate class="sql-timestamp">2020-07-10 18:48:21.397</creationDate>
    <modDate class="sql-timestamp">2020-07-10 18:48:21.398</modDate>
    <createdBy>e7d4e34e-5127-45fc-8123-d48b62d510e3</createdBy>
    <assignedTo>e7d4e34e-5127-45fc-8123-d48b62d510e3</assignedTo>
    <title>sync 1</title>
    <description></description>
    <status>dc3c9cd0-8467-404b-bf95-cb7df3fbc293</status>
    <webasset>165ddf0c-8fc9-4e0a-b131-6dc72b36c927</webasset>
    <languageId>1</languageId>
  </com.dotmarketing.portlets.workflows.model.WorkflowTask>
  <com.dotmarketing.portlets.workflows.model.WorkflowTask>
    <id>6320bbd4-bd44-42aa-b4eb-0819b1acb72c</id>
    <creationDate class="sql-timestamp">2020-07-10 18:52:45.476</creationDate>
    <modDate class="sql-timestamp">2020-07-10 18:52:45.476</modDate>
    <createdBy>e7d4e34e-5127-45fc-8123-d48b62d510e3</createdBy>
    <assignedTo>e7d4e34e-5127-45fc-8123-d48b62d510e3</assignedTo>
    <title>sync3</title>
    <description></description>
    <status>dc3c9cd0-8467-404b-bf95-cb7df3fbc293</status>
    <webasset>40908273-e8cb-4edf-935f-0143c083e61c</webasset>
    <languageId>1</languageId>
  </com.dotmarketing.portlets.workflows.model.WorkflowTask>
  <com.dotmarketing.portlets.workflows.model.WorkflowTask>
    <id>6d899501-8599-410c-a275-fa28ac0ff39b</id>
    <creationDate class="sql-timestamp">2020-07-10 18:58:47.765</creationDate>
    <modDate class="sql-timestamp">2020-07-10 18:58:47.765</modDate>
    <createdBy>e7d4e34e-5127-45fc-8123-d48b62d510e3</createdBy>
    <assignedTo>e7d4e34e-5127-45fc-8123-d48b62d510e3</assignedTo>
    <title>Bulbasaur.jpeg</title>
    <status>dc3c9cd0-8467-404b-bf95-cb7df3fbc293</status>
    <webasset>1476ad00-8bd5-4e19-8c07-5e61c19180d6</webasset>
    <languageId>1</languageId>
  </com.dotmarketing.portlets.workflows.model.WorkflowTask>
  <com.dotmarketing.portlets.workflows.model.WorkflowTask>
    <id>776d43bd-9f64-46df-bf3c-ebbbb9a28472</id>
    <creationDate class="sql-timestamp">2020-07-10 18:48:35.739</creationDate>
    <modDate class="sql-timestamp">2020-07-10 18:48:35.74</modDate>
    <createdBy>e7d4e34e-5127-45fc-8123-d48b62d510e3</createdBy>
    <assignedTo>e7d4e34e-5127-45fc-8123-d48b62d510e3</assignedTo>
    <title>sync 2</title>
    <description></description>
    <status>dc3c9cd0-8467-404b-bf95-cb7df3fbc293</status>
    <webasset>7cc614d9-e287-473a-acd4-d45a00f5c100</webasset>
    <languageId>1</languageId>
  </com.dotmarketing.portlets.workflows.model.WorkflowTask>
  <com.dotmarketing.portlets.workflows.model.WorkflowTask>
    <id>8b238d79-7e59-47ca-bb4e-33d988922d52</id>
    <creationDate class="sql-timestamp">2020-07-10 18:58:47.855</creationDate>
    <modDate class="sql-timestamp">2020-07-10 18:58:47.856</modDate>
    <createdBy>e7d4e34e-5127-45fc-8123-d48b62d510e3</createdBy>
    <assignedTo>e7d4e34e-5127-45fc-8123-d48b62d510e3</assignedTo>
    <title>Charmander.jpeg</title>
    <status>dc3c9cd0-8467-404b-bf95-cb7df3fbc293</status>
    <webasset>70cf20e7-377f-4e0b-9123-7e23e580e2bc</webasset>
    <languageId>1</languageId>
  </com.dotmarketing.portlets.workflows.model.WorkflowTask>
  <com.dotmarketing.portlets.workflows.model.WorkflowTask>
    <id>8efe591d-be3c-473b-b76f-6ccedd62a6ab</id>
    <creationDate class="sql-timestamp">2020-07-10 18:59:10.89</creationDate>
    <modDate class="sql-timestamp">2020-07-10 18:59:10.891</modDate>
    <createdBy>e7d4e34e-5127-45fc-8123-d48b62d510e3</createdBy>
    <assignedTo>e7d4e34e-5127-45fc-8123-d48b62d510e3</assignedTo>
    <title>Squirtle.jpeg</title>
    <status>dc3c9cd0-8467-404b-bf95-cb7df3fbc293</status>
    <webasset>64138e08-c9ba-4360-b92a-15f03c6a23db</webasset>
    <languageId>1</languageId>
  </com.dotmarketing.portlets.workflows.model.WorkflowTask>
  <com.dotmarketing.portlets.workflows.model.WorkflowTask>
    <id>a2a40ca3-473b-41b9-918c-e9384096bc6d</id>
    <creationDate class="sql-timestamp">2020-07-10 18:59:10.813</creationDate>
    <modDate class="sql-timestamp">2020-07-10 18:59:10.813</modDate>
    <createdBy>e7d4e34e-5127-45fc-8123-d48b62d510e3</createdBy>
    <assignedTo>e7d4e34e-5127-45fc-8123-d48b62d510e3</assignedTo>
    <title>Pikachu.jpeg</title>
    <status>dc3c9cd0-8467-404b-bf95-cb7df3fbc293</status>
    <webasset>c9a3402e-d912-4d8c-9789-98fda737904d</webasset>
    <languageId>1</languageId>
  </com.dotmarketing.portlets.workflows.model.WorkflowTask>
  <com.dotmarketing.portlets.workflows.model.WorkflowTask>
    <id>d5483c63-3db5-4e84-ad33-18a978d94856</id>
    <creationDate class="sql-timestamp">2020-07-10 18:52:54.007</creationDate>
    <modDate class="sql-timestamp">2020-07-10 18:52:54.008</modDate>
    <createdBy>e7d4e34e-5127-45fc-8123-d48b62d510e3</createdBy>
    <assignedTo>e7d4e34e-5127-45fc-8123-d48b62d510e3</assignedTo>
    <title>sync4</title>
    <description></description>
    <status>dc3c9cd0-8467-404b-bf95-cb7df3fbc293</status>
    <webasset>dff080d8-ce39-4849-b42f-16ab329f6bbd</webasset>
    <languageId>1</languageId>
  </com.dotmarketing.portlets.workflows.model.WorkflowTask>
</list>