<list>
  <com.dotmarketing.beans.Identifier>
    <id>165ddf0c-8fc9-4e0a-b131-6dc72b36c927</id>
    <assetName>content.61bd0428-f416-4441-b4f1-22ef496cb896</assetName>
    <assetType>contentlet</assetType>
    <parentPath>/</parentPath>
    <hostId>8a7d5e23-da1e-420a-b4f0-471e7da8ea2d</hostId>
  </com.dotmarketing.beans.Identifier>
  <com.dotmarketing.beans.Identifier>
    <id>40908273-e8cb-4edf-935f-0143c083e61c</id>
    <assetName>content.f5673ae3-2d76-443e-8859-264d8c12033f</assetName>
    <assetType>contentlet</assetType>
    <parentPath>/</parentPath>
    <hostId>8a7d5e23-da1e-420a-b4f0-471e7da8ea2d</hostId>
  </com.dotmarketing.beans.Identifier>
  <com.dotmarketing.beans.Identifier>
    <id>7cc614d9-e287-473a-acd4-d45a00f5c100</id>
    <assetName>content.8b6a172c-ce55-4a30-bb23-7275d1795b20</assetName>
    <assetType>contentlet</assetType>
    <parentPath>/</parentPath>
    <hostId>8a7d5e23-da1e-420a-b4f0-471e7da8ea2d</hostId>
  </com.dotmarketing.beans.Identifier>
  <com.dotmarketing.beans.Identifier>
    <id>8a7d5e23-da1e-420a-b4f0-471e7da8ea2d</id>
    <assetName>content.ff462f88-d9e1-4d31-b084-b73cb61976d3</assetName>
    <assetType>contentlet</assetType>
    <parentPath>/</parentPath>
    <hostId>SYSTEM_HOST</hostId>
  </com.dotmarketing.beans.Identifier>
  <com.dotmarketing.beans.Identifier>
    <id>966b5b13-f033-4909-9a31-290880750a00</id>
    <assetName>folder1</assetName>
    <assetType>folder</assetType>
    <parentPath>/</parentPath>
    <hostId>8a7d5e23-da1e-420a-b4f0-471e7da8ea2d</hostId>
  </com.dotmarketing.beans.Identifier>
  <com.dotmarketing.beans.Identifier>
    <id>dff080d8-ce39-4849-b42f-16ab329f6bbd</id>
    <assetName>content.f5a3b777-0b2f-4d12-9734-808566e962e3</assetName>
    <assetType>contentlet</assetType>
    <parentPath>/</parentPath>
    <hostId>8a7d5e23-da1e-420a-b4f0-471e7da8ea2d</hostId>
  </com.dotmarketing.beans.Identifier>
  <com.dotmarketing.beans.Identifier>
    <id>SYSTEM_HOST</id>
    <assetName>system host</assetName>
    <assetType>contentlet</assetType>
    <parentPath>/</parentPath>
    <hostId>SYSTEM_HOST</hostId>
  </com.dotmarketing.beans.Identifier>
  <com.dotmarketing.beans.Identifier>
    <id>1476ad00-8bd5-4e19-8c07-5e61c19180d6</id>
    <assetName>bulbasaur.jpeg</assetName>
    <assetType>contentlet</assetType>
    <parentPath>/folder1/</parentPath>
    <hostId>8a7d5e23-da1e-420a-b4f0-471e7da8ea2d</hostId>
  </com.dotmarketing.beans.Identifier>
  <com.dotmarketing.beans.Identifier>
    <id>70cf20e7-377f-4e0b-9123-7e23e580e2bc</id>
    <assetName>charmander.jpeg</assetName>
    <assetType>contentlet</assetType>
    <parentPath>/folder1/</parentPath>
    <hostId>8a7d5e23-da1e-420a-b4f0-471e7da8ea2d</hostId>
  </com.dotmarketing.beans.Identifier>
  <com.dotmarketing.beans.Identifier>
    <id>9b11aab6-e06a-49a0-91fa-3b5b9b890036</id>
    <assetName>folder2</assetName>
    <assetType>folder</assetType>
    <parentPath>/folder1/</parentPath>
    <hostId>8a7d5e23-da1e-420a-b4f0-471e7da8ea2d</hostId>
  </com.dotmarketing.beans.Identifier>
  <com.dotmarketing.beans.Identifier>
    <id>64138e08-c9ba-4360-b92a-15f03c6a23db</id>
    <assetName>squirtle.jpeg</assetName>
    <assetType>contentlet</assetType>
    <parentPath>/folder1/folder2/</parentPath>
    <hostId>8a7d5e23-da1e-420a-b4f0-471e7da8ea2d</hostId>
  </com.dotmarketing.beans.Identifier>
  <com.dotmarketing.beans.Identifier>
    <id>c9a3402e-d912-4d8c-9789-98fda737904d</id>
    <assetName>pikachu.jpeg</assetName>
    <assetType>contentlet</assetType>
    <parentPath>/folder1/folder2/</parentPath>
    <hostId>8a7d5e23-da1e-420a-b4f0-471e7da8ea2d</hostId>
  </com.dotmarketing.beans.Identifier>
  <com.dotmarketing.beans.Identifier>
    <id>bc9a1d37-dd2d-4d49-a29d-0c9be740bfaf</id>
    <assetName>system folder</assetName>
    <assetType>folder</assetType>
    <parentPath>/System folder</parentPath>
    <hostId>SYSTEM_HOST</hostId>
  </com.dotmarketing.beans.Identifier>
</list>