<list>
  <com.dotmarketing.beans.Permission>
    <id>5</id>
    <inode>4958588d-9c8e-40e4-bfcb-4ded40bd099f</inode>
    <roleId>c3eb4526-6d96-48d8-9540-e5fa560cfc0f</roleId>
    <permission>1</permission>
    <isBitPermission>false</isBitPermission>
    <type>individual</type>
  </com.dotmarketing.beans.Permission>
  <com.dotmarketing.beans.Permission>
    <id>14</id>
    <inode>000ec468-0a63-4283-beb7-fcb36c107b2f</inode>
    <roleId>c3eb4526-6d96-48d8-9540-e5fa560cfc0f</roleId>
    <permission>1</permission>
    <isBitPermission>false</isBitPermission>
    <type>individual</type>
  </com.dotmarketing.beans.Permission>
  <com.dotmarketing.beans.Permission>
    <id>15</id>
    <inode>134a50d3-782d-43de-8877-42c0be1c86a4</inode>
    <roleId>617f7300-5c7b-463f-9554-380b918520bc</roleId>
    <permission>1</permission>
    <isBitPermission>false</isBitPermission>
    <type>individual</type>
  </com.dotmarketing.beans.Permission>
  <com.dotmarketing.beans.Permission>
    <id>23</id>
    <inode>SYSTEM_HOST</inode>
    <roleId>654b0931-1027-41f7-ad4d-173115ed8ec1</roleId>
    <permission>1</permission>
    <isBitPermission>false</isBitPermission>
    <type>com.dotmarketing.beans.Host</type>
  </com.dotmarketing.beans.Permission>
  <com.dotmarketing.beans.Permission>
    <id>24</id>
    <inode>SYSTEM_HOST</inode>
    <roleId>654b0931-1027-41f7-ad4d-173115ed8ec1</roleId>
    <permission>1</permission>
    <isBitPermission>false</isBitPermission>
    <type>com.dotmarketing.portlets.folders.model.Folder</type>
  </com.dotmarketing.beans.Permission>
  <com.dotmarketing.beans.Permission>
    <id>25</id>
    <inode>SYSTEM_HOST</inode>
    <roleId>654b0931-1027-41f7-ad4d-173115ed8ec1</roleId>
    <permission>1</permission>
    <isBitPermission>false</isBitPermission>
    <type>com.dotmarketing.portlets.links.model.Link</type>
  </com.dotmarketing.beans.Permission>
  <com.dotmarketing.beans.Permission>
    <id>26</id>
    <inode>SYSTEM_HOST</inode>
    <roleId>654b0931-1027-41f7-ad4d-173115ed8ec1</roleId>
    <permission>1</permission>
    <isBitPermission>false</isBitPermission>
    <type>com.dotmarketing.portlets.contentlet.model.Contentlet</type>
  </com.dotmarketing.beans.Permission>
  <com.dotmarketing.beans.Permission>
    <id>27</id>
    <inode>SYSTEM_HOST</inode>
    <roleId>654b0931-1027-41f7-ad4d-173115ed8ec1</roleId>
    <permission>1</permission>
    <isBitPermission>false</isBitPermission>
    <type>com.dotmarketing.portlets.htmlpageasset.model.IHTMLPage</type>
  </com.dotmarketing.beans.Permission>
  <com.dotmarketing.beans.Permission>
    <id>28</id>
    <inode>SYSTEM_HOST</inode>
    <roleId>654b0931-1027-41f7-ad4d-173115ed8ec1</roleId>
    <permission>1</permission>
    <isBitPermission>false</isBitPermission>
    <type>com.dotmarketing.portlets.structure.model.Structure</type>
  </com.dotmarketing.beans.Permission>
  <com.dotmarketing.beans.Permission>
    <id>29</id>
    <inode>SYSTEM_HOST</inode>
    <roleId>654b0931-1027-41f7-ad4d-173115ed8ec1</roleId>
    <permission>1</permission>
    <isBitPermission>false</isBitPermission>
    <type>com.dotmarketing.portlets.categories.model.Category</type>
  </com.dotmarketing.beans.Permission>
  <com.dotmarketing.beans.Permission>
    <id>30</id>
    <inode>4da13a42-5d59-480c-ad8f-94a3adf809fe</inode>
    <roleId>617f7300-5c7b-463f-9554-380b918520bc</roleId>
    <permission>1</permission>
    <isBitPermission>false</isBitPermission>
    <type>individual</type>
  </com.dotmarketing.beans.Permission>
  <com.dotmarketing.beans.Permission>
    <id>31</id>
    <inode>963f6a04-5320-42e7-ab74-6d876d199946</inode>
    <roleId>654b0931-1027-41f7-ad4d-173115ed8ec1</roleId>
    <permission>1</permission>
    <isBitPermission>false</isBitPermission>
    <type>individual</type>
  </com.dotmarketing.beans.Permission>
  <com.dotmarketing.beans.Permission>
    <id>32</id>
    <inode>777f1c6b-c877-4a37-ba4b-10627316c2cc</inode>
    <roleId>c3eb4526-6d96-48d8-9540-e5fa560cfc0f</roleId>
    <permission>1</permission>
    <isBitPermission>false</isBitPermission>
    <type>individual</type>
  </com.dotmarketing.beans.Permission>
  <com.dotmarketing.beans.Permission>
    <id>33</id>
    <inode>1e0f1c6b-b67f-4c99-983d-db2b4bfa88b2</inode>
    <roleId>c3eb4526-6d96-48d8-9540-e5fa560cfc0f</roleId>
    <permission>1</permission>
    <isBitPermission>false</isBitPermission>
    <type>individual</type>
  </com.dotmarketing.beans.Permission>
  <com.dotmarketing.beans.Permission>
    <id>34</id>
    <inode>b9d89c80-3d88-4311-8365-187323c96436</inode>
    <roleId>c3eb4526-6d96-48d8-9540-e5fa560cfc0f</roleId>
    <permission>1</permission>
    <isBitPermission>false</isBitPermission>
    <type>individual</type>
  </com.dotmarketing.beans.Permission>
  <com.dotmarketing.beans.Permission>
    <id>35</id>
    <inode>ceca71a0-deee-4999-bd47-b01baa1bcfc8</inode>
    <roleId>617f7300-5c7b-463f-9554-380b918520bc</roleId>
    <permission>1</permission>
    <isBitPermission>false</isBitPermission>
    <type>individual</type>
  </com.dotmarketing.beans.Permission>
  <com.dotmarketing.beans.Permission>
    <id>36</id>
    <inode>c92f9aa1-9503-4567-ac30-d3242b54d02d</inode>
    <roleId>617f7300-5c7b-463f-9554-380b918520bc</roleId>
    <permission>1</permission>
    <isBitPermission>false</isBitPermission>
    <type>individual</type>
  </com.dotmarketing.beans.Permission>
  <com.dotmarketing.beans.Permission>
    <id>37</id>
    <inode>38efc763-d78f-4e4b-b092-59cd8c579b93</inode>
    <roleId>c3eb4526-6d96-48d8-9540-e5fa560cfc0f</roleId>
    <permission>1</permission>
    <isBitPermission>false</isBitPermission>
    <type>individual</type>
  </com.dotmarketing.beans.Permission>
</list>