<list>
  <com.dotmarketing.portlets.contentlet.business.Contentlet>
    <iDate class="sql-timestamp">2020-09-22 18:05:47.67</iDate>
    <type>contentlet</type>
    <owner>dotcms.org.1</owner>
    <inode>fff25072-e87d-4da8-ab20-908a7502d657</inode>
    <identifier>5305cf92-4bc8-4142-af54-9372b4f61b0c</identifier>
    <source>DB</source>
    <title>Test Content 8379</title>
    <friendlyName>Test Content 8379</friendlyName>
    <modDate class="sql-timestamp">2020-09-22 18:05:47.683</modDate>
    <modUser>dotcms.org.1</modUser>
    <sortOrder>0</sortOrder>
    <showOnMenu>false</showOnMenu>
    <fAPI class="com.dotmarketing.portlets.structure.business.FieldAPIImpl"/>
    <structureInode>2a3e91e4-fbbf-4876-8c5b-2233c1739b05</structureInode>
    <languageId>1</languageId>
    <text1>Test Content 8379</text1>
    <text__area1>&lt;p&gt;Wow that impassive ostrich regally blushed apart from this tough capybara. Yikes the morbid emu hardheadedly underlay instead of one paradoxical gull. Crud that trout is more paternal than the fractious human.&lt;/p&gt;&lt;p&gt;Umm some bald eagle is much less insincere than one tepid wolverine. Hey some poor caterpillar agitatedly bent preparatory to some humane Labrador. Ah an armadillo is far more equal than this experimental emu.&lt;/p&gt;&lt;p&gt;Jeez this indistinct cassowary ambidextrously undid aboard one notable gnu. Dear me an elaborate anteater diabolically froze as to the dreadful wombat. Oh my an awful meadowlark funnily slew contrary to one inarticulate rhinoceros.&lt;/p&gt;&lt;p&gt;Dear me this oriole is far less immense than this gradual Labrador. Jeepers this inimical komodo dragon maternally cowered beneath the capable kangaroo. Hmm the emu is far more empiric than the infuriating cow.&lt;/p&gt;&lt;p&gt;Jeepers some narrow anteater bawdily knelt other than one reliable parrot. Hmm a salamander is far more noble than some queer rat. Umm one dull mallard tentatively wedded in lieu of this sexual frog.&lt;/p&gt;</text__area1>
    <integer1>0</integer1>
    <integer2>0</integer2>
    <integer3>0</integer3>
    <integer4>0</integer4>
    <integer5>0</integer5>
    <integer6>0</integer6>
    <integer7>0</integer7>
    <integer8>0</integer8>
    <integer9>0</integer9>
    <integer10>0</integer10>
    <integer11>0</integer11>
    <integer12>0</integer12>
    <integer13>0</integer13>
    <integer14>0</integer14>
    <integer15>0</integer15>
    <integer16>0</integer16>
    <integer17>0</integer17>
    <integer18>0</integer18>
    <integer19>0</integer19>
    <integer20>0</integer20>
    <integer21>0</integer21>
    <integer22>0</integer22>
    <integer23>0</integer23>
    <integer24>0</integer24>
    <integer25>0</integer25>
    <float1>0.0</float1>
    <float2>0.0</float2>
    <float3>0.0</float3>
    <float4>0.0</float4>
    <float5>0.0</float5>
    <float6>0.0</float6>
    <float7>0.0</float7>
    <float8>0.0</float8>
    <float9>0.0</float9>
    <float10>0.0</float10>
    <float11>0.0</float11>
    <float12>0.0</float12>
    <float13>0.0</float13>
    <float14>0.0</float14>
    <float15>0.0</float15>
    <float16>0.0</float16>
    <float17>0.0</float17>
    <float18>0.0</float18>
    <float19>0.0</float19>
    <float20>0.0</float20>
    <float21>0.0</float21>
    <float22>0.0</float22>
    <float23>0.0</float23>
    <float24>0.0</float24>
    <float25>0.0</float25>
    <bool1>false</bool1>
    <bool2>false</bool2>
    <bool3>false</bool3>
    <bool4>false</bool4>
    <bool5>false</bool5>
    <bool6>false</bool6>
    <bool7>false</bool7>
    <bool8>false</bool8>
    <bool9>false</bool9>
    <bool10>false</bool10>
    <bool11>false</bool11>
    <bool12>false</bool12>
    <bool13>false</bool13>
    <bool14>false</bool14>
    <bool15>false</bool15>
    <bool16>false</bool16>
    <bool17>false</bool17>
    <bool18>false</bool18>
    <bool19>false</bool19>
    <bool20>false</bool20>
    <bool21>false</bool21>
    <bool22>false</bool22>
    <bool23>false</bool23>
    <bool24>false</bool24>
    <bool25>false</bool25>
  </com.dotmarketing.portlets.contentlet.business.Contentlet>
  <com.dotmarketing.portlets.contentlet.business.Contentlet>
    <iDate class="sql-timestamp">2020-09-22 18:04:29.216</iDate>
    <type>contentlet</type>
    <owner>dotcms.org.1</owner>
    <inode>ffe1fcf3-42e5-44cb-b3c8-6c3cdfb98a47</inode>
    <identifier>24fd08f0-a95d-4b4c-a358-527bd53e08d1</identifier>
    <source>DB</source>
    <title>Test Content 7402</title>
    <friendlyName>Test Content 7402</friendlyName>
    <modDate class="sql-timestamp">2020-09-22 18:04:29.24</modDate>
    <modUser>dotcms.org.1</modUser>
    <sortOrder>0</sortOrder>
    <showOnMenu>false</showOnMenu>
    <fAPI class="com.dotmarketing.portlets.structure.business.FieldAPIImpl" reference="../../com.dotmarketing.portlets.contentlet.business.Contentlet/fAPI"/>
    <structureInode>2a3e91e4-fbbf-4876-8c5b-2233c1739b05</structureInode>
    <languageId>1</languageId>
    <text1>Test Content 7402</text1>
    <text__area1>&lt;p&gt;Dear me the aardvark is less kindhearted than this bland tapir. Darn the rat is much more reasonable than one vicarious kiwi. Well one licentious ferret inescapably muttered close to this thoughtful firefly.&lt;/p&gt;&lt;p&gt;Hey that gull is far more secure than that feverish mandrill. Crud that raccoon is much less celestial than a graceful dove. Eh a stolid quetzal poutingly did beside a shortsighted ostrich.&lt;/p&gt;&lt;p&gt;Um some badger is less witty than one avoidable otter. Jeez some uncritical giraffe turbulently cowered amidst some effortless honey bee. Ah some hilarious jellyfish salaciously swore save this grateful iguanodon.&lt;/p&gt;&lt;p&gt;Hey one expansive bee stringently bore barring the insane woolly mammoth. Crud one noble unicorn sheepishly fought as that certain sloth. Hey the cantankerous beaver madly exited away from that unique antelope.&lt;/p&gt;&lt;p&gt;Hmm one simple hummingbird forlornly grouped amidst one successful lion. Ouch some immediate owl kindheartedly held opposite to one incredible mandrill. Ouch that vulture is more whimsical than this breezy rabbit.&lt;/p&gt;</text__area1>
    <integer1>0</integer1>
    <integer2>0</integer2>
    <integer3>0</integer3>
    <integer4>0</integer4>
    <integer5>0</integer5>
    <integer6>0</integer6>
    <integer7>0</integer7>
    <integer8>0</integer8>
    <integer9>0</integer9>
    <integer10>0</integer10>
    <integer11>0</integer11>
    <integer12>0</integer12>
    <integer13>0</integer13>
    <integer14>0</integer14>
    <integer15>0</integer15>
    <integer16>0</integer16>
    <integer17>0</integer17>
    <integer18>0</integer18>
    <integer19>0</integer19>
    <integer20>0</integer20>
    <integer21>0</integer21>
    <integer22>0</integer22>
    <integer23>0</integer23>
    <integer24>0</integer24>
    <integer25>0</integer25>
    <float1>0.0</float1>
    <float2>0.0</float2>
    <float3>0.0</float3>
    <float4>0.0</float4>
    <float5>0.0</float5>
    <float6>0.0</float6>
    <float7>0.0</float7>
    <float8>0.0</float8>
    <float9>0.0</float9>
    <float10>0.0</float10>
    <float11>0.0</float11>
    <float12>0.0</float12>
    <float13>0.0</float13>
    <float14>0.0</float14>
    <float15>0.0</float15>
    <float16>0.0</float16>
    <float17>0.0</float17>
    <float18>0.0</float18>
    <float19>0.0</float19>
    <float20>0.0</float20>
    <float21>0.0</float21>
    <float22>0.0</float22>
    <float23>0.0</float23>
    <float24>0.0</float24>
    <float25>0.0</float25>
    <bool1>false</bool1>
    <bool2>false</bool2>
    <bool3>false</bool3>
    <bool4>false</bool4>
    <bool5>false</bool5>
    <bool6>false</bool6>
    <bool7>false</bool7>
    <bool8>false</bool8>
    <bool9>false</bool9>
    <bool10>false</bool10>
    <bool11>false</bool11>
    <bool12>false</bool12>
    <bool13>false</bool13>
    <bool14>false</bool14>
    <bool15>false</bool15>
    <bool16>false</bool16>
    <bool17>false</bool17>
    <bool18>false</bool18>
    <bool19>false</bool19>
    <bool20>false</bool20>
    <bool21>false</bool21>
    <bool22>false</bool22>
    <bool23>false</bool23>
    <bool24>false</bool24>
    <bool25>false</bool25>
  </com.dotmarketing.portlets.contentlet.business.Contentlet>
  <com.dotmarketing.portlets.contentlet.business.Contentlet>
    <iDate class="sql-timestamp">2020-09-22 17:58:33.352</iDate>
    <type>contentlet</type>
    <owner>dotcms.org.1</owner>
    <inode>ffe635e1-190e-48d2-908e-7cdfb7590b3b</inode>
    <identifier>57052b58-447b-41c6-8c8b-75325bf1e525</identifier>
    <source>DB</source>
    <title>Test Content 4096</title>
    <friendlyName>Test Content 4096</friendlyName>
    <modDate class="sql-timestamp">2020-09-22 17:58:33.366</modDate>
    <modUser>dotcms.org.1</modUser>
    <sortOrder>0</sortOrder>
    <showOnMenu>false</showOnMenu>
    <fAPI class="com.dotmarketing.portlets.structure.business.FieldAPIImpl" reference="../../com.dotmarketing.portlets.contentlet.business.Contentlet/fAPI"/>
    <structureInode>2a3e91e4-fbbf-4876-8c5b-2233c1739b05</structureInode>
    <languageId>1</languageId>
    <text1>Test Content 4096</text1>
    <text__area1>&lt;p&gt;Uh this panda is far less convenient than this laborious gerbil. Crud this oriole is far less euphemistic than one scornful vulture. Darn this bombastic oriole safely hit without some resigned woodpecker.&lt;/p&gt;&lt;p&gt;Wow this unique earthworm visually resold amongst an irritable insect. Hello some complacent guinea pig flexibly clung up against a grudging heron. Ouch this crane is much more tight than one elusive oyster.&lt;/p&gt;&lt;p&gt;Goodness an unique dachshund poorly moaned underneath some dainty manta ray. Oh some lantern fish is far less complete than a skeptic dragonfly. Hey that quizzical cuckoo stealthily overran until some snug cow.&lt;/p&gt;&lt;p&gt;Darn this ocelot is less qualitative than one funny manta ray. Oh my a shark is much less significant than some ruthless woodchuck. Hi one eager scorpion liberally inset considering that fractious cobra.&lt;/p&gt;&lt;p&gt;Eh that emotional wolf slatternly drooled following that grimy jaguar. Hello some goldfish is more vain than one annoying gorilla. Wow one ocelot is more legitimate than one dark owl.&lt;/p&gt;</text__area1>
    <integer1>0</integer1>
    <integer2>0</integer2>
    <integer3>0</integer3>
    <integer4>0</integer4>
    <integer5>0</integer5>
    <integer6>0</integer6>
    <integer7>0</integer7>
    <integer8>0</integer8>
    <integer9>0</integer9>
    <integer10>0</integer10>
    <integer11>0</integer11>
    <integer12>0</integer12>
    <integer13>0</integer13>
    <integer14>0</integer14>
    <integer15>0</integer15>
    <integer16>0</integer16>
    <integer17>0</integer17>
    <integer18>0</integer18>
    <integer19>0</integer19>
    <integer20>0</integer20>
    <integer21>0</integer21>
    <integer22>0</integer22>
    <integer23>0</integer23>
    <integer24>0</integer24>
    <integer25>0</integer25>
    <float1>0.0</float1>
    <float2>0.0</float2>
    <float3>0.0</float3>
    <float4>0.0</float4>
    <float5>0.0</float5>
    <float6>0.0</float6>
    <float7>0.0</float7>
    <float8>0.0</float8>
    <float9>0.0</float9>
    <float10>0.0</float10>
    <float11>0.0</float11>
    <float12>0.0</float12>
    <float13>0.0</float13>
    <float14>0.0</float14>
    <float15>0.0</float15>
    <float16>0.0</float16>
    <float17>0.0</float17>
    <float18>0.0</float18>
    <float19>0.0</float19>
    <float20>0.0</float20>
    <float21>0.0</float21>
    <float22>0.0</float22>
    <float23>0.0</float23>
    <float24>0.0</float24>
    <float25>0.0</float25>
    <bool1>false</bool1>
    <bool2>false</bool2>
    <bool3>false</bool3>
    <bool4>false</bool4>
    <bool5>false</bool5>
    <bool6>false</bool6>
    <bool7>false</bool7>
    <bool8>false</bool8>
    <bool9>false</bool9>
    <bool10>false</bool10>
    <bool11>false</bool11>
    <bool12>false</bool12>
    <bool13>false</bool13>
    <bool14>false</bool14>
    <bool15>false</bool15>
    <bool16>false</bool16>
    <bool17>false</bool17>
    <bool18>false</bool18>
    <bool19>false</bool19>
    <bool20>false</bool20>
    <bool21>false</bool21>
    <bool22>false</bool22>
    <bool23>false</bool23>
    <bool24>false</bool24>
    <bool25>false</bool25>
  </com.dotmarketing.portlets.contentlet.business.Contentlet>
  <com.dotmarketing.portlets.contentlet.business.Contentlet>
    <iDate class="sql-timestamp">2020-09-22 17:55:52.614</iDate>
    <type>contentlet</type>
    <owner>dotcms.org.1</owner>
    <inode>ffe65bd3-297b-43d5-92c7-ab8a42edc54c</inode>
    <identifier>6c9f11b9-b376-4922-9b8c-8760bc952653</identifier>
    <source>DB</source>
    <title>Test Content 1998</title>
    <friendlyName>Test Content 1998</friendlyName>
    <modDate class="sql-timestamp">2020-09-22 17:55:52.627</modDate>
    <modUser>dotcms.org.1</modUser>
    <sortOrder>0</sortOrder>
    <showOnMenu>false</showOnMenu>
    <fAPI class="com.dotmarketing.portlets.structure.business.FieldAPIImpl" reference="../../com.dotmarketing.portlets.contentlet.business.Contentlet/fAPI"/>
    <structureInode>2a3e91e4-fbbf-4876-8c5b-2233c1739b05</structureInode>
    <languageId>1</languageId>
    <text1>Test Content 1998</text1>
    <text__area1>&lt;p&gt;Gosh some grievous badger truly oversaw inside an obdurate honey bee. Well the meager emu idiotically mumbled including this reproachful dog. Er one bluebird is much more obscure than this wearisome buffalo.&lt;/p&gt;&lt;p&gt;Dear me one generous wildebeest implacably unlocked near that amicable macaw. Uh the atrocious capybara talkatively slew contrary to one explicit robin. Ouch the courteous squirrel tacitly shuffled together with some hellish goldfish.&lt;/p&gt;&lt;p&gt;Hi one wild hummingbird unexplainably twitched in front of a reserved cat. Yikes this concrete beaver tamely mounted off some aristocratic grizzly bear. Well this intrepid guinea pig conveniently scowled past one execrable octopus.&lt;/p&gt;&lt;p&gt;Oh my the wasp is much less festive than one meek reindeer. Yikes some flexible eel capriciously hit on top of the unproductive chameleon. Crud one jaguar is less anticipative than that unexplainable limpet.&lt;/p&gt;&lt;p&gt;Well the goldfish is far less flimsy than one eminent caribou. Hello this strict mandrill adequately upheld thanks to a barbarous tiger. Ah some toucan is far less witty than a winsome vulture.&lt;/p&gt;</text__area1>
    <integer1>0</integer1>
    <integer2>0</integer2>
    <integer3>0</integer3>
    <integer4>0</integer4>
    <integer5>0</integer5>
    <integer6>0</integer6>
    <integer7>0</integer7>
    <integer8>0</integer8>
    <integer9>0</integer9>
    <integer10>0</integer10>
    <integer11>0</integer11>
    <integer12>0</integer12>
    <integer13>0</integer13>
    <integer14>0</integer14>
    <integer15>0</integer15>
    <integer16>0</integer16>
    <integer17>0</integer17>
    <integer18>0</integer18>
    <integer19>0</integer19>
    <integer20>0</integer20>
    <integer21>0</integer21>
    <integer22>0</integer22>
    <integer23>0</integer23>
    <integer24>0</integer24>
    <integer25>0</integer25>
    <float1>0.0</float1>
    <float2>0.0</float2>
    <float3>0.0</float3>
    <float4>0.0</float4>
    <float5>0.0</float5>
    <float6>0.0</float6>
    <float7>0.0</float7>
    <float8>0.0</float8>
    <float9>0.0</float9>
    <float10>0.0</float10>
    <float11>0.0</float11>
    <float12>0.0</float12>
    <float13>0.0</float13>
    <float14>0.0</float14>
    <float15>0.0</float15>
    <float16>0.0</float16>
    <float17>0.0</float17>
    <float18>0.0</float18>
    <float19>0.0</float19>
    <float20>0.0</float20>
    <float21>0.0</float21>
    <float22>0.0</float22>
    <float23>0.0</float23>
    <float24>0.0</float24>
    <float25>0.0</float25>
    <bool1>false</bool1>
    <bool2>false</bool2>
    <bool3>false</bool3>
    <bool4>false</bool4>
    <bool5>false</bool5>
    <bool6>false</bool6>
    <bool7>false</bool7>
    <bool8>false</bool8>
    <bool9>false</bool9>
    <bool10>false</bool10>
    <bool11>false</bool11>
    <bool12>false</bool12>
    <bool13>false</bool13>
    <bool14>false</bool14>
    <bool15>false</bool15>
    <bool16>false</bool16>
    <bool17>false</bool17>
    <bool18>false</bool18>
    <bool19>false</bool19>
    <bool20>false</bool20>
    <bool21>false</bool21>
    <bool22>false</bool22>
    <bool23>false</bool23>
    <bool24>false</bool24>
    <bool25>false</bool25>
  </com.dotmarketing.portlets.contentlet.business.Contentlet>
</list>