<list>
  <com.dotmarketing.beans.Identifier>
    <id>fff1a517-65c6-4107-9fe9-22387cb5f605</id>
    <assetName>content.e91c8354-9ace-4a6f-91b4-4ee27f936002</assetName>
    <assetType>contentlet</assetType>
    <parentPath>/</parentPath>
    <hostId>8a7d5e23-da1e-420a-b4f0-471e7da8ea2d</hostId>
  </com.dotmarketing.beans.Identifier>
  <com.dotmarketing.beans.Identifier>
    <id>fff51365-282d-48a8-9a27-56d162258de5</id>
    <assetName>content.6becb4e0-b2ac-4f3b-814e-7f6adf61d118</assetName>
    <assetType>contentlet</assetType>
    <parentPath>/</parentPath>
    <hostId>8a7d5e23-da1e-420a-b4f0-471e7da8ea2d</hostId>
  </com.dotmarketing.beans.Identifier>
  <com.dotmarketing.beans.Identifier>
    <id>bc9a1d37-dd2d-4d49-a29d-0c9be740bfaf</id>
    <assetName>system folder</assetName>
    <assetType>folder</assetType>
    <parentPath>/System folder</parentPath>
    <hostId>SYSTEM_HOST</hostId>
  </com.dotmarketing.beans.Identifier>
</list>