<list>
  <com.dotmarketing.portlets.contentlet.model.ContentletVersionInfo>
    <identifier>fff1a517-65c6-4107-9fe9-22387cb5f605</identifier>
    <liveInode>e91c8354-9ace-4a6f-91b4-4ee27f936002</liveInode>
    <workingInode>e91c8354-9ace-4a6f-91b4-4ee27f936002</workingInode>
    <lockedOn class="sql-timestamp">2020-09-22 17:56:30.92</lockedOn>
    <deleted>false</deleted>
    <versionTs class="sql-timestamp">2020-09-22 17:56:30.979</versionTs>
    <lang>1</lang>
  </com.dotmarketing.portlets.contentlet.model.ContentletVersionInfo>
  <com.dotmarketing.portlets.contentlet.model.ContentletVersionInfo>
    <identifier>fff51365-282d-48a8-9a27-56d162258de5</identifier>
    <liveInode>6becb4e0-b2ac-4f3b-814e-7f6adf61d118</liveInode>
    <workingInode>6becb4e0-b2ac-4f3b-814e-7f6adf61d118</workingInode>
    <lockedOn class="sql-timestamp">2020-09-22 18:00:08.305</lockedOn>
    <deleted>false</deleted>
    <versionTs class="sql-timestamp">2020-09-22 18:00:08.378</versionTs>
    <lang>1</lang>
  </com.dotmarketing.portlets.contentlet.model.ContentletVersionInfo>
</list>