<list>
  <com.dotmarketing.portlets.containers.model.Container>
    <iDate class="sql-timestamp">2021-05-10 22:35:03.834</iDate>
    <type>containers</type>
    <inode>dffffacc-a5c9-4fd8-a6c4-721b6be15290</inode>
    <identifier>46692a75-2724-4992-964f-7389f7e8e010</identifier>
    <source>DB</source>
    <title>Container1</title>
    <friendlyName>Container1 description</friendlyName>
    <modDate class="sql-timestamp">2021-05-10 22:35:03.861</modDate>
    <modUser>dotcms.org.1</modUser>
    <sortOrder>0</sortOrder>
    <showOnMenu>false</showOnMenu>
    <code></code>
    <maxContentlets>20</maxContentlets>
    <useDiv>false</useDiv>
    <sortContentletsBy></sortContentletsBy>
    <preLoop>&lt;strong&gt;Pre Loop - Container1&lt;/strong&gt;</preLoop>
    <postLoop>&lt;br/&gt;&#xd;
&lt;strong&gt;Post Loop - Container1&lt;/strong&gt;</postLoop>
    <staticify>false</staticify>
    <luceneQuery></luceneQuery>
    <notes>Container1 notes.</notes>
  </com.dotmarketing.portlets.containers.model.Container>
  <com.dotmarketing.portlets.containers.model.Container>
    <iDate class="sql-timestamp">2021-05-10 22:31:44.34</iDate>
    <type>containers</type>
    <inode>79c6625c-10f5-4a36-95e0-7d352da54a18</inode>
    <identifier>46692a75-2724-4992-964f-7389f7e8e010</identifier>
    <source>DB</source>
    <title>Container1</title>
    <friendlyName>Container1 description</friendlyName>
    <modDate class="sql-timestamp">2021-05-10 22:31:44.367</modDate>
    <modUser>dotcms.org.1</modUser>
    <sortOrder>0</sortOrder>
    <showOnMenu>false</showOnMenu>
    <code></code>
    <maxContentlets>20</maxContentlets>
    <useDiv>false</useDiv>
    <sortContentletsBy></sortContentletsBy>
    <preLoop>&lt;strong&gt;Pre Loop - Container1&lt;/strong&gt;</preLoop>
    <postLoop>&lt;br/&gt;&#xd;
&lt;strong&gt;Post Loop - Container1&lt;/strong&gt;</postLoop>
    <staticify>false</staticify>
    <luceneQuery></luceneQuery>
    <notes>Container1 notes.</notes>
  </com.dotmarketing.portlets.containers.model.Container>
  <com.dotmarketing.portlets.containers.model.Container>
    <iDate class="sql-timestamp">2021-05-10 22:31:00.675</iDate>
    <type>containers</type>
    <inode>e5b9251f-e571-4ec8-a6c4-20db9e8378f7</inode>
    <identifier>46692a75-2724-4992-964f-7389f7e8e010</identifier>
    <source>DB</source>
    <title>Container1</title>
    <friendlyName>Container1 description</friendlyName>
    <modDate class="sql-timestamp">2021-05-10 22:31:00.698</modDate>
    <modUser>dotcms.org.1</modUser>
    <sortOrder>0</sortOrder>
    <showOnMenu>false</showOnMenu>
    <code></code>
    <maxContentlets>20</maxContentlets>
    <useDiv>false</useDiv>
    <sortContentletsBy></sortContentletsBy>
    <preLoop>&lt;strong&gt;Pre Loop - Container1&lt;/strong&gt;</preLoop>
    <postLoop>&lt;strong&gt;Post Loop - Container1&lt;/strong&gt;</postLoop>
    <staticify>false</staticify>
    <luceneQuery></luceneQuery>
    <notes>Container1 notes.</notes>
  </com.dotmarketing.portlets.containers.model.Container>
  <com.dotmarketing.portlets.containers.model.Container>
    <iDate class="sql-timestamp">2021-05-10 21:23:33.041</iDate>
    <type>containers</type>
    <inode>1532eeb2-971a-47ec-b2b3-a9a85cf8beaf</inode>
    <identifier>46692a75-2724-4992-964f-7389f7e8e010</identifier>
    <source>DB</source>
    <title>Container1</title>
    <friendlyName>Container1 description</friendlyName>
    <modDate class="sql-timestamp">2021-05-10 21:23:33.064</modDate>
    <modUser>dotcms.org.1</modUser>
    <sortOrder>0</sortOrder>
    <showOnMenu>false</showOnMenu>
    <code></code>
    <maxContentlets>20</maxContentlets>
    <useDiv>false</useDiv>
    <sortContentletsBy></sortContentletsBy>
    <preLoop>&lt;h1&gt;Pre Loop - Container1&lt;/h1&gt;</preLoop>
    <postLoop>&lt;h1&gt;Post Loop - Container1&lt;/h1&gt;</postLoop>
    <staticify>false</staticify>
    <luceneQuery></luceneQuery>
    <notes>Container1 notes.</notes>
  </com.dotmarketing.portlets.containers.model.Container>
  <com.dotmarketing.portlets.containers.model.Container>
    <iDate class="sql-timestamp">2021-05-10 21:22:58.972</iDate>
    <type>containers</type>
    <inode>8b9cc2a5-ecc9-42db-8794-754814dd6c81</inode>
    <identifier>46692a75-2724-4992-964f-7389f7e8e010</identifier>
    <source>DB</source>
    <title>Container1</title>
    <friendlyName>Container1 description</friendlyName>
    <modDate class="sql-timestamp">2021-05-10 21:22:58.998</modDate>
    <modUser>dotcms.org.1</modUser>
    <sortOrder>0</sortOrder>
    <showOnMenu>false</showOnMenu>
    <code></code>
    <maxContentlets>20</maxContentlets>
    <useDiv>false</useDiv>
    <sortContentletsBy></sortContentletsBy>
    <preLoop>&lt;h1&gt;Pre Loop - Container1&lt;/h1&gt;</preLoop>
    <postLoop>&lt;h1&gt;Post Loop - Container2&lt;/h1&gt;</postLoop>
    <staticify>false</staticify>
    <luceneQuery></luceneQuery>
    <notes>Container1 notes.</notes>
  </com.dotmarketing.portlets.containers.model.Container>
  <com.dotmarketing.portlets.containers.model.Container>
    <iDate class="sql-timestamp">2021-05-10 21:15:43.499</iDate>
    <type>containers</type>
    <inode>c4bb3344-4949-4983-b69b-d59d73c51e1d</inode>
    <identifier>46692a75-2724-4992-964f-7389f7e8e010</identifier>
    <source>DB</source>
    <title>Container1</title>
    <friendlyName>Container1 description</friendlyName>
    <modDate class="sql-timestamp">2021-05-10 21:15:43.581</modDate>
    <modUser>dotcms.org.1</modUser>
    <sortOrder>0</sortOrder>
    <showOnMenu>false</showOnMenu>
    <code></code>
    <maxContentlets>20</maxContentlets>
    <useDiv>false</useDiv>
    <sortContentletsBy></sortContentletsBy>
    <preLoop>&lt;h1&gt;Pre Loop&lt;/h1&gt;</preLoop>
    <postLoop>&lt;h1&gt;Post Loop&lt;/h1&gt;</postLoop>
    <staticify>false</staticify>
    <luceneQuery></luceneQuery>
    <notes>Container1 notes.</notes>
  </com.dotmarketing.portlets.containers.model.Container>
</list>