<list>
  <com.dotmarketing.portlets.templates.model.Template>
    <iDate class="sql-timestamp">2021-05-10 23:01:30.645</iDate>
    <type>template</type>
    <owner></owner>
    <inode>b84a8b34-a582-4afd-b91e-472a45d999bf</inode>
    <identifier>bddbec47-5a2b-40e8-b127-aec453976d0f</identifier>
    <source>DB</source>
    <title>anonymous_layout_1620687690645</title>
    <friendlyName></friendlyName>
    <modDate class="sql-timestamp">2021-05-10 23:01:30.671</modDate>
    <modUser>dotcms.org.1</modUser>
    <sortOrder>0</sortOrder>
    <showOnMenu>false</showOnMenu>
    <image></image>
    <drawed>true</drawed>
    <drawedBody>{&quot;header&quot;:true,&quot;footer&quot;:true,&quot;body&quot;:{&quot;rows&quot;:[{&quot;columns&quot;:[{&quot;containers&quot;:[{&quot;identifier&quot;:&quot;//default/application/containers/default/&quot;,&quot;uuid&quot;:&quot;1&quot;}],&quot;widthPercent&quot;:66,&quot;leftOffset&quot;:1,&quot;preview&quot;:false,&quot;width&quot;:8,&quot;left&quot;:0},{&quot;containers&quot;:[{&quot;identifier&quot;:&quot;//default/application/containers/default/&quot;,&quot;uuid&quot;:&quot;2&quot;}],&quot;widthPercent&quot;:33,&quot;leftOffset&quot;:9,&quot;preview&quot;:false,&quot;width&quot;:4,&quot;left&quot;:8}]},{&quot;columns&quot;:[{&quot;containers&quot;:[{&quot;identifier&quot;:&quot;//default/application/containers/default/&quot;,&quot;uuid&quot;:&quot;3&quot;}],&quot;widthPercent&quot;:100,&quot;leftOffset&quot;:1,&quot;preview&quot;:false,&quot;width&quot;:12,&quot;left&quot;:0}]},{&quot;columns&quot;:[{&quot;containers&quot;:[{&quot;identifier&quot;:&quot;//default/application/containers/default/&quot;,&quot;uuid&quot;:&quot;4&quot;}],&quot;widthPercent&quot;:50,&quot;leftOffset&quot;:1,&quot;styleClass&quot;:&quot;&quot;,&quot;preview&quot;:false,&quot;width&quot;:6,&quot;left&quot;:0},{&quot;containers&quot;:[{&quot;identifier&quot;:&quot;//default/application/containers/default/&quot;,&quot;uuid&quot;:&quot;5&quot;}],&quot;widthPercent&quot;:50,&quot;leftOffset&quot;:7,&quot;styleClass&quot;:&quot;&quot;,&quot;preview&quot;:false,&quot;width&quot;:6,&quot;left&quot;:6}]}]},&quot;sidebar&quot;:{&quot;containers&quot;:[],&quot;location&quot;:&quot;&quot;,&quot;width&quot;:&quot;small&quot;,&quot;widthPercent&quot;:20,&quot;preview&quot;:false}}</drawedBody>
    <theme>e59182be-ec42-4484-8539-332f27765349</theme>
  </com.dotmarketing.portlets.templates.model.Template>
  <com.dotmarketing.portlets.templates.model.Template>
    <iDate class="sql-timestamp">2021-05-10 22:51:09.787</iDate>
    <type>template</type>
    <inode>6d265d3e-e526-4a44-b11b-5f4063fdc53f</inode>
    <identifier>299986d3-0b8c-4436-9cb3-5f72aa471ea1</identifier>
    <source>DB</source>
    <title>Template designer2</title>
    <friendlyName>Template designer 2 description</friendlyName>
    <modDate class="sql-timestamp">2021-05-10 22:51:09.807</modDate>
    <modUser>dotcms.org.1</modUser>
    <sortOrder>0</sortOrder>
    <showOnMenu>true</showOnMenu>
    <body>&lt;html&gt;
 &lt;head&gt;
  #dotParse(&apos;//default/application/themes/theme1/html_head.vtl&apos;)
  &lt;link rel=&quot;stylesheet&quot; type=&quot;text/css&quot; href=&quot;/html/css/template/reset-fonts-grids.css&quot; /&gt;
 &lt;/head&gt;
 &lt;body&gt;
  &lt;div id=&quot;resp-template&quot; name=&quot;globalContainer&quot;&gt;
   &lt;div id=&quot;hd-template&quot;&gt;
    #dotParse(&apos;//default/application/themes/theme1/header.vtl&apos;)
   &lt;/div&gt;
   &lt;div id=&quot;bd-template&quot;&gt;
    &lt;div id=&quot;yui-main-template&quot;&gt;
     &lt;div class=&quot;yui-b-template&quot; id=&quot;splitBody0&quot;&gt;
      &lt;div class=&quot;yui-gc-template&quot; id=&quot;yui-gc-template&quot;&gt;
       &lt;div class=&quot;yui-u-template first&quot; id=&quot;0_yui-u-grid-1&quot;&gt;
        #parseContainer(&apos;/application/containers/default/&apos;,&apos;1620686515860&apos;)
       &lt;/div&gt;
       &lt;div class=&quot;yui-u-template&quot; id=&quot;0_yui-u-grid-2&quot;&gt;
        #parseContainer(&apos;/application/containers/default/&apos;,&apos;1620686520842&apos;)
       &lt;/div&gt;
      &lt;/div&gt;
     &lt;/div&gt;
    &lt;/div&gt;
   &lt;/div&gt;
   &lt;div id=&quot;ft-template&quot;&gt;
    #dotParse(&apos;//default/application/themes/theme1/footer.vtl&apos;)
   &lt;/div&gt;
  &lt;/div&gt;
 &lt;/body&gt;
&lt;/html&gt;</body>
    <image></image>
    <drawed>true</drawed>
    <drawedBody>&lt;div id=&quot;resp-template&quot; name=&quot;globalContainer&quot;&gt;&lt;div id=&quot;hd-template&quot;&gt;&lt;h1&gt;Header&lt;/h1&gt;&lt;/div&gt;&lt;div id=&quot;bd-template&quot;&gt;&lt;div id=&quot;yui-main-template&quot;&gt;&lt;div class=&quot;yui-b-template&quot; id=&quot;splitBody0&quot;&gt;&lt;div class=&quot;yui-gc-template&quot; id=&quot;yui-gc-template&quot;&gt;&lt;div class=&quot;yui-u-template first&quot; id=&quot;0_yui-u-grid-1&quot;&gt;&lt;div class=&quot;addContainerSpan&quot;&gt;&lt;a href=&quot;javascript: showAddContainerDialog(&apos;0_yui-u-grid-1&apos;);&quot; title=&quot;Add Container&quot;&gt;&lt;span class=&quot;plusBlueIcon&quot;&gt;&lt;/span&gt;Add Container&lt;/a&gt;&lt;/div&gt;&lt;span class=&quot;titleContainerSpan&quot; id=&quot;0_yui-u-grid-1_span_db465240-d2b0-4327-8cae-5c5f49515b50_1620686515860&quot; title=&quot;container_db465240-d2b0-4327-8cae-5c5f49515b50&quot;&gt;&lt;div class=&quot;removeDiv&quot;&gt;&lt;a href=&quot;javascript: removeDrawedContainer(&apos;0_yui-u-grid-1&apos;,&apos;db465240-d2b0-4327-8cae-5c5f49515b50&apos;,&apos;1620686515860&apos;);&quot; title=&quot;Remove Container&quot;&gt;&lt;span class=&quot;minusIcon&quot;&gt;&lt;/span&gt;Remove Container&lt;/a&gt;&lt;/div&gt;&lt;div class=&quot;clear&quot;&gt;&lt;/div&gt;&lt;h2&gt;Container: Default&lt;/h2&gt;&lt;p&gt;Lorem ipsum dolor sit amet, consectetur adipisicing elit, sed do eiusmod tempor incididunt ut labore et dolore magna aliqua. Ut enim ad minim veniam, quis nostrud exercitation ullamco laboris nisi ut aliquip ex ea commodo consequat.&lt;/p&gt;&lt;/span&gt;&lt;div style=&quot;display: none;&quot; title=&quot;container_db465240-d2b0-4327-8cae-5c5f49515b50&quot; id=&quot;0_yui-u-grid-1_div_db465240-d2b0-4327-8cae-5c5f49515b50_1620686515860&quot;&gt;#parseContainer(&apos;/application/containers/default/&apos;,&apos;1620686515860&apos;)&#xd;
&lt;/div&gt;&lt;/div&gt;&lt;div class=&quot;yui-u-template&quot; id=&quot;0_yui-u-grid-2&quot;&gt;&lt;div class=&quot;addContainerSpan&quot;&gt;&lt;a href=&quot;javascript: showAddContainerDialog(&apos;0_yui-u-grid-2&apos;);&quot; title=&quot;Add Container&quot;&gt;&lt;span class=&quot;plusBlueIcon&quot;&gt;&lt;/span&gt;Add Container&lt;/a&gt;&lt;/div&gt;&lt;span class=&quot;titleContainerSpan&quot; id=&quot;0_yui-u-grid-2_span_db465240-d2b0-4327-8cae-5c5f49515b50_1620686520842&quot; title=&quot;container_db465240-d2b0-4327-8cae-5c5f49515b50&quot;&gt;&lt;div class=&quot;removeDiv&quot;&gt;&lt;a href=&quot;javascript: removeDrawedContainer(&apos;0_yui-u-grid-2&apos;,&apos;db465240-d2b0-4327-8cae-5c5f49515b50&apos;,&apos;1620686520842&apos;);&quot; title=&quot;Remove Container&quot;&gt;&lt;span class=&quot;minusIcon&quot;&gt;&lt;/span&gt;Remove Container&lt;/a&gt;&lt;/div&gt;&lt;div class=&quot;clear&quot;&gt;&lt;/div&gt;&lt;h2&gt;Container: Default&lt;/h2&gt;&lt;p&gt;Lorem ipsum dolor sit amet, consectetur adipisicing elit, sed do eiusmod tempor incididunt ut labore et dolore magna aliqua. Ut enim ad minim veniam, quis nostrud exercitation ullamco laboris nisi ut aliquip ex ea commodo consequat.&lt;/p&gt;&lt;/span&gt;&lt;div style=&quot;display: none;&quot; title=&quot;container_db465240-d2b0-4327-8cae-5c5f49515b50&quot; id=&quot;0_yui-u-grid-2_div_db465240-d2b0-4327-8cae-5c5f49515b50_1620686520842&quot;&gt;#parseContainer(&apos;/application/containers/default/&apos;,&apos;1620686520842&apos;)&#xd;
&lt;/div&gt;&lt;/div&gt;&lt;/div&gt;&lt;/div&gt;&lt;/div&gt;&lt;/div&gt;&lt;div id=&quot;ft-template&quot;&gt;&lt;h1&gt;Footer&lt;/h1&gt;&lt;/div&gt;&lt;/div&gt;</drawedBody>
    <countAddContainer>0</countAddContainer>
    <countContainers>0</countContainers>
    <theme>e59182be-ec42-4484-8539-332f27765349</theme>
  </com.dotmarketing.portlets.templates.model.Template>
  <com.dotmarketing.portlets.templates.model.Template>
    <iDate class="sql-timestamp">2021-05-10 22:43:59.465</iDate>
    <type>template</type>
    <inode>9246da0b-7ddb-4fea-a1fc-be223c2dc8d0</inode>
    <identifier>299986d3-0b8c-4436-9cb3-5f72aa471ea1</identifier>
    <source>DB</source>
    <title>Template designer2</title>
    <friendlyName>Template designer 2 description</friendlyName>
    <modDate class="sql-timestamp">2021-05-10 22:43:59.479</modDate>
    <modUser>dotcms.org.1</modUser>
    <sortOrder>0</sortOrder>
    <showOnMenu>true</showOnMenu>
    <body>&lt;html&gt;
 &lt;head&gt;
  #dotParse(&apos;//default/application/themes/theme1/html_head.vtl&apos;)
  &lt;link rel=&quot;stylesheet&quot; type=&quot;text/css&quot; href=&quot;/html/css/template/reset-fonts-grids.css&quot; /&gt;
 &lt;/head&gt;
 &lt;body&gt;
  &lt;div id=&quot;resp-template&quot; name=&quot;globalContainer&quot;&gt;
   &lt;div id=&quot;hd-template&quot;&gt;
    #dotParse(&apos;//default/application/themes/theme1/header.vtl&apos;)
   &lt;/div&gt;
   &lt;div id=&quot;bd-template&quot;&gt;
    &lt;div id=&quot;yui-main-template&quot;&gt;
     &lt;div class=&quot;yui-b-template&quot; id=&quot;splitBody0&quot;&gt;
      &lt;div class=&quot;yui-gc-template&quot; id=&quot;yui-gc-template&quot;&gt;
       &lt;div class=&quot;yui-u-template first&quot; id=&quot;0_yui-u-grid-1&quot;&gt;
        #parseContainer(&apos;/application/containers/default/&apos;,&apos;1620686515860&apos;)
       &lt;/div&gt;
       &lt;div class=&quot;yui-u-template&quot; id=&quot;0_yui-u-grid-2&quot;&gt;
        #parseContainer(&apos;/application/containers/default/&apos;,&apos;1620686520842&apos;)
       &lt;/div&gt;
      &lt;/div&gt;
     &lt;/div&gt;
    &lt;/div&gt;
   &lt;/div&gt;
   &lt;div id=&quot;ft-template&quot;&gt;
    #dotParse(&apos;//default/application/themes/theme1/footer.vtl&apos;)
   &lt;/div&gt;
  &lt;/div&gt;
 &lt;/body&gt;
&lt;/html&gt;</body>
    <image></image>
    <drawed>true</drawed>
    <drawedBody>&lt;div id=&quot;resp-template&quot; name=&quot;globalContainer&quot;&gt;&lt;div id=&quot;hd-template&quot;&gt;&lt;h1&gt;Header&lt;/h1&gt;&lt;/div&gt;&lt;div id=&quot;bd-template&quot;&gt;&lt;div id=&quot;yui-main-template&quot;&gt;&lt;div class=&quot;yui-b-template&quot; id=&quot;splitBody0&quot;&gt;&lt;div class=&quot;yui-gc-template&quot; id=&quot;yui-gc-template&quot;&gt;&lt;div class=&quot;yui-u-template first&quot; id=&quot;0_yui-u-grid-1&quot;&gt;&lt;div class=&quot;addContainerSpan&quot;&gt;&lt;a href=&quot;javascript: showAddContainerDialog(&apos;0_yui-u-grid-1&apos;);&quot; title=&quot;Add Container&quot;&gt;&lt;span class=&quot;plusBlueIcon&quot;&gt;&lt;/span&gt;Add Container&lt;/a&gt;&lt;/div&gt;&lt;span class=&quot;titleContainerSpan&quot; id=&quot;0_yui-u-grid-1_span_db465240-d2b0-4327-8cae-5c5f49515b50_1620686515860&quot; title=&quot;container_db465240-d2b0-4327-8cae-5c5f49515b50&quot;&gt;&lt;div class=&quot;removeDiv&quot;&gt;&lt;a href=&quot;javascript: removeDrawedContainer(&apos;0_yui-u-grid-1&apos;,&apos;db465240-d2b0-4327-8cae-5c5f49515b50&apos;,&apos;1620686515860&apos;);&quot; title=&quot;Remove Container&quot;&gt;&lt;span class=&quot;minusIcon&quot;&gt;&lt;/span&gt;Remove Container&lt;/a&gt;&lt;/div&gt;&lt;div class=&quot;clear&quot;&gt;&lt;/div&gt;&lt;h2&gt;Container: Default&lt;/h2&gt;&lt;p&gt;Lorem ipsum dolor sit amet, consectetur adipisicing elit, sed do eiusmod tempor incididunt ut labore et dolore magna aliqua. Ut enim ad minim veniam, quis nostrud exercitation ullamco laboris nisi ut aliquip ex ea commodo consequat.&lt;/p&gt;&lt;/span&gt;&lt;div style=&quot;display: none;&quot; title=&quot;container_db465240-d2b0-4327-8cae-5c5f49515b50&quot; id=&quot;0_yui-u-grid-1_div_db465240-d2b0-4327-8cae-5c5f49515b50_1620686515860&quot;&gt;#parseContainer(&apos;/application/containers/default/&apos;,&apos;1620686515860&apos;)&#xd;
&lt;/div&gt;&lt;/div&gt;&lt;div class=&quot;yui-u-template&quot; id=&quot;0_yui-u-grid-2&quot;&gt;&lt;div class=&quot;addContainerSpan&quot;&gt;&lt;a href=&quot;javascript: showAddContainerDialog(&apos;0_yui-u-grid-2&apos;);&quot; title=&quot;Add Container&quot;&gt;&lt;span class=&quot;plusBlueIcon&quot;&gt;&lt;/span&gt;Add Container&lt;/a&gt;&lt;/div&gt;&lt;span class=&quot;titleContainerSpan&quot; id=&quot;0_yui-u-grid-2_span_db465240-d2b0-4327-8cae-5c5f49515b50_1620686520842&quot; title=&quot;container_db465240-d2b0-4327-8cae-5c5f49515b50&quot;&gt;&lt;div class=&quot;removeDiv&quot;&gt;&lt;a href=&quot;javascript: removeDrawedContainer(&apos;0_yui-u-grid-2&apos;,&apos;db465240-d2b0-4327-8cae-5c5f49515b50&apos;,&apos;1620686520842&apos;);&quot; title=&quot;Remove Container&quot;&gt;&lt;span class=&quot;minusIcon&quot;&gt;&lt;/span&gt;Remove Container&lt;/a&gt;&lt;/div&gt;&lt;div class=&quot;clear&quot;&gt;&lt;/div&gt;&lt;h2&gt;Container: Default&lt;/h2&gt;&lt;p&gt;Lorem ipsum dolor sit amet, consectetur adipisicing elit, sed do eiusmod tempor incididunt ut labore et dolore magna aliqua. Ut enim ad minim veniam, quis nostrud exercitation ullamco laboris nisi ut aliquip ex ea commodo consequat.&lt;/p&gt;&lt;/span&gt;&lt;div style=&quot;display: none;&quot; title=&quot;container_db465240-d2b0-4327-8cae-5c5f49515b50&quot; id=&quot;0_yui-u-grid-2_div_db465240-d2b0-4327-8cae-5c5f49515b50_1620686520842&quot;&gt;#parseContainer(&apos;/application/containers/default/&apos;,&apos;1620686520842&apos;)&#xd;
&lt;/div&gt;&lt;/div&gt;&lt;/div&gt;&lt;/div&gt;&lt;/div&gt;&lt;/div&gt;&lt;div id=&quot;ft-template&quot;&gt;&lt;h1&gt;Footer&lt;/h1&gt;&lt;/div&gt;&lt;/div&gt;</drawedBody>
    <countAddContainer>0</countAddContainer>
    <countContainers>0</countContainers>
    <theme>e59182be-ec42-4484-8539-332f27765349</theme>
  </com.dotmarketing.portlets.templates.model.Template>
  <com.dotmarketing.portlets.templates.model.Template>
    <iDate class="sql-timestamp">2021-05-10 22:53:27.539</iDate>
    <type>template</type>
    <inode>a92f3f06-34be-4546-bbb1-bf3df469943d</inode>
    <identifier>299986d3-0b8c-4436-9cb3-5f72aa471ea1</identifier>
    <source>DB</source>
    <title>Template designer2</title>
    <friendlyName>Template designer 2 description</friendlyName>
    <modDate class="sql-timestamp">2021-05-10 22:53:27.557</modDate>
    <modUser>dotcms.org.1</modUser>
    <sortOrder>0</sortOrder>
    <showOnMenu>true</showOnMenu>
    <body>&lt;html&gt;
 &lt;head&gt;
  #dotParse(&apos;//default/application/themes/theme1/html_head.vtl&apos;)
  &lt;link rel=&quot;stylesheet&quot; type=&quot;text/css&quot; href=&quot;/html/css/template/reset-fonts-grids.css&quot; /&gt;
 &lt;/head&gt;
 &lt;body&gt;
  &lt;div id=&quot;resp-template&quot; name=&quot;globalContainer&quot;&gt;
   &lt;div id=&quot;hd-template&quot;&gt;
    #dotParse(&apos;//default/application/themes/theme1/header.vtl&apos;)
   &lt;/div&gt;
   &lt;div id=&quot;bd-template&quot;&gt;
    &lt;div id=&quot;yui-main-template&quot;&gt;
     &lt;div class=&quot;yui-b-template&quot; id=&quot;splitBody0&quot;&gt;
      &lt;div class=&quot;yui-gc-template&quot; id=&quot;yui-gc-template&quot;&gt;
       &lt;div class=&quot;yui-u-template first&quot; id=&quot;0_yui-u-grid-1&quot;&gt;
        #parseContainer(&apos;/application/containers/default/&apos;,&apos;1620686515860&apos;)
       &lt;/div&gt;
       &lt;div class=&quot;yui-u-template&quot; id=&quot;0_yui-u-grid-2&quot;&gt;
        #parseContainer(&apos;/application/containers/default/&apos;,&apos;1620686520842&apos;)
       &lt;/div&gt;
      &lt;/div&gt;
     &lt;/div&gt;
     &lt;div class=&quot;yui-b-template&quot; id=&quot;splitBody1&quot;&gt;
      #parseContainer(&apos;/application/containers/default/&apos;,&apos;1620687201857&apos;)
     &lt;/div&gt;
    &lt;/div&gt;
   &lt;/div&gt;
   &lt;div id=&quot;ft-template&quot;&gt;
    #dotParse(&apos;//default/application/themes/theme1/footer.vtl&apos;)
   &lt;/div&gt;
  &lt;/div&gt;
 &lt;/body&gt;
&lt;/html&gt;</body>
    <image></image>
    <drawed>true</drawed>
    <drawedBody>&lt;div id=&quot;resp-template&quot; name=&quot;globalContainer&quot;&gt;&lt;div id=&quot;hd-template&quot;&gt;&lt;h1&gt;Header&lt;/h1&gt;&lt;/div&gt;&lt;div id=&quot;bd-template&quot;&gt;&lt;div id=&quot;yui-main-template&quot;&gt;&lt;div class=&quot;yui-b-template&quot; id=&quot;splitBody0&quot;&gt;&lt;div class=&quot;yui-gc-template&quot; id=&quot;yui-gc-template&quot;&gt;&lt;div class=&quot;yui-u-template first&quot; id=&quot;0_yui-u-grid-1&quot;&gt;&lt;div class=&quot;addContainerSpan&quot;&gt;&lt;a href=&quot;javascript: showAddContainerDialog(&apos;0_yui-u-grid-1&apos;);&quot; title=&quot;Add Container&quot;&gt;&lt;span class=&quot;plusBlueIcon&quot;&gt;&lt;/span&gt;Add Container&lt;/a&gt;&lt;/div&gt;&lt;span class=&quot;titleContainerSpan&quot; id=&quot;0_yui-u-grid-1_span_db465240-d2b0-4327-8cae-5c5f49515b50_1620686515860&quot; title=&quot;container_db465240-d2b0-4327-8cae-5c5f49515b50&quot;&gt;&lt;div class=&quot;removeDiv&quot;&gt;&lt;a href=&quot;javascript: removeDrawedContainer(&apos;0_yui-u-grid-1&apos;,&apos;db465240-d2b0-4327-8cae-5c5f49515b50&apos;,&apos;1620686515860&apos;);&quot; title=&quot;Remove Container&quot;&gt;&lt;span class=&quot;minusIcon&quot;&gt;&lt;/span&gt;Remove Container&lt;/a&gt;&lt;/div&gt;&lt;div class=&quot;clear&quot;&gt;&lt;/div&gt;&lt;h2&gt;Container: Default&lt;/h2&gt;&lt;p&gt;Lorem ipsum dolor sit amet, consectetur adipisicing elit, sed do eiusmod tempor incididunt ut labore et dolore magna aliqua. Ut enim ad minim veniam, quis nostrud exercitation ullamco laboris nisi ut aliquip ex ea commodo consequat.&lt;/p&gt;&lt;/span&gt;&lt;div style=&quot;display: none;&quot; title=&quot;container_db465240-d2b0-4327-8cae-5c5f49515b50&quot; id=&quot;0_yui-u-grid-1_div_db465240-d2b0-4327-8cae-5c5f49515b50_1620686515860&quot;&gt;#parseContainer(&apos;/application/containers/default/&apos;,&apos;1620686515860&apos;)&#xd;
&lt;/div&gt;&lt;/div&gt;&lt;div class=&quot;yui-u-template&quot; id=&quot;0_yui-u-grid-2&quot;&gt;&lt;div class=&quot;addContainerSpan&quot;&gt;&lt;a href=&quot;javascript: showAddContainerDialog(&apos;0_yui-u-grid-2&apos;);&quot; title=&quot;Add Container&quot;&gt;&lt;span class=&quot;plusBlueIcon&quot;&gt;&lt;/span&gt;Add Container&lt;/a&gt;&lt;/div&gt;&lt;span class=&quot;titleContainerSpan&quot; id=&quot;0_yui-u-grid-2_span_db465240-d2b0-4327-8cae-5c5f49515b50_1620686520842&quot; title=&quot;container_db465240-d2b0-4327-8cae-5c5f49515b50&quot;&gt;&lt;div class=&quot;removeDiv&quot;&gt;&lt;a href=&quot;javascript: removeDrawedContainer(&apos;0_yui-u-grid-2&apos;,&apos;db465240-d2b0-4327-8cae-5c5f49515b50&apos;,&apos;1620686520842&apos;);&quot; title=&quot;Remove Container&quot;&gt;&lt;span class=&quot;minusIcon&quot;&gt;&lt;/span&gt;Remove Container&lt;/a&gt;&lt;/div&gt;&lt;div class=&quot;clear&quot;&gt;&lt;/div&gt;&lt;h2&gt;Container: Default&lt;/h2&gt;&lt;p&gt;Lorem ipsum dolor sit amet, consectetur adipisicing elit, sed do eiusmod tempor incididunt ut labore et dolore magna aliqua. Ut enim ad minim veniam, quis nostrud exercitation ullamco laboris nisi ut aliquip ex ea commodo consequat.&lt;/p&gt;&lt;/span&gt;&lt;div style=&quot;display: none;&quot; title=&quot;container_db465240-d2b0-4327-8cae-5c5f49515b50&quot; id=&quot;0_yui-u-grid-2_div_db465240-d2b0-4327-8cae-5c5f49515b50_1620686520842&quot;&gt;#parseContainer(&apos;/application/containers/default/&apos;,&apos;1620686520842&apos;)&#xd;
&lt;/div&gt;&lt;/div&gt;&lt;/div&gt;&lt;/div&gt;&lt;div class=&quot;yui-b-template&quot; id=&quot;splitBody1&quot;&gt;&lt;div class=&quot;addContainerSpan&quot;&gt;&lt;a href=&quot;javascript: showAddContainerDialog(&apos;splitBody1&apos;);&quot; title=&quot;Add Container&quot;&gt;&lt;span class=&quot;plusBlueIcon&quot;&gt;&lt;/span&gt;Add Container&lt;/a&gt;&lt;/div&gt;&lt;span class=&quot;titleContainerSpan&quot; id=&quot;splitBody1_span_db465240-d2b0-4327-8cae-5c5f49515b50_1620687201857&quot; title=&quot;container_db465240-d2b0-4327-8cae-5c5f49515b50&quot;&gt;&lt;div class=&quot;removeDiv&quot;&gt;&lt;a href=&quot;javascript: removeDrawedContainer(&apos;splitBody1&apos;,&apos;db465240-d2b0-4327-8cae-5c5f49515b50&apos;,&apos;1620687201857&apos;);&quot; title=&quot;Remove Container&quot;&gt;&lt;span class=&quot;minusIcon&quot;&gt;&lt;/span&gt;Remove Container&lt;/a&gt;&lt;/div&gt;&lt;div class=&quot;clear&quot;&gt;&lt;/div&gt;&lt;h2&gt;Container: Default&lt;/h2&gt;&lt;p&gt;Lorem ipsum dolor sit amet, consectetur adipisicing elit, sed do eiusmod tempor incididunt ut labore et dolore magna aliqua. Ut enim ad minim veniam, quis nostrud exercitation ullamco laboris nisi ut aliquip ex ea commodo consequat.&lt;/p&gt;&lt;/span&gt;&lt;div style=&quot;display: none;&quot; title=&quot;container_db465240-d2b0-4327-8cae-5c5f49515b50&quot; id=&quot;splitBody1_div_db465240-d2b0-4327-8cae-5c5f49515b50_1620687201857&quot;&gt;#parseContainer(&apos;/application/containers/default/&apos;,&apos;1620687201857&apos;)&#xd;
&lt;/div&gt;&lt;/div&gt;&lt;/div&gt;&lt;/div&gt;&lt;div id=&quot;ft-template&quot;&gt;&lt;h1&gt;Footer&lt;/h1&gt;&lt;/div&gt;&lt;/div&gt;</drawedBody>
    <countAddContainer>0</countAddContainer>
    <countContainers>0</countContainers>
    <theme>e59182be-ec42-4484-8539-332f27765349</theme>
  </com.dotmarketing.portlets.templates.model.Template>
  <com.dotmarketing.portlets.templates.model.Template>
    <iDate class="sql-timestamp">2021-05-10 22:49:30.683</iDate>
    <type>template</type>
    <inode>cc614c81-8b99-4753-9fda-92c3304121bb</inode>
    <identifier>299986d3-0b8c-4436-9cb3-5f72aa471ea1</identifier>
    <source>DB</source>
    <title>Template designer2</title>
    <friendlyName>Template designer 2 description</friendlyName>
    <modDate class="sql-timestamp">2021-05-10 22:49:30.698</modDate>
    <modUser>dotcms.org.1</modUser>
    <sortOrder>0</sortOrder>
    <showOnMenu>true</showOnMenu>
    <body>&lt;html&gt;
 &lt;head&gt;
  #dotParse(&apos;//default/application/themes/theme1/html_head.vtl&apos;)
  &lt;link rel=&quot;stylesheet&quot; type=&quot;text/css&quot; href=&quot;/html/css/template/reset-fonts-grids.css&quot; /&gt;
 &lt;/head&gt;
 &lt;body&gt;
  &lt;div id=&quot;resp-template&quot; name=&quot;globalContainer&quot;&gt;
   &lt;div id=&quot;hd-template&quot;&gt;
    #dotParse(&apos;//default/application/themes/theme1/header.vtl&apos;)
   &lt;/div&gt;
   &lt;div id=&quot;bd-template&quot;&gt;
    &lt;div id=&quot;yui-main-template&quot;&gt;
     &lt;div class=&quot;yui-b-template&quot; id=&quot;splitBody0&quot;&gt;
      &lt;div class=&quot;yui-gc-template&quot; id=&quot;yui-gc-template&quot;&gt;
       &lt;div class=&quot;yui-u-template first&quot; id=&quot;0_yui-u-grid-1&quot;&gt;
        #parseContainer(&apos;/application/containers/default/&apos;,&apos;1620686515860&apos;)
       &lt;/div&gt;
       &lt;div class=&quot;yui-u-template&quot; id=&quot;0_yui-u-grid-2&quot;&gt;
        #parseContainer(&apos;/application/containers/default/&apos;,&apos;1620686520842&apos;)
       &lt;/div&gt;
      &lt;/div&gt;
     &lt;/div&gt;
    &lt;/div&gt;
   &lt;/div&gt;
   &lt;div id=&quot;ft-template&quot;&gt;
    #dotParse(&apos;//default/application/themes/theme1/footer.vtl&apos;)
   &lt;/div&gt;
  &lt;/div&gt;
 &lt;/body&gt;
&lt;/html&gt;</body>
    <image></image>
    <drawed>true</drawed>
    <drawedBody>&lt;div id=&quot;resp-template&quot; name=&quot;globalContainer&quot;&gt;&lt;div id=&quot;hd-template&quot;&gt;&lt;h1&gt;Header&lt;/h1&gt;&lt;/div&gt;&lt;div id=&quot;bd-template&quot;&gt;&lt;div id=&quot;yui-main-template&quot;&gt;&lt;div class=&quot;yui-b-template&quot; id=&quot;splitBody0&quot;&gt;&lt;div class=&quot;yui-gc-template&quot; id=&quot;yui-gc-template&quot;&gt;&lt;div class=&quot;yui-u-template first&quot; id=&quot;0_yui-u-grid-1&quot;&gt;&lt;div class=&quot;addContainerSpan&quot;&gt;&lt;a href=&quot;javascript: showAddContainerDialog(&apos;0_yui-u-grid-1&apos;);&quot; title=&quot;Add Container&quot;&gt;&lt;span class=&quot;plusBlueIcon&quot;&gt;&lt;/span&gt;Add Container&lt;/a&gt;&lt;/div&gt;&lt;span class=&quot;titleContainerSpan&quot; id=&quot;0_yui-u-grid-1_span_db465240-d2b0-4327-8cae-5c5f49515b50_1620686515860&quot; title=&quot;container_db465240-d2b0-4327-8cae-5c5f49515b50&quot;&gt;&lt;div class=&quot;removeDiv&quot;&gt;&lt;a href=&quot;javascript: removeDrawedContainer(&apos;0_yui-u-grid-1&apos;,&apos;db465240-d2b0-4327-8cae-5c5f49515b50&apos;,&apos;1620686515860&apos;);&quot; title=&quot;Remove Container&quot;&gt;&lt;span class=&quot;minusIcon&quot;&gt;&lt;/span&gt;Remove Container&lt;/a&gt;&lt;/div&gt;&lt;div class=&quot;clear&quot;&gt;&lt;/div&gt;&lt;h2&gt;Container: Default&lt;/h2&gt;&lt;p&gt;Lorem ipsum dolor sit amet, consectetur adipisicing elit, sed do eiusmod tempor incididunt ut labore et dolore magna aliqua. Ut enim ad minim veniam, quis nostrud exercitation ullamco laboris nisi ut aliquip ex ea commodo consequat.&lt;/p&gt;&lt;/span&gt;&lt;div style=&quot;display: none;&quot; title=&quot;container_db465240-d2b0-4327-8cae-5c5f49515b50&quot; id=&quot;0_yui-u-grid-1_div_db465240-d2b0-4327-8cae-5c5f49515b50_1620686515860&quot;&gt;#parseContainer(&apos;/application/containers/default/&apos;,&apos;1620686515860&apos;)&#xd;
&lt;/div&gt;&lt;/div&gt;&lt;div class=&quot;yui-u-template&quot; id=&quot;0_yui-u-grid-2&quot;&gt;&lt;div class=&quot;addContainerSpan&quot;&gt;&lt;a href=&quot;javascript: showAddContainerDialog(&apos;0_yui-u-grid-2&apos;);&quot; title=&quot;Add Container&quot;&gt;&lt;span class=&quot;plusBlueIcon&quot;&gt;&lt;/span&gt;Add Container&lt;/a&gt;&lt;/div&gt;&lt;span class=&quot;titleContainerSpan&quot; id=&quot;0_yui-u-grid-2_span_db465240-d2b0-4327-8cae-5c5f49515b50_1620686520842&quot; title=&quot;container_db465240-d2b0-4327-8cae-5c5f49515b50&quot;&gt;&lt;div class=&quot;removeDiv&quot;&gt;&lt;a href=&quot;javascript: removeDrawedContainer(&apos;0_yui-u-grid-2&apos;,&apos;db465240-d2b0-4327-8cae-5c5f49515b50&apos;,&apos;1620686520842&apos;);&quot; title=&quot;Remove Container&quot;&gt;&lt;span class=&quot;minusIcon&quot;&gt;&lt;/span&gt;Remove Container&lt;/a&gt;&lt;/div&gt;&lt;div class=&quot;clear&quot;&gt;&lt;/div&gt;&lt;h2&gt;Container: Default&lt;/h2&gt;&lt;p&gt;Lorem ipsum dolor sit amet, consectetur adipisicing elit, sed do eiusmod tempor incididunt ut labore et dolore magna aliqua. Ut enim ad minim veniam, quis nostrud exercitation ullamco laboris nisi ut aliquip ex ea commodo consequat.&lt;/p&gt;&lt;/span&gt;&lt;div style=&quot;display: none;&quot; title=&quot;container_db465240-d2b0-4327-8cae-5c5f49515b50&quot; id=&quot;0_yui-u-grid-2_div_db465240-d2b0-4327-8cae-5c5f49515b50_1620686520842&quot;&gt;#parseContainer(&apos;/application/containers/default/&apos;,&apos;1620686520842&apos;)&#xd;
&lt;/div&gt;&lt;/div&gt;&lt;/div&gt;&lt;/div&gt;&lt;/div&gt;&lt;/div&gt;&lt;div id=&quot;ft-template&quot;&gt;&lt;h1&gt;Footer&lt;/h1&gt;&lt;/div&gt;&lt;/div&gt;</drawedBody>
    <countAddContainer>0</countAddContainer>
    <countContainers>0</countContainers>
    <theme>e59182be-ec42-4484-8539-332f27765349</theme>
  </com.dotmarketing.portlets.templates.model.Template>
  <com.dotmarketing.portlets.templates.model.Template>
    <iDate class="sql-timestamp">2021-05-10 22:43:13.836</iDate>
    <type>template</type>
    <inode>3fff093a-a2ae-4539-971c-a4b2afce41a0</inode>
    <identifier>299986d3-0b8c-4436-9cb3-5f72aa471ea1</identifier>
    <source>DB</source>
    <title>Template designer 2</title>
    <friendlyName>Template designer 2 description</friendlyName>
    <modDate class="sql-timestamp">2021-05-10 22:43:13.863</modDate>
    <modUser>dotcms.org.1</modUser>
    <sortOrder>0</sortOrder>
    <showOnMenu>true</showOnMenu>
    <body>&lt;html&gt;
 &lt;head&gt;
  #dotParse(&apos;//default/application/themes/theme1/html_head.vtl&apos;)
  &lt;link rel=&quot;stylesheet&quot; type=&quot;text/css&quot; href=&quot;/html/css/template/reset-fonts-grids.css&quot; /&gt;
 &lt;/head&gt;
 &lt;body&gt;
  &lt;div id=&quot;resp-template&quot; name=&quot;globalContainer&quot;&gt;
   &lt;div id=&quot;hd-template&quot;&gt;
    #dotParse(&apos;//default/application/themes/theme1/header.vtl&apos;)
   &lt;/div&gt;
   &lt;div id=&quot;bd-template&quot;&gt;
    &lt;div id=&quot;yui-main-template&quot;&gt;
     &lt;div class=&quot;yui-b-template&quot; id=&quot;splitBody0&quot;&gt;
      &lt;div class=&quot;yui-gc-template&quot; id=&quot;yui-gc-template&quot;&gt;
       &lt;div class=&quot;yui-u-template first&quot; id=&quot;0_yui-u-grid-1&quot;&gt;
        #parseContainer(&apos;/application/containers/default/&apos;,&apos;1620686515860&apos;)
       &lt;/div&gt;
       &lt;div class=&quot;yui-u-template&quot; id=&quot;0_yui-u-grid-2&quot;&gt;
        #parseContainer(&apos;/application/containers/default/&apos;,&apos;1620686520842&apos;)
       &lt;/div&gt;
      &lt;/div&gt;
     &lt;/div&gt;
    &lt;/div&gt;
   &lt;/div&gt;
   &lt;div id=&quot;ft-template&quot;&gt;
    #dotParse(&apos;//default/application/themes/theme1/footer.vtl&apos;)
   &lt;/div&gt;
  &lt;/div&gt;
 &lt;/body&gt;
&lt;/html&gt;</body>
    <image></image>
    <drawed>true</drawed>
    <drawedBody>&lt;div id=&quot;resp-template&quot; name=&quot;globalContainer&quot;&gt;&lt;div id=&quot;hd-template&quot;&gt;&lt;h1&gt;Header&lt;/h1&gt;&lt;/div&gt;&lt;div id=&quot;bd-template&quot;&gt;&lt;div id=&quot;yui-main-template&quot;&gt;&lt;div class=&quot;yui-b-template&quot; id=&quot;splitBody0&quot;&gt;&lt;div class=&quot;yui-gc-template&quot; id=&quot;yui-gc-template&quot;&gt;&lt;div class=&quot;yui-u-template first&quot; id=&quot;0_yui-u-grid-1&quot;&gt;&lt;div class=&quot;addContainerSpan&quot;&gt;&lt;a href=&quot;javascript: showAddContainerDialog(&apos;0_yui-u-grid-1&apos;);&quot; title=&quot;Add Container&quot;&gt;&lt;span class=&quot;plusBlueIcon&quot;&gt;&lt;/span&gt;Add Container&lt;/a&gt;&lt;/div&gt;&lt;span class=&quot;titleContainerSpan&quot; id=&quot;0_yui-u-grid-1_span_db465240-d2b0-4327-8cae-5c5f49515b50_1620686515860&quot; title=&quot;container_db465240-d2b0-4327-8cae-5c5f49515b50&quot;&gt;&lt;div class=&quot;removeDiv&quot;&gt;&lt;a href=&quot;javascript: removeDrawedContainer(&apos;0_yui-u-grid-1&apos;,&apos;db465240-d2b0-4327-8cae-5c5f49515b50&apos;,&apos;1620686515860&apos;);&quot; title=&quot;Remove Container&quot;&gt;&lt;span class=&quot;minusIcon&quot;&gt;&lt;/span&gt;Remove Container&lt;/a&gt;&lt;/div&gt;&lt;div class=&quot;clear&quot;&gt;&lt;/div&gt;&lt;h2&gt;Container: Default&lt;/h2&gt;&lt;p&gt;Lorem ipsum dolor sit amet, consectetur adipisicing elit, sed do eiusmod tempor incididunt ut labore et dolore magna aliqua. Ut enim ad minim veniam, quis nostrud exercitation ullamco laboris nisi ut aliquip ex ea commodo consequat.&lt;/p&gt;&lt;/span&gt;&lt;div style=&quot;display: none;&quot; title=&quot;container_db465240-d2b0-4327-8cae-5c5f49515b50&quot; id=&quot;0_yui-u-grid-1_div_db465240-d2b0-4327-8cae-5c5f49515b50_1620686515860&quot;&gt;#parseContainer(&apos;/application/containers/default/&apos;,&apos;1620686515860&apos;)&#xd;
&lt;/div&gt;&lt;/div&gt;&lt;div class=&quot;yui-u-template&quot; id=&quot;0_yui-u-grid-2&quot;&gt;&lt;div class=&quot;addContainerSpan&quot;&gt;&lt;a href=&quot;javascript: showAddContainerDialog(&apos;0_yui-u-grid-2&apos;);&quot; title=&quot;Add Container&quot;&gt;&lt;span class=&quot;plusBlueIcon&quot;&gt;&lt;/span&gt;Add Container&lt;/a&gt;&lt;/div&gt;&lt;span class=&quot;titleContainerSpan&quot; id=&quot;0_yui-u-grid-2_span_db465240-d2b0-4327-8cae-5c5f49515b50_1620686520842&quot; title=&quot;container_db465240-d2b0-4327-8cae-5c5f49515b50&quot;&gt;&lt;div class=&quot;removeDiv&quot;&gt;&lt;a href=&quot;javascript: removeDrawedContainer(&apos;0_yui-u-grid-2&apos;,&apos;db465240-d2b0-4327-8cae-5c5f49515b50&apos;,&apos;1620686520842&apos;);&quot; title=&quot;Remove Container&quot;&gt;&lt;span class=&quot;minusIcon&quot;&gt;&lt;/span&gt;Remove Container&lt;/a&gt;&lt;/div&gt;&lt;div class=&quot;clear&quot;&gt;&lt;/div&gt;&lt;h2&gt;Container: Default&lt;/h2&gt;&lt;p&gt;Lorem ipsum dolor sit amet, consectetur adipisicing elit, sed do eiusmod tempor incididunt ut labore et dolore magna aliqua. Ut enim ad minim veniam, quis nostrud exercitation ullamco laboris nisi ut aliquip ex ea commodo consequat.&lt;/p&gt;&lt;/span&gt;&lt;div style=&quot;display: none;&quot; title=&quot;container_db465240-d2b0-4327-8cae-5c5f49515b50&quot; id=&quot;0_yui-u-grid-2_div_db465240-d2b0-4327-8cae-5c5f49515b50_1620686520842&quot;&gt;#parseContainer(&apos;/application/containers/default/&apos;,&apos;1620686520842&apos;)&#xd;
&lt;/div&gt;&lt;/div&gt;&lt;/div&gt;&lt;/div&gt;&lt;/div&gt;&lt;/div&gt;&lt;div id=&quot;ft-template&quot;&gt;&lt;h1&gt;Footer&lt;/h1&gt;&lt;/div&gt;&lt;/div&gt;</drawedBody>
    <countAddContainer>0</countAddContainer>
    <countContainers>0</countContainers>
    <theme>e59182be-ec42-4484-8539-332f27765349</theme>
  </com.dotmarketing.portlets.templates.model.Template>
  <com.dotmarketing.portlets.templates.model.Template>
    <iDate class="sql-timestamp">2021-05-10 22:42:45.05</iDate>
    <type>template</type>
    <inode>f1724954-865a-480c-9732-ce4b965e73bd</inode>
    <identifier>299986d3-0b8c-4436-9cb3-5f72aa471ea1</identifier>
    <source>DB</source>
    <title>Template designer 2</title>
    <friendlyName></friendlyName>
    <modDate class="sql-timestamp">2021-05-10 22:42:45.083</modDate>
    <modUser>dotcms.org.1</modUser>
    <sortOrder>0</sortOrder>
    <showOnMenu>true</showOnMenu>
    <body>&lt;html&gt;
 &lt;head&gt;
  #dotParse(&apos;//default/application/themes/theme1/html_head.vtl&apos;)
  &lt;link rel=&quot;stylesheet&quot; type=&quot;text/css&quot; href=&quot;/html/css/template/reset-fonts-grids.css&quot; /&gt;
 &lt;/head&gt;
 &lt;body&gt;
  &lt;div id=&quot;resp-template&quot; name=&quot;globalContainer&quot;&gt;
   &lt;div id=&quot;hd-template&quot;&gt;
    #dotParse(&apos;//default/application/themes/theme1/header.vtl&apos;)
   &lt;/div&gt;
   &lt;div id=&quot;bd-template&quot;&gt;
    &lt;div id=&quot;yui-main-template&quot;&gt;
     &lt;div class=&quot;yui-b-template&quot; id=&quot;splitBody0&quot;&gt;
      &lt;div class=&quot;yui-gc-template&quot; id=&quot;yui-gc-template&quot;&gt;
       &lt;div class=&quot;yui-u-template first&quot; id=&quot;0_yui-u-grid-1&quot;&gt;
        #parseContainer(&apos;/application/containers/default/&apos;,&apos;1620686515860&apos;)
       &lt;/div&gt;
       &lt;div class=&quot;yui-u-template&quot; id=&quot;0_yui-u-grid-2&quot;&gt;
        #parseContainer(&apos;/application/containers/default/&apos;,&apos;1620686520842&apos;)
       &lt;/div&gt;
      &lt;/div&gt;
     &lt;/div&gt;
    &lt;/div&gt;
   &lt;/div&gt;
   &lt;div id=&quot;ft-template&quot;&gt;
    #dotParse(&apos;//default/application/themes/theme1/footer.vtl&apos;)
   &lt;/div&gt;
  &lt;/div&gt;
 &lt;/body&gt;
&lt;/html&gt;</body>
    <image></image>
    <drawed>true</drawed>
    <drawedBody>&lt;div id=&quot;resp-template&quot; name=&quot;globalContainer&quot;&gt;&lt;div id=&quot;hd-template&quot;&gt;&lt;h1&gt;Header&lt;/h1&gt;&lt;/div&gt;&lt;div id=&quot;bd-template&quot;&gt;&lt;div id=&quot;yui-main-template&quot;&gt;&lt;div class=&quot;yui-b-template&quot; id=&quot;splitBody0&quot;&gt;&lt;div class=&quot;yui-gc-template&quot; id=&quot;yui-gc-template&quot;&gt;&lt;div class=&quot;yui-u-template first&quot; id=&quot;0_yui-u-grid-1&quot;&gt;&lt;div class=&quot;addContainerSpan&quot;&gt;&lt;a href=&quot;javascript: showAddContainerDialog(&apos;0_yui-u-grid-1&apos;);&quot; title=&quot;Add Container&quot;&gt;&lt;span class=&quot;plusBlueIcon&quot;&gt;&lt;/span&gt;Add Container&lt;/a&gt;&lt;/div&gt;&lt;span class=&quot;titleContainerSpan&quot; id=&quot;0_yui-u-grid-1_span_db465240-d2b0-4327-8cae-5c5f49515b50_1620686515860&quot; title=&quot;container_db465240-d2b0-4327-8cae-5c5f49515b50&quot;&gt;&lt;div class=&quot;removeDiv&quot;&gt;&lt;a href=&quot;javascript: removeDrawedContainer(&apos;0_yui-u-grid-1&apos;,&apos;db465240-d2b0-4327-8cae-5c5f49515b50&apos;,&apos;1620686515860&apos;);&quot; title=&quot;Remove Container&quot;&gt;&lt;span class=&quot;minusIcon&quot;&gt;&lt;/span&gt;Remove Container&lt;/a&gt;&lt;/div&gt;&lt;div class=&quot;clear&quot;&gt;&lt;/div&gt;&lt;h2&gt;Container: Default&lt;/h2&gt;&lt;p&gt;Lorem ipsum dolor sit amet, consectetur adipisicing elit, sed do eiusmod tempor incididunt ut labore et dolore magna aliqua. Ut enim ad minim veniam, quis nostrud exercitation ullamco laboris nisi ut aliquip ex ea commodo consequat.&lt;/p&gt;&lt;/span&gt;&lt;div style=&quot;display: none;&quot; title=&quot;container_db465240-d2b0-4327-8cae-5c5f49515b50&quot; id=&quot;0_yui-u-grid-1_div_db465240-d2b0-4327-8cae-5c5f49515b50_1620686515860&quot;&gt;#parseContainer(&apos;/application/containers/default/&apos;,&apos;1620686515860&apos;)&#xd;
&lt;/div&gt;&lt;/div&gt;&lt;div class=&quot;yui-u-template&quot; id=&quot;0_yui-u-grid-2&quot;&gt;&lt;div class=&quot;addContainerSpan&quot;&gt;&lt;a href=&quot;javascript: showAddContainerDialog(&apos;0_yui-u-grid-2&apos;);&quot; title=&quot;Add Container&quot;&gt;&lt;span class=&quot;plusBlueIcon&quot;&gt;&lt;/span&gt;Add Container&lt;/a&gt;&lt;/div&gt;&lt;span class=&quot;titleContainerSpan&quot; id=&quot;0_yui-u-grid-2_span_db465240-d2b0-4327-8cae-5c5f49515b50_1620686520842&quot; title=&quot;container_db465240-d2b0-4327-8cae-5c5f49515b50&quot;&gt;&lt;div class=&quot;removeDiv&quot;&gt;&lt;a href=&quot;javascript: removeDrawedContainer(&apos;0_yui-u-grid-2&apos;,&apos;db465240-d2b0-4327-8cae-5c5f49515b50&apos;,&apos;1620686520842&apos;);&quot; title=&quot;Remove Container&quot;&gt;&lt;span class=&quot;minusIcon&quot;&gt;&lt;/span&gt;Remove Container&lt;/a&gt;&lt;/div&gt;&lt;div class=&quot;clear&quot;&gt;&lt;/div&gt;&lt;h2&gt;Container: Default&lt;/h2&gt;&lt;p&gt;Lorem ipsum dolor sit amet, consectetur adipisicing elit, sed do eiusmod tempor incididunt ut labore et dolore magna aliqua. Ut enim ad minim veniam, quis nostrud exercitation ullamco laboris nisi ut aliquip ex ea commodo consequat.&lt;/p&gt;&lt;/span&gt;&lt;div style=&quot;display: none;&quot; title=&quot;container_db465240-d2b0-4327-8cae-5c5f49515b50&quot; id=&quot;0_yui-u-grid-2_div_db465240-d2b0-4327-8cae-5c5f49515b50_1620686520842&quot;&gt;#parseContainer(&apos;/application/containers/default/&apos;,&apos;1620686520842&apos;)&#xd;
&lt;/div&gt;&lt;/div&gt;&lt;/div&gt;&lt;/div&gt;&lt;/div&gt;&lt;/div&gt;&lt;div id=&quot;ft-template&quot;&gt;&lt;h1&gt;Footer&lt;/h1&gt;&lt;/div&gt;&lt;/div&gt;</drawedBody>
    <countAddContainer>0</countAddContainer>
    <countContainers>0</countContainers>
    <theme>e59182be-ec42-4484-8539-332f27765349</theme>
  </com.dotmarketing.portlets.templates.model.Template>
  <com.dotmarketing.portlets.templates.model.Template>
    <iDate class="sql-timestamp">2021-05-10 22:03:31.582</iDate>
    <type>template</type>
    <inode>2b47cea1-5b15-4645-ab39-82efd1105c61</inode>
    <identifier>0437d35d-4905-4c27-b3c0-dec9c9f5df27</identifier>
    <source>DB</source>
    <title>Advance template1</title>
    <friendlyName>Advance template1 description</friendlyName>
    <modDate class="sql-timestamp">2021-05-10 22:03:31.606</modDate>
    <modUser>dotcms.org.1</modUser>
    <sortOrder>0</sortOrder>
    <showOnMenu>true</showOnMenu>
    <body>&lt;!doctype html&gt;&#xd;
&lt;html lang=&quot;en&quot;&gt;&#xd;
&#xd;
#set($dotTheme = $contents.getEmptyMap())&#xd;
#set($blah1 = $dotTheme.put(&quot;path&quot;,&quot;/application/themes/theme1/&quot;))&#xd;
&#xd;
#dotParse(&quot;${dotTheme.path}html_head.vtl&quot;)&#xd;
&#xd;
#set($utilClass = $pageTitle.toLowerCase().replace(&apos; &apos;, &apos;-&apos;))&#xd;
&#xd;
&lt;body id=&quot;$utilClass&quot; #if($EDIT_MODE)class=&quot;edit-mode&quot;#end&gt;&#xd;
&#xd;
    &lt;div class=&quot;body-wrapper pt-20&quot;&gt;&#xd;
        &lt;div class=&quot;container&quot;&gt;&#xd;
            &lt;div class=&quot;row&quot;&gt;&#xd;
                &lt;div class=&quot;col-md-3&quot;&gt;&#xd;
                    ## Container: Container1&#xd;
## This is autogenerated code that cannot be changed&#xd;
#parseContainer(&apos;46692a75-2724-4992-964f-7389f7e8e010&apos;,&apos;1620684055734&apos;)&#xd;
&#xd;
                &lt;/div&gt;&#xd;
            &lt;/div&gt;     &#xd;
            &lt;div class=&quot;row justify-content-center&quot;&gt;&#xd;
                &lt;div class=&quot;col-lg-4 col-md-6&quot;&gt;&#xd;
                    &lt;div class=&quot;single-blog mt-30&quot;&gt;&#xd;
                        &lt;div class=&quot;blog-content&quot; style=&quot;min-height:500px&quot;&gt;&#xd;
                            &lt;div class=&quot;content&quot;&gt;&#xd;
                                &lt;h4 class=&quot;title&quot;&gt;&lt;a href=&quot;#&quot;&gt;Section1&lt;/a&gt;&lt;/h4&gt;&#xd;
                                &lt;span&gt;&#xd;
                                 ## Container: Container1&#xd;
## This is autogenerated code that cannot be changed&#xd;
#parseContainer(&apos;46692a75-2724-4992-964f-7389f7e8e010&apos;,&apos;1620684158781&apos;)&#xd;
                                &lt;/span&gt;&#xd;
                            &lt;/div&gt;&#xd;
                        &lt;/div&gt;&#xd;
                    &lt;/div&gt; &lt;!-- single blog --&gt;&#xd;
                &lt;/div&gt;&#xd;
                &lt;div class=&quot;col-lg-4 col-md-6&quot;&gt;&#xd;
                    &lt;div class=&quot;single-blog mt-30&quot;&gt;&#xd;
                        &lt;div class=&quot;blog-content&quot; style=&quot;min-height:500px&quot;&gt;&#xd;
                            &lt;div class=&quot;content&quot;&gt;&#xd;
                                &lt;h4 class=&quot;title&quot;&gt;Section2&lt;/h4&gt;&#xd;
                                 &lt;span&gt;&#xd;
                               ## Container: Container1&#xd;
## This is autogenerated code that cannot be changed&#xd;
#parseContainer(&apos;46692a75-2724-4992-964f-7389f7e8e010&apos;,&apos;1620684181707&apos;)&#xd;
                                &lt;/span&gt;&#xd;
                            &lt;/div&gt;&#xd;
                          &#xd;
                        &lt;/div&gt;&#xd;
                    &lt;/div&gt; &lt;!-- single blog --&gt;&#xd;
                &lt;/div&gt;&#xd;
                &lt;div class=&quot;col-lg-4 col-md-6&quot;&gt;&#xd;
                    &lt;div class=&quot;single-blog mt-30&quot;&gt;                      &#xd;
                        &lt;div class=&quot;blog-content&quot; style=&quot;min-height:500px&quot;&gt;&#xd;
                            &lt;div class=&quot;content&quot;&gt;&#xd;
                                &lt;h4 class=&quot;title&quot;&gt;Section3&lt;/h4&gt;&#xd;
                                 &lt;span&gt;&#xd;
                                 ## Container: Container1&#xd;
## This is autogenerated code that cannot be changed&#xd;
#parseContainer(&apos;46692a75-2724-4992-964f-7389f7e8e010&apos;,&apos;1620684205254&apos;)&#xd;
                                &lt;/span&gt;&#xd;
                            &lt;/div&gt;                            &#xd;
                        &lt;/div&gt;&#xd;
                    &lt;/div&gt; &lt;!-- single blog --&gt;&#xd;
                &lt;/div&gt;&#xd;
            &lt;/div&gt; &lt;!-- row --&gt; &#xd;
        &lt;/div&gt;     &#xd;
&#xd;
    &lt;/div&gt;&lt;!-- /body-wrapper --&gt;&#xd;
&lt;br&gt;&#xd;
        #dotParse(&quot;${dotTheme.path}footer.vtl&quot;)&#xd;
&#xd;
&lt;/body&gt;&#xd;
&lt;/html&gt;</body>
    <image></image>
    <drawed>false</drawed>
    <countAddContainer>0</countAddContainer>
    <countContainers>0</countContainers>
  </com.dotmarketing.portlets.templates.model.Template>
  <com.dotmarketing.portlets.templates.model.Template>
    <iDate class="sql-timestamp">2021-05-10 22:00:33.968</iDate>
    <type>template</type>
    <inode>381e4098-a1fd-4ffc-8e30-93a2bd30b43f</inode>
    <identifier>0437d35d-4905-4c27-b3c0-dec9c9f5df27</identifier>
    <source>DB</source>
    <title>Advance template1</title>
    <friendlyName>Advance template1 description</friendlyName>
    <modDate class="sql-timestamp">2021-05-10 22:00:33.994</modDate>
    <modUser>dotcms.org.1</modUser>
    <sortOrder>0</sortOrder>
    <showOnMenu>true</showOnMenu>
    <body>&lt;!doctype html&gt;&#xd;
&lt;html lang=&quot;en&quot;&gt;&#xd;
&#xd;
#set($dotTheme = $contents.getEmptyMap())&#xd;
#set($blah1 = $dotTheme.put(&quot;path&quot;,&quot;/application/themes/theme1/&quot;))&#xd;
&#xd;
#dotParse(&quot;${dotTheme.path}html_head.vtl&quot;)&#xd;
&#xd;
#set($utilClass = $pageTitle.toLowerCase().replace(&apos; &apos;, &apos;-&apos;))&#xd;
&#xd;
&lt;body id=&quot;$utilClass&quot; #if($EDIT_MODE)class=&quot;edit-mode&quot;#end&gt;&#xd;
&#xd;
    &lt;div class=&quot;body-wrapper pt-20&quot;&gt;&#xd;
        &lt;div class=&quot;container&quot;&gt;&#xd;
            &lt;div class=&quot;row&quot;&gt;&#xd;
                &lt;div class=&quot;col-md-3&quot;&gt;&#xd;
## Container: planlogo&#xd;
## This is autogenerated code that cannot be changed&#xd;
#parseContainer(&apos;df8badfe-d762-4cb8-8c02-b5d46f7d193d&apos;,&apos;1620648893619&apos;)&#xd;
&#xd;
&#xd;
&#xd;
                &lt;/div&gt;&#xd;
                &lt;div class=&quot;col-md-9&quot; style=&quot;padding-top:50px;font-size: 2.75rem;line-height: 1.5em;&quot;&gt;&#xd;
               ## Container: planname&#xd;
## This is autogenerated code that cannot be changed&#xd;
#parseContainer(&apos;72226df1-eba3-494d-a895-2d8ab5d1d075&apos;,&apos;1620648921308&apos;)&#xd;
&#xd;
&#xd;
                &lt;/div&gt;&#xd;
            &lt;/div&gt;     &#xd;
            &lt;div class=&quot;row&quot; style=&quot;padding-left:15px;padding-right:15px&quot;&gt;&#xd;
              &#xd;
## Container: planbanner&#xd;
## This is autogenerated code that cannot be changed&#xd;
#parseContainer(&apos;41d4c307-61c8-45a2-8710-5b272705943e&apos;,&apos;1620648959075&apos;)&#xd;
&#xd;
&#xd;
&#xd;
            &lt;/div&gt;  &#xd;
            &lt;div class=&quot;row justify-content-center&quot;&gt;&#xd;
                &lt;div class=&quot;col-lg-4 col-md-6&quot;&gt;&#xd;
                    &lt;div class=&quot;single-blog mt-30&quot;&gt;&#xd;
                        &lt;div class=&quot;blog-content&quot; style=&quot;min-height:500px&quot;&gt;&#xd;
                            &lt;div class=&quot;content&quot;&gt;&#xd;
                                &lt;h4 class=&quot;title&quot;&gt;&lt;a href=&quot;#&quot;&gt;Welcome&lt;/a&gt;&lt;/h4&gt;&#xd;
                                &lt;span&gt;&#xd;
                                 ## Container: planwelcome&#xd;
## This is autogenerated code that cannot be changed&#xd;
#parseContainer(&apos;d7825c40-8450-4340-b18b-d01285ab936e&apos;,&apos;1620648997218&apos;)&#xd;
&#xd;
&#xd;
&#xd;
                                &lt;/span&gt;&#xd;
                            &lt;/div&gt;&#xd;
                        &lt;/div&gt;&#xd;
                    &lt;/div&gt; &lt;!-- single blog --&gt;&#xd;
                &lt;/div&gt;&#xd;
                &lt;div class=&quot;col-lg-4 col-md-6&quot;&gt;&#xd;
                    &lt;div class=&quot;single-blog mt-30&quot;&gt;&#xd;
                        &lt;div class=&quot;blog-content&quot; style=&quot;min-height:500px&quot;&gt;&#xd;
                            &lt;div class=&quot;content&quot;&gt;&#xd;
                                &lt;h4 class=&quot;title&quot;&gt;Retirement Savings Tips&lt;/h4&gt;&#xd;
                                 &lt;span&gt;&#xd;
                               ## Container: plansavingtips&#xd;
## This is autogenerated code that cannot be changed&#xd;
#parseContainer(&apos;9012b4f6-1c03-4c64-af7f-fdbdb6549254&apos;,&apos;1620649018227&apos;)&#xd;
&#xd;
&#xd;
                                &lt;/span&gt;&#xd;
                            &lt;/div&gt;&#xd;
                          &#xd;
                        &lt;/div&gt;&#xd;
                    &lt;/div&gt; &lt;!-- single blog --&gt;&#xd;
                &lt;/div&gt;&#xd;
                &lt;div class=&quot;col-lg-4 col-md-6&quot;&gt;&#xd;
                    &lt;div class=&quot;single-blog mt-30&quot;&gt;                      &#xd;
                        &lt;div class=&quot;blog-content&quot; style=&quot;min-height:500px&quot;&gt;&#xd;
                            &lt;div class=&quot;content&quot;&gt;&#xd;
                                &lt;h4 class=&quot;title&quot;&gt;Your Representative&lt;/h4&gt;&#xd;
                                 &lt;span&gt;&#xd;
                                 ## Container: planrepresentative&#xd;
## This is autogenerated code that cannot be changed&#xd;
#parseContainer(&apos;a226c9cd-fd88-4576-bab6-29512e827af7&apos;,&apos;1620649040867&apos;)&#xd;
&#xd;
&#xd;
                                &lt;/span&gt;&#xd;
                            &lt;/div&gt;                            &#xd;
                        &lt;/div&gt;&#xd;
                    &lt;/div&gt; &lt;!-- single blog --&gt;&#xd;
                &lt;/div&gt;&#xd;
            &lt;/div&gt; &lt;!-- row --&gt; &#xd;
        &lt;/div&gt;     &#xd;
&#xd;
    &lt;/div&gt;&lt;!-- /body-wrapper --&gt;&#xd;
&lt;br&gt;&#xd;
        #dotParse(&quot;${dotTheme.path}footer.vtl&quot;)&#xd;
&#xd;
&lt;/body&gt;&#xd;
&lt;/html&gt;</body>
    <image></image>
    <drawed>false</drawed>
    <countAddContainer>0</countAddContainer>
    <countContainers>0</countContainers>
  </com.dotmarketing.portlets.templates.model.Template>
</list>