<list>
  <com.dotmarketing.portlets.contentlet.model.ContentletVersionInfo>
    <identifier>032b926f-3016-4317-a13d-4efe6cf8946f</identifier>
    <liveInode>f554e8aa-c628-4c84-ac2c-cd1fc3586c6d</liveInode>
    <workingInode>f554e8aa-c628-4c84-ac2c-cd1fc3586c6d</workingInode>
    <lockedOn class="sql-timestamp">2020-07-24 15:49:43.959</lockedOn>
    <deleted>false</deleted>
    <versionTs class="sql-timestamp">2020-07-24 15:49:44.064</versionTs>
    <lang>1</lang>
  </com.dotmarketing.portlets.contentlet.model.ContentletVersionInfo>
  <com.dotmarketing.portlets.contentlet.model.ContentletVersionInfo>
    <identifier>1de0c6d0-dc48-4257-b2cb-7367514ae33f</identifier>
    <liveInode>a10a2570-21ff-4fd8-979a-586239051aff</liveInode>
    <workingInode>a10a2570-21ff-4fd8-979a-586239051aff</workingInode>
    <lockedOn class="sql-timestamp">2020-07-24 15:49:44.069</lockedOn>
    <deleted>false</deleted>
    <versionTs class="sql-timestamp">2020-07-24 15:49:44.239</versionTs>
    <lang>1</lang>
  </com.dotmarketing.portlets.contentlet.model.ContentletVersionInfo>
  <com.dotmarketing.portlets.contentlet.model.ContentletVersionInfo>
    <identifier>317942d1-2186-4e2b-95cb-046e29b5661a</identifier>
    <liveInode>cb155c84-cf4d-4079-9f0f-33f1f089aec2</liveInode>
    <workingInode>cb155c84-cf4d-4079-9f0f-33f1f089aec2</workingInode>
    <lockedOn class="sql-timestamp">2020-07-24 15:49:43.005</lockedOn>
    <deleted>false</deleted>
    <versionTs class="sql-timestamp">2020-07-24 15:49:43.816</versionTs>
    <lang>1</lang>
  </com.dotmarketing.portlets.contentlet.model.ContentletVersionInfo>
  <com.dotmarketing.portlets.contentlet.model.ContentletVersionInfo>
    <identifier>4786cf16-92fa-468b-88aa-3a9cc41b90f9</identifier>
    <liveInode>71dae995-2403-4a0b-b134-3b90544b3586</liveInode>
    <workingInode>71dae995-2403-4a0b-b134-3b90544b3586</workingInode>
    <lockedOn class="sql-timestamp">2020-07-24 15:49:42.048</lockedOn>
    <deleted>false</deleted>
    <versionTs class="sql-timestamp">2020-07-24 15:49:42.429</versionTs>
    <lang>1</lang>
  </com.dotmarketing.portlets.contentlet.model.ContentletVersionInfo>
  <com.dotmarketing.portlets.contentlet.model.ContentletVersionInfo>
    <identifier>580dcdaa-392f-42c3-a0ab-8069c7f85115</identifier>
    <liveInode>3d08581c-c421-42cb-bdba-0f6288a2f93a</liveInode>
    <workingInode>3d08581c-c421-42cb-bdba-0f6288a2f93a</workingInode>
    <lockedOn class="sql-timestamp">2020-07-24 15:49:42.714</lockedOn>
    <deleted>false</deleted>
    <versionTs class="sql-timestamp">2020-07-24 15:49:42.799</versionTs>
    <lang>1</lang>
  </com.dotmarketing.portlets.contentlet.model.ContentletVersionInfo>
  <com.dotmarketing.portlets.contentlet.model.ContentletVersionInfo>
    <identifier>58d46d3e-d4e7-4ba1-ab97-4d6136854e18</identifier>
    <liveInode>00b9d255-811c-4188-ade4-7aa5be488dd0</liveInode>
    <workingInode>00b9d255-811c-4188-ade4-7aa5be488dd0</workingInode>
    <lockedOn class="sql-timestamp">2020-07-24 15:49:44.371</lockedOn>
    <deleted>false</deleted>
    <versionTs class="sql-timestamp">2020-07-24 15:49:44.432</versionTs>
    <lang>1</lang>
  </com.dotmarketing.portlets.contentlet.model.ContentletVersionInfo>
  <com.dotmarketing.portlets.contentlet.model.ContentletVersionInfo>
    <identifier>5f70b959-6bf0-4179-bee6-5f798a931c48</identifier>
    <liveInode>9e556eb7-ae56-441a-a479-4435548a77ce</liveInode>
    <workingInode>9e556eb7-ae56-441a-a479-4435548a77ce</workingInode>
    <lockedOn class="sql-timestamp">2020-07-24 15:49:42.703</lockedOn>
    <deleted>false</deleted>
    <versionTs class="sql-timestamp">2020-07-24 15:49:42.792</versionTs>
    <lang>1</lang>
  </com.dotmarketing.portlets.contentlet.model.ContentletVersionInfo>
  <com.dotmarketing.portlets.contentlet.model.ContentletVersionInfo>
    <identifier>878d10f1-8447-4b8b-92ca-0f46903ad7f1</identifier>
    <liveInode>6f8b5ed6-39a0-4e31-a0ba-8b4c8ede6edf</liveInode>
    <workingInode>6f8b5ed6-39a0-4e31-a0ba-8b4c8ede6edf</workingInode>
    <lockedOn class="sql-timestamp">2020-07-24 15:49:42.084</lockedOn>
    <deleted>false</deleted>
    <versionTs class="sql-timestamp">2020-07-24 15:49:42.383</versionTs>
    <lang>1</lang>
  </com.dotmarketing.portlets.contentlet.model.ContentletVersionInfo>
  <com.dotmarketing.portlets.contentlet.model.ContentletVersionInfo>
    <identifier>8a7d5e23-da1e-420a-b4f0-471e7da8ea2d</identifier>
    <liveInode>1b407535-67e3-4f21-ad00-8ef5ef492d64</liveInode>
    <workingInode>1b407535-67e3-4f21-ad00-8ef5ef492d64</workingInode>
    <lockedBy>dotcms.org.1</lockedBy>
    <lockedOn class="sql-timestamp">2020-04-20 20:28:30.733</lockedOn>
    <deleted>false</deleted>
    <versionTs class="sql-timestamp">2020-04-20 20:28:30.955</versionTs>
    <lang>1</lang>
  </com.dotmarketing.portlets.contentlet.model.ContentletVersionInfo>
  <com.dotmarketing.portlets.contentlet.model.ContentletVersionInfo>
    <identifier>c38ccd74-b6c2-406c-8c6a-2da650f321d8</identifier>
    <liveInode>3754d743-9217-4c02-a610-528707eb58c7</liveInode>
    <workingInode>3754d743-9217-4c02-a610-528707eb58c7</workingInode>
    <lockedOn class="sql-timestamp">2020-07-24 15:49:43.619</lockedOn>
    <deleted>false</deleted>
    <versionTs class="sql-timestamp">2020-07-24 15:49:43.782</versionTs>
    <lang>1</lang>
  </com.dotmarketing.portlets.contentlet.model.ContentletVersionInfo>
  <com.dotmarketing.portlets.contentlet.model.ContentletVersionInfo>
    <identifier>cc36df03-6b81-4a9a-b185-667090134d4b</identifier>
    <liveInode>ecf6c7e0-b1b6-44eb-a2a4-b39ea0dd88f7</liveInode>
    <workingInode>ecf6c7e0-b1b6-44eb-a2a4-b39ea0dd88f7</workingInode>
    <lockedOn class="sql-timestamp">2020-07-24 15:49:44.506</lockedOn>
    <deleted>false</deleted>
    <versionTs class="sql-timestamp">2020-07-24 15:49:44.65</versionTs>
    <lang>1</lang>
  </com.dotmarketing.portlets.contentlet.model.ContentletVersionInfo>
  <com.dotmarketing.portlets.contentlet.model.ContentletVersionInfo>
    <identifier>SYSTEM_HOST</identifier>
    <liveInode>dbdec5e2-c02b-4cfb-83a9-4a4c4f3b2eb0</liveInode>
    <workingInode>dbdec5e2-c02b-4cfb-83a9-4a4c4f3b2eb0</workingInode>
    <lockedOn class="sql-timestamp">2012-06-07 09:46:26.0</lockedOn>
    <deleted>false</deleted>
    <versionTs class="sql-timestamp">2020-04-20 20:23:51.289</versionTs>
    <lang>1</lang>
  </com.dotmarketing.portlets.contentlet.model.ContentletVersionInfo>
</list>