<list>
  <com.dotmarketing.portlets.contentlet.model.ContentletVersionInfo>
    <identifier>1714ab71-854a-446d-8bb3-cfe227b55d47</identifier>
    <liveInode>bc3fc2b4-f1a7-4a26-8f87-40d673bb058b</liveInode>
    <workingInode>bc3fc2b4-f1a7-4a26-8f87-40d673bb058b</workingInode>
    <lockedOn class="sql-timestamp">2020-07-17 17:29:35.044</lockedOn>
    <deleted>false</deleted>
    <versionTs class="sql-timestamp">2020-07-17 17:29:35.09</versionTs>
    <lang>1</lang>
  </com.dotmarketing.portlets.contentlet.model.ContentletVersionInfo>
  <com.dotmarketing.portlets.contentlet.model.ContentletVersionInfo>
    <identifier>17252518-2b46-4d5c-9b92-24b1d5aaa1ae</identifier>
    <liveInode>c24138d3-e116-4c67-85c4-8c49524a34d4</liveInode>
    <workingInode>c24138d3-e116-4c67-85c4-8c49524a34d4</workingInode>
    <lockedOn class="sql-timestamp">2020-07-17 17:29:34.517</lockedOn>
    <deleted>false</deleted>
    <versionTs class="sql-timestamp">2020-07-17 17:29:34.724</versionTs>
    <lang>1</lang>
  </com.dotmarketing.portlets.contentlet.model.ContentletVersionInfo>
  <com.dotmarketing.portlets.contentlet.model.ContentletVersionInfo>
    <identifier>26e05749-206b-4826-b237-b9f051c2abf3</identifier>
    <liveInode>18509586-8c13-4919-95f8-2434d8c76ea7</liveInode>
    <workingInode>18509586-8c13-4919-95f8-2434d8c76ea7</workingInode>
    <lockedOn class="sql-timestamp">2020-07-17 17:29:35.94</lockedOn>
    <deleted>false</deleted>
    <versionTs class="sql-timestamp">2020-07-17 17:29:36.0</versionTs>
    <lang>1</lang>
  </com.dotmarketing.portlets.contentlet.model.ContentletVersionInfo>
  <com.dotmarketing.portlets.contentlet.model.ContentletVersionInfo>
    <identifier>549f2eaa-956b-4541-a6d8-8b004b87258c</identifier>
    <liveInode>b3ef5354-8cb6-43f8-a799-b3c7a01e79a2</liveInode>
    <workingInode>b3ef5354-8cb6-43f8-a799-b3c7a01e79a2</workingInode>
    <lockedOn class="sql-timestamp">2020-07-17 17:29:35.758</lockedOn>
    <deleted>false</deleted>
    <versionTs class="sql-timestamp">2020-07-17 17:29:35.804</versionTs>
    <lang>1</lang>
  </com.dotmarketing.portlets.contentlet.model.ContentletVersionInfo>
  <com.dotmarketing.portlets.contentlet.model.ContentletVersionInfo>
    <identifier>791d8e02-df47-4daf-8c18-12f71d386535</identifier>
    <liveInode>77ef9b15-39e7-4794-920c-15e5e6acfbdc</liveInode>
    <workingInode>77ef9b15-39e7-4794-920c-15e5e6acfbdc</workingInode>
    <lockedOn class="sql-timestamp">2020-07-17 17:29:35.696</lockedOn>
    <deleted>false</deleted>
    <versionTs class="sql-timestamp">2020-07-17 17:29:35.719</versionTs>
    <lang>1</lang>
  </com.dotmarketing.portlets.contentlet.model.ContentletVersionInfo>
  <com.dotmarketing.portlets.contentlet.model.ContentletVersionInfo>
    <identifier>8a7d5e23-da1e-420a-b4f0-471e7da8ea2d</identifier>
    <liveInode>1b407535-67e3-4f21-ad00-8ef5ef492d64</liveInode>
    <workingInode>1b407535-67e3-4f21-ad00-8ef5ef492d64</workingInode>
    <lockedBy>dotcms.org.1</lockedBy>
    <lockedOn class="sql-timestamp">2020-04-20 20:28:30.733</lockedOn>
    <deleted>false</deleted>
    <versionTs class="sql-timestamp">2020-04-20 20:28:30.955</versionTs>
    <lang>1</lang>
  </com.dotmarketing.portlets.contentlet.model.ContentletVersionInfo>
  <com.dotmarketing.portlets.contentlet.model.ContentletVersionInfo>
    <identifier>8ada9ded-4fa4-4a16-bb29-7da65ba8357f</identifier>
    <liveInode>cd77c024-e094-4cd9-832f-5ecd35009116</liveInode>
    <workingInode>cd77c024-e094-4cd9-832f-5ecd35009116</workingInode>
    <lockedOn class="sql-timestamp">2020-07-17 17:29:34.507</lockedOn>
    <deleted>false</deleted>
    <versionTs class="sql-timestamp">2020-07-17 17:29:34.723</versionTs>
    <lang>1</lang>
  </com.dotmarketing.portlets.contentlet.model.ContentletVersionInfo>
  <com.dotmarketing.portlets.contentlet.model.ContentletVersionInfo>
    <identifier>8b12dd86-e6e2-4e4a-a48f-686a76d0979f</identifier>
    <liveInode>7213a411-4bff-4a0d-aec8-034c21cfc5d8</liveInode>
    <workingInode>7213a411-4bff-4a0d-aec8-034c21cfc5d8</workingInode>
    <lockedOn class="sql-timestamp">2020-07-17 17:29:36.155</lockedOn>
    <deleted>false</deleted>
    <versionTs class="sql-timestamp">2020-07-17 17:29:36.201</versionTs>
    <lang>1</lang>
  </com.dotmarketing.portlets.contentlet.model.ContentletVersionInfo>
  <com.dotmarketing.portlets.contentlet.model.ContentletVersionInfo>
    <identifier>8ed81464-7340-4ab9-8ecf-7b73aa725d11</identifier>
    <liveInode>c95a9b82-9754-445e-adf8-06e4b6790a01</liveInode>
    <workingInode>c95a9b82-9754-445e-adf8-06e4b6790a01</workingInode>
    <lockedOn class="sql-timestamp">2020-07-17 17:29:35.148</lockedOn>
    <deleted>false</deleted>
    <versionTs class="sql-timestamp">2020-07-17 17:29:35.449</versionTs>
    <lang>1</lang>
  </com.dotmarketing.portlets.contentlet.model.ContentletVersionInfo>
  <com.dotmarketing.portlets.contentlet.model.ContentletVersionInfo>
    <identifier>b96c0d2d-c65e-499d-9f43-1edf6b487146</identifier>
    <liveInode>90e47bde-88d6-455f-b80e-c09389b83a77</liveInode>
    <workingInode>90e47bde-88d6-455f-b80e-c09389b83a77</workingInode>
    <lockedOn class="sql-timestamp">2020-07-17 17:29:34.906</lockedOn>
    <deleted>false</deleted>
    <versionTs class="sql-timestamp">2020-07-17 17:29:34.952</versionTs>
    <lang>1</lang>
  </com.dotmarketing.portlets.contentlet.model.ContentletVersionInfo>
  <com.dotmarketing.portlets.contentlet.model.ContentletVersionInfo>
    <identifier>eba78606-7bc2-454b-92f1-5f9e83226e00</identifier>
    <liveInode>81654916-2b76-4817-b6e2-fceae0dccb98</liveInode>
    <workingInode>81654916-2b76-4817-b6e2-fceae0dccb98</workingInode>
    <lockedOn class="sql-timestamp">2020-07-17 17:29:35.867</lockedOn>
    <deleted>false</deleted>
    <versionTs class="sql-timestamp">2020-07-17 17:29:35.923</versionTs>
    <lang>1</lang>
  </com.dotmarketing.portlets.contentlet.model.ContentletVersionInfo>
  <com.dotmarketing.portlets.contentlet.model.ContentletVersionInfo>
    <identifier>f7121e7d-bdec-4445-ae3a-9e8de277dad8</identifier>
    <liveInode>35f9c132-d3e7-4080-a348-20231704772f</liveInode>
    <workingInode>35f9c132-d3e7-4080-a348-20231704772f</workingInode>
    <lockedOn class="sql-timestamp">2020-07-17 17:29:34.899</lockedOn>
    <deleted>false</deleted>
    <versionTs class="sql-timestamp">2020-07-17 17:29:34.936</versionTs>
    <lang>1</lang>
  </com.dotmarketing.portlets.contentlet.model.ContentletVersionInfo>
  <com.dotmarketing.portlets.contentlet.model.ContentletVersionInfo>
    <identifier>SYSTEM_HOST</identifier>
    <liveInode>dbdec5e2-c02b-4cfb-83a9-4a4c4f3b2eb0</liveInode>
    <workingInode>dbdec5e2-c02b-4cfb-83a9-4a4c4f3b2eb0</workingInode>
    <lockedOn class="sql-timestamp">2012-06-07 09:46:26.0</lockedOn>
    <deleted>false</deleted>
    <versionTs class="sql-timestamp">2020-04-20 20:23:51.289</versionTs>
    <lang>1</lang>
  </com.dotmarketing.portlets.contentlet.model.ContentletVersionInfo>
</list>