<list>
  <com.dotmarketing.portlets.workflows.model.WorkflowTask>
    <id>2452bfe2-b9f9-4543-9d76-6cfa882f0298</id>
    <creationDate class="sql-timestamp">2020-07-20 21:54:27.014</creationDate>
    <modDate class="sql-timestamp">2020-07-20 21:54:27.014</modDate>
    <createdBy>e7d4e34e-5127-45fc-8123-d48b62d510e3</createdBy>
    <assignedTo>e7d4e34e-5127-45fc-8123-d48b62d510e3</assignedTo>
    <title>_sizes_import.scss</title>
    <status>dc3c9cd0-8467-404b-bf95-cb7df3fbc293</status>
    <webasset>818ce5d6-5154-47c0-a12f-6b6e8e048ded</webasset>
    <languageId>1</languageId>
  </com.dotmarketing.portlets.workflows.model.WorkflowTask>
  <com.dotmarketing.portlets.workflows.model.WorkflowTask>
    <id>3537e1e5-f7a3-40eb-a0f9-327901d3e5af</id>
    <creationDate class="sql-timestamp">2020-07-20 21:54:26.61</creationDate>
    <modDate class="sql-timestamp">2020-07-20 21:54:26.61</modDate>
    <createdBy>e7d4e34e-5127-45fc-8123-d48b62d510e3</createdBy>
    <assignedTo>e7d4e34e-5127-45fc-8123-d48b62d510e3</assignedTo>
    <title>_variables.scss</title>
    <status>dc3c9cd0-8467-404b-bf95-cb7df3fbc293</status>
    <webasset>2075aa56-f441-4a97-96a2-b104ffabe775</webasset>
    <languageId>1</languageId>
  </com.dotmarketing.portlets.workflows.model.WorkflowTask>
  <com.dotmarketing.portlets.workflows.model.WorkflowTask>
    <id>3a01c4f1-aa2c-46b9-8f24-2ce197a91a22</id>
    <creationDate class="sql-timestamp">2020-07-20 21:54:25.765</creationDate>
    <modDate class="sql-timestamp">2020-07-20 21:54:25.765</modDate>
    <createdBy>e7d4e34e-5127-45fc-8123-d48b62d510e3</createdBy>
    <assignedTo>e7d4e34e-5127-45fc-8123-d48b62d510e3</assignedTo>
    <title>_smallareastyles.scss</title>
    <status>dc3c9cd0-8467-404b-bf95-cb7df3fbc293</status>
    <webasset>4f7a01da-04ec-4b62-81d4-0cf17c0afd2e</webasset>
    <languageId>1</languageId>
  </com.dotmarketing.portlets.workflows.model.WorkflowTask>
  <com.dotmarketing.portlets.workflows.model.WorkflowTask>
    <id>52262a69-8f66-4447-a4a8-2c68966bf657</id>
    <creationDate class="sql-timestamp">2020-07-20 21:54:25.441</creationDate>
    <modDate class="sql-timestamp">2020-07-20 21:54:25.441</modDate>
    <createdBy>e7d4e34e-5127-45fc-8123-d48b62d510e3</createdBy>
    <assignedTo>e7d4e34e-5127-45fc-8123-d48b62d510e3</assignedTo>
    <title>_bodystyles.scss</title>
    <status>dc3c9cd0-8467-404b-bf95-cb7df3fbc293</status>
    <webasset>f40c796e-f864-4d8a-a455-37e7472ef7c1</webasset>
    <languageId>1</languageId>
  </com.dotmarketing.portlets.workflows.model.WorkflowTask>
  <com.dotmarketing.portlets.workflows.model.WorkflowTask>
    <id>8f98d508-fa67-47cc-a965-c48795f23f01</id>
    <creationDate class="sql-timestamp">2020-07-20 21:54:27.329</creationDate>
    <modDate class="sql-timestamp">2020-07-20 21:54:27.329</modDate>
    <createdBy>e7d4e34e-5127-45fc-8123-d48b62d510e3</createdBy>
    <assignedTo>e7d4e34e-5127-45fc-8123-d48b62d510e3</assignedTo>
    <title>_colors.scss</title>
    <status>dc3c9cd0-8467-404b-bf95-cb7df3fbc293</status>
    <webasset>9ec01ee1-01ee-479a-82c3-c200e05f8963</webasset>
    <languageId>1</languageId>
  </com.dotmarketing.portlets.workflows.model.WorkflowTask>
  <com.dotmarketing.portlets.workflows.model.WorkflowTask>
    <id>a7425567-72f9-44bd-869e-ebbbdfcabe28</id>
    <creationDate class="sql-timestamp">2020-07-20 21:54:25.801</creationDate>
    <modDate class="sql-timestamp">2020-07-20 21:54:25.802</modDate>
    <createdBy>e7d4e34e-5127-45fc-8123-d48b62d510e3</createdBy>
    <assignedTo>e7d4e34e-5127-45fc-8123-d48b62d510e3</assignedTo>
    <title>_largeareastyles.scss</title>
    <status>dc3c9cd0-8467-404b-bf95-cb7df3fbc293</status>
    <webasset>381321dc-60f3-4ef1-aa23-d9f42640d07e</webasset>
    <languageId>1</languageId>
  </com.dotmarketing.portlets.workflows.model.WorkflowTask>
  <com.dotmarketing.portlets.workflows.model.WorkflowTask>
    <id>b121a63d-1687-4f3b-8b2c-e5bbb2cd0e46</id>
    <creationDate class="sql-timestamp">2020-07-20 21:54:27.358</creationDate>
    <modDate class="sql-timestamp">2020-07-20 21:54:27.358</modDate>
    <createdBy>e7d4e34e-5127-45fc-8123-d48b62d510e3</createdBy>
    <assignedTo>e7d4e34e-5127-45fc-8123-d48b62d510e3</assignedTo>
    <title>_sizes.scss</title>
    <status>dc3c9cd0-8467-404b-bf95-cb7df3fbc293</status>
    <webasset>60b6f918-a135-43a4-8810-3a4f2c9fa5d5</webasset>
    <languageId>1</languageId>
  </com.dotmarketing.portlets.workflows.model.WorkflowTask>
  <com.dotmarketing.portlets.workflows.model.WorkflowTask>
    <id>c4e40b1a-c449-4e5f-b70c-7400e75d7b75</id>
    <creationDate class="sql-timestamp">2020-07-20 21:54:27.049</creationDate>
    <modDate class="sql-timestamp">2020-07-20 21:54:27.049</modDate>
    <createdBy>e7d4e34e-5127-45fc-8123-d48b62d510e3</createdBy>
    <assignedTo>e7d4e34e-5127-45fc-8123-d48b62d510e3</assignedTo>
    <title>_colors_import.scss</title>
    <status>dc3c9cd0-8467-404b-bf95-cb7df3fbc293</status>
    <webasset>0e638a82-5334-459c-b27e-ff7b8624939d</webasset>
    <languageId>1</languageId>
  </com.dotmarketing.portlets.workflows.model.WorkflowTask>
  <com.dotmarketing.portlets.workflows.model.WorkflowTask>
    <id>d8d99c71-4780-4403-91d0-66f7780d1a2d</id>
    <creationDate class="sql-timestamp">2020-07-20 21:54:26.611</creationDate>
    <modDate class="sql-timestamp">2020-07-20 21:54:26.611</modDate>
    <createdBy>e7d4e34e-5127-45fc-8123-d48b62d510e3</createdBy>
    <assignedTo>e7d4e34e-5127-45fc-8123-d48b62d510e3</assignedTo>
    <title>testsass.htm</title>
    <status>dc3c9cd0-8467-404b-bf95-cb7df3fbc293</status>
    <webasset>b9032aaa-ec51-40ed-b552-0c9c6a2eed64</webasset>
    <languageId>1</languageId>
  </com.dotmarketing.portlets.workflows.model.WorkflowTask>
  <com.dotmarketing.portlets.workflows.model.WorkflowTask>
    <id>e23b6eb4-14e8-4642-9485-9ae3c5bdfe50</id>
    <creationDate class="sql-timestamp">2020-07-20 21:54:25.406</creationDate>
    <modDate class="sql-timestamp">2020-07-20 21:54:25.407</modDate>
    <createdBy>e7d4e34e-5127-45fc-8123-d48b62d510e3</createdBy>
    <assignedTo>e7d4e34e-5127-45fc-8123-d48b62d510e3</assignedTo>
    <title>styles.scss</title>
    <status>dc3c9cd0-8467-404b-bf95-cb7df3fbc293</status>
    <webasset>4a3f3f81-78d9-41c5-a4ff-29fc0d0b3289</webasset>
    <languageId>1</languageId>
  </com.dotmarketing.portlets.workflows.model.WorkflowTask>
</list>