<list>
  <com.dotmarketing.portlets.folders.model.Folder>
    <iDate class="sql-timestamp">2020-07-17 17:29:35.614</iDate>
    <type>folder</type>
    <owner></owner>
    <inode>6beed911-bd42-4c94-81d1-500954d1dbb9</inode>
    <identifier>0b809bba-f421-441d-8a91-a1ffeb913599</identifier>
    <name>colors</name>
    <sortOrder>0</sortOrder>
    <showOnMenu>false</showOnMenu>
    <hostId>8a7d5e23-da1e-420a-b4f0-471e7da8ea2d</hostId>
    <title>colors</title>
    <filesMasks></filesMasks>
    <defaultFileType>33888b6f-7a8e-4069-b1b6-5c1aa9d0a48d</defaultFileType>
    <modDate class="sql-timestamp">2020-07-17 17:29:35.616</modDate>
  </com.dotmarketing.portlets.folders.model.Folder>
  <com.dotmarketing.portlets.folders.model.Folder>
    <iDate class="sql-timestamp">2020-07-17 17:29:35.478</iDate>
    <type>folder</type>
    <owner></owner>
    <inode>8e02304e-9653-422c-a6da-4f4d3e88293e</inode>
    <identifier>9066b369-9bce-40b9-8771-a2436330376c</identifier>
    <name>sizes</name>
    <sortOrder>0</sortOrder>
    <showOnMenu>false</showOnMenu>
    <hostId>8a7d5e23-da1e-420a-b4f0-471e7da8ea2d</hostId>
    <title>sizes</title>
    <filesMasks></filesMasks>
    <defaultFileType>33888b6f-7a8e-4069-b1b6-5c1aa9d0a48d</defaultFileType>
    <modDate class="sql-timestamp">2020-07-17 17:29:35.49</modDate>
  </com.dotmarketing.portlets.folders.model.Folder>
  <com.dotmarketing.portlets.folders.model.Folder>
    <iDate class="sql-timestamp">2020-07-17 17:29:35.243</iDate>
    <type>folder</type>
    <owner></owner>
    <inode>66a477fa-e2d6-40f5-8838-b14a6a239200</inode>
    <identifier>69f97f58-60cf-4055-91c7-d011eaf1c857</identifier>
    <name>includes</name>
    <sortOrder>0</sortOrder>
    <showOnMenu>false</showOnMenu>
    <hostId>8a7d5e23-da1e-420a-b4f0-471e7da8ea2d</hostId>
    <title>includes</title>
    <filesMasks></filesMasks>
    <defaultFileType>33888b6f-7a8e-4069-b1b6-5c1aa9d0a48d</defaultFileType>
    <modDate class="sql-timestamp">2020-07-17 17:29:35.245</modDate>
  </com.dotmarketing.portlets.folders.model.Folder>
  <com.dotmarketing.portlets.folders.model.Folder>
    <iDate class="sql-timestamp">2020-07-17 17:29:34.318</iDate>
    <type>folder</type>
    <owner></owner>
    <inode>98978840-cebc-4b6f-9ef4-c99f38aab9e9</inode>
    <identifier>f93b3d12-895d-47df-8547-e13d88f17122</identifier>
    <name>variables</name>
    <sortOrder>0</sortOrder>
    <showOnMenu>false</showOnMenu>
    <hostId>8a7d5e23-da1e-420a-b4f0-471e7da8ea2d</hostId>
    <title>variables</title>
    <filesMasks></filesMasks>
    <defaultFileType>33888b6f-7a8e-4069-b1b6-5c1aa9d0a48d</defaultFileType>
    <modDate class="sql-timestamp">2020-07-17 17:29:34.327</modDate>
  </com.dotmarketing.portlets.folders.model.Folder>
  <com.dotmarketing.portlets.folders.model.Folder>
    <iDate class="sql-timestamp">2020-07-17 17:29:34.182</iDate>
    <type>folder</type>
    <owner></owner>
    <inode>ac143e98-e0a4-4bbf-9bdf-f7e41afd7797</inode>
    <identifier>613b9d47-ee5e-4b67-addd-be095acaf08f</identifier>
    <name>sass</name>
    <sortOrder>0</sortOrder>
    <showOnMenu>false</showOnMenu>
    <hostId>8a7d5e23-da1e-420a-b4f0-471e7da8ea2d</hostId>
    <title>sass</title>
    <filesMasks></filesMasks>
    <defaultFileType>33888b6f-7a8e-4069-b1b6-5c1aa9d0a48d</defaultFileType>
    <modDate class="sql-timestamp">2020-07-17 17:29:34.189</modDate>
  </com.dotmarketing.portlets.folders.model.Folder>
  <com.dotmarketing.portlets.folders.model.Folder>
    <iDate class="sql-timestamp">2009-10-08 16:27:18.0</iDate>
    <type>folder</type>
    <owner>system</owner>
    <inode>SYSTEM_FOLDER</inode>
    <identifier>bc9a1d37-dd2d-4d49-a29d-0c9be740bfaf</identifier>
    <name>system folder</name>
    <sortOrder>0</sortOrder>
    <showOnMenu>false</showOnMenu>
    <hostId>SYSTEM_HOST</hostId>
    <title>System folder</title>
    <filesMasks></filesMasks>
    <defaultFileType>33888b6f-7a8e-4069-b1b6-5c1aa9d0a48d</defaultFileType>
    <modDate class="sql-timestamp">2017-03-07 13:25:58.0</modDate>
  </com.dotmarketing.portlets.folders.model.Folder>
</list>