<list>
  <com.dotmarketing.beans.Identifier>
    <id>8a7d5e23-da1e-420a-b4f0-471e7da8ea2d</id>
    <assetName>content.ff462f88-d9e1-4d31-b084-b73cb61976d3</assetName>
    <assetType>contentlet</assetType>
    <parentPath>/</parentPath>
    <hostId>SYSTEM_HOST</hostId>
  </com.dotmarketing.beans.Identifier>
  <com.dotmarketing.beans.Identifier>
    <id>9e9decf4-c0ec-4be8-ad90-1728b53dc77a</id>
    <assetName>sass</assetName>
    <assetType>folder</assetType>
    <parentPath>/</parentPath>
    <hostId>8a7d5e23-da1e-420a-b4f0-471e7da8ea2d</hostId>
  </com.dotmarketing.beans.Identifier>
  <com.dotmarketing.beans.Identifier>
    <id>SYSTEM_HOST</id>
    <assetName>system host</assetName>
    <assetType>contentlet</assetType>
    <parentPath>/</parentPath>
    <hostId>SYSTEM_HOST</hostId>
  </com.dotmarketing.beans.Identifier>
  <com.dotmarketing.beans.Identifier>
    <id>317942d1-2186-4e2b-95cb-046e29b5661a</id>
    <assetName>testsass.htm</assetName>
    <assetType>contentlet</assetType>
    <parentPath>/sass/</parentPath>
    <hostId>8a7d5e23-da1e-420a-b4f0-471e7da8ea2d</hostId>
  </com.dotmarketing.beans.Identifier>
  <com.dotmarketing.beans.Identifier>
    <id>4786cf16-92fa-468b-88aa-3a9cc41b90f9</id>
    <assetName>_bodystyles.scss</assetName>
    <assetType>contentlet</assetType>
    <parentPath>/sass/</parentPath>
    <hostId>8a7d5e23-da1e-420a-b4f0-471e7da8ea2d</hostId>
  </com.dotmarketing.beans.Identifier>
  <com.dotmarketing.beans.Identifier>
    <id>580dcdaa-392f-42c3-a0ab-8069c7f85115</id>
    <assetName>_smallareastyles.scss</assetName>
    <assetType>contentlet</assetType>
    <parentPath>/sass/</parentPath>
    <hostId>8a7d5e23-da1e-420a-b4f0-471e7da8ea2d</hostId>
  </com.dotmarketing.beans.Identifier>
  <com.dotmarketing.beans.Identifier>
    <id>5f70b959-6bf0-4179-bee6-5f798a931c48</id>
    <assetName>_largeareastyles.scss</assetName>
    <assetType>contentlet</assetType>
    <parentPath>/sass/</parentPath>
    <hostId>8a7d5e23-da1e-420a-b4f0-471e7da8ea2d</hostId>
  </com.dotmarketing.beans.Identifier>
  <com.dotmarketing.beans.Identifier>
    <id>7919ac13-a1e1-47ed-a29b-8f791c2767c8</id>
    <assetName>variables</assetName>
    <assetType>folder</assetType>
    <parentPath>/sass/</parentPath>
    <hostId>8a7d5e23-da1e-420a-b4f0-471e7da8ea2d</hostId>
  </com.dotmarketing.beans.Identifier>
  <com.dotmarketing.beans.Identifier>
    <id>878d10f1-8447-4b8b-92ca-0f46903ad7f1</id>
    <assetName>styles.scss</assetName>
    <assetType>contentlet</assetType>
    <parentPath>/sass/</parentPath>
    <hostId>8a7d5e23-da1e-420a-b4f0-471e7da8ea2d</hostId>
  </com.dotmarketing.beans.Identifier>
  <com.dotmarketing.beans.Identifier>
    <id>41e064b4-4d80-4aa4-b289-67b26a3d53ad</id>
    <assetName>sizes</assetName>
    <assetType>folder</assetType>
    <parentPath>/sass/variables/</parentPath>
    <hostId>8a7d5e23-da1e-420a-b4f0-471e7da8ea2d</hostId>
  </com.dotmarketing.beans.Identifier>
  <com.dotmarketing.beans.Identifier>
    <id>5e860d0c-6f8f-4f9b-9196-90f3da47e3f4</id>
    <assetName>colors</assetName>
    <assetType>folder</assetType>
    <parentPath>/sass/variables/</parentPath>
    <hostId>8a7d5e23-da1e-420a-b4f0-471e7da8ea2d</hostId>
  </com.dotmarketing.beans.Identifier>
  <com.dotmarketing.beans.Identifier>
    <id>90b7e590-dd3e-487b-94d9-65bbefe19223</id>
    <assetName>includes</assetName>
    <assetType>folder</assetType>
    <parentPath>/sass/variables/</parentPath>
    <hostId>8a7d5e23-da1e-420a-b4f0-471e7da8ea2d</hostId>
  </com.dotmarketing.beans.Identifier>
  <com.dotmarketing.beans.Identifier>
    <id>c38ccd74-b6c2-406c-8c6a-2da650f321d8</id>
    <assetName>_variables.scss</assetName>
    <assetType>contentlet</assetType>
    <parentPath>/sass/variables/</parentPath>
    <hostId>8a7d5e23-da1e-420a-b4f0-471e7da8ea2d</hostId>
  </com.dotmarketing.beans.Identifier>
  <com.dotmarketing.beans.Identifier>
    <id>cc36df03-6b81-4a9a-b185-667090134d4b</id>
    <assetName>_colors.scss</assetName>
    <assetType>contentlet</assetType>
    <parentPath>/sass/variables/colors/</parentPath>
    <hostId>8a7d5e23-da1e-420a-b4f0-471e7da8ea2d</hostId>
  </com.dotmarketing.beans.Identifier>
  <com.dotmarketing.beans.Identifier>
    <id>032b926f-3016-4317-a13d-4efe6cf8946f</id>
    <assetName>_sizes_import.scss</assetName>
    <assetType>contentlet</assetType>
    <parentPath>/sass/variables/includes/</parentPath>
    <hostId>8a7d5e23-da1e-420a-b4f0-471e7da8ea2d</hostId>
  </com.dotmarketing.beans.Identifier>
  <com.dotmarketing.beans.Identifier>
    <id>1de0c6d0-dc48-4257-b2cb-7367514ae33f</id>
    <assetName>_colors_import.scss</assetName>
    <assetType>contentlet</assetType>
    <parentPath>/sass/variables/includes/</parentPath>
    <hostId>8a7d5e23-da1e-420a-b4f0-471e7da8ea2d</hostId>
  </com.dotmarketing.beans.Identifier>
  <com.dotmarketing.beans.Identifier>
    <id>58d46d3e-d4e7-4ba1-ab97-4d6136854e18</id>
    <assetName>_sizes.scss</assetName>
    <assetType>contentlet</assetType>
    <parentPath>/sass/variables/sizes/</parentPath>
    <hostId>8a7d5e23-da1e-420a-b4f0-471e7da8ea2d</hostId>
  </com.dotmarketing.beans.Identifier>
  <com.dotmarketing.beans.Identifier>
    <id>bc9a1d37-dd2d-4d49-a29d-0c9be740bfaf</id>
    <assetName>system folder</assetName>
    <assetType>folder</assetType>
    <parentPath>/System folder</parentPath>
    <hostId>SYSTEM_HOST</hostId>
  </com.dotmarketing.beans.Identifier>
</list>