<list>
  <com.dotmarketing.portlets.workflows.model.WorkflowTask>
    <id>014a3a0a-1019-452b-9ca3-a1976ee0f767</id>
    <creationDate class="sql-timestamp">2020-07-17 17:29:36.049</creationDate>
    <modDate class="sql-timestamp">2020-07-17 17:29:36.049</modDate>
    <createdBy>e7d4e34e-5127-45fc-8123-d48b62d510e3</createdBy>
    <assignedTo>e7d4e34e-5127-45fc-8123-d48b62d510e3</assignedTo>
    <title>_sizes.scss</title>
    <status>dc3c9cd0-8467-404b-bf95-cb7df3fbc293</status>
    <webasset>26e05749-206b-4826-b237-b9f051c2abf3</webasset>
    <languageId>1</languageId>
  </com.dotmarketing.portlets.workflows.model.WorkflowTask>
  <com.dotmarketing.portlets.workflows.model.WorkflowTask>
    <id>0b7304ef-dfa0-4276-8911-98be1df3fceb</id>
    <creationDate class="sql-timestamp">2020-07-17 17:29:35.126</creationDate>
    <modDate class="sql-timestamp">2020-07-17 17:29:35.127</modDate>
    <createdBy>e7d4e34e-5127-45fc-8123-d48b62d510e3</createdBy>
    <assignedTo>e7d4e34e-5127-45fc-8123-d48b62d510e3</assignedTo>
    <title>requests.http</title>
    <status>dc3c9cd0-8467-404b-bf95-cb7df3fbc293</status>
    <webasset>1714ab71-854a-446d-8bb3-cfe227b55d47</webasset>
    <languageId>1</languageId>
  </com.dotmarketing.portlets.workflows.model.WorkflowTask>
  <com.dotmarketing.portlets.workflows.model.WorkflowTask>
    <id>11a479a3-4b8b-4daf-ba5c-e83c3b1a5fa4</id>
    <creationDate class="sql-timestamp">2020-07-17 17:29:34.968</creationDate>
    <modDate class="sql-timestamp">2020-07-17 17:29:34.968</modDate>
    <createdBy>e7d4e34e-5127-45fc-8123-d48b62d510e3</createdBy>
    <assignedTo>e7d4e34e-5127-45fc-8123-d48b62d510e3</assignedTo>
    <title>_smallareastyles.scss</title>
    <status>dc3c9cd0-8467-404b-bf95-cb7df3fbc293</status>
    <webasset>b96c0d2d-c65e-499d-9f43-1edf6b487146</webasset>
    <languageId>1</languageId>
  </com.dotmarketing.portlets.workflows.model.WorkflowTask>
  <com.dotmarketing.portlets.workflows.model.WorkflowTask>
    <id>153e2d3f-0bed-42d7-93df-561353e5f43b</id>
    <creationDate class="sql-timestamp">2020-07-17 17:29:36.21</creationDate>
    <modDate class="sql-timestamp">2020-07-17 17:29:36.211</modDate>
    <createdBy>e7d4e34e-5127-45fc-8123-d48b62d510e3</createdBy>
    <assignedTo>e7d4e34e-5127-45fc-8123-d48b62d510e3</assignedTo>
    <title>_colors.scss</title>
    <status>dc3c9cd0-8467-404b-bf95-cb7df3fbc293</status>
    <webasset>8b12dd86-e6e2-4e4a-a48f-686a76d0979f</webasset>
    <languageId>1</languageId>
  </com.dotmarketing.portlets.workflows.model.WorkflowTask>
  <com.dotmarketing.portlets.workflows.model.WorkflowTask>
    <id>63f0e543-eb29-4bd7-a032-0430ae95ed4b</id>
    <creationDate class="sql-timestamp">2020-07-17 17:29:35.471</creationDate>
    <modDate class="sql-timestamp">2020-07-17 17:29:35.471</modDate>
    <createdBy>e7d4e34e-5127-45fc-8123-d48b62d510e3</createdBy>
    <assignedTo>e7d4e34e-5127-45fc-8123-d48b62d510e3</assignedTo>
    <title>testsass.htm</title>
    <status>dc3c9cd0-8467-404b-bf95-cb7df3fbc293</status>
    <webasset>8ed81464-7340-4ab9-8ecf-7b73aa725d11</webasset>
    <languageId>1</languageId>
  </com.dotmarketing.portlets.workflows.model.WorkflowTask>
  <com.dotmarketing.portlets.workflows.model.WorkflowTask>
    <id>8100e29d-6000-44dc-9dcf-9a8472d9343f</id>
    <creationDate class="sql-timestamp">2020-07-17 17:29:34.755</creationDate>
    <modDate class="sql-timestamp">2020-07-17 17:29:34.756</modDate>
    <createdBy>e7d4e34e-5127-45fc-8123-d48b62d510e3</createdBy>
    <assignedTo>e7d4e34e-5127-45fc-8123-d48b62d510e3</assignedTo>
    <title>styles.scss</title>
    <status>dc3c9cd0-8467-404b-bf95-cb7df3fbc293</status>
    <webasset>17252518-2b46-4d5c-9b92-24b1d5aaa1ae</webasset>
    <languageId>1</languageId>
  </com.dotmarketing.portlets.workflows.model.WorkflowTask>
  <com.dotmarketing.portlets.workflows.model.WorkflowTask>
    <id>8dca48cf-7b5b-4586-a43a-c65b239483b9</id>
    <creationDate class="sql-timestamp">2020-07-17 17:29:34.754</creationDate>
    <modDate class="sql-timestamp">2020-07-17 17:29:34.755</modDate>
    <createdBy>e7d4e34e-5127-45fc-8123-d48b62d510e3</createdBy>
    <assignedTo>e7d4e34e-5127-45fc-8123-d48b62d510e3</assignedTo>
    <title>_bodystyles.scss</title>
    <status>dc3c9cd0-8467-404b-bf95-cb7df3fbc293</status>
    <webasset>8ada9ded-4fa4-4a16-bb29-7da65ba8357f</webasset>
    <languageId>1</languageId>
  </com.dotmarketing.portlets.workflows.model.WorkflowTask>
  <com.dotmarketing.portlets.workflows.model.WorkflowTask>
    <id>bbd14387-2d1b-45e8-921a-626ed1cf92a5</id>
    <creationDate class="sql-timestamp">2020-07-17 17:29:34.944</creationDate>
    <modDate class="sql-timestamp">2020-07-17 17:29:34.945</modDate>
    <createdBy>e7d4e34e-5127-45fc-8123-d48b62d510e3</createdBy>
    <assignedTo>e7d4e34e-5127-45fc-8123-d48b62d510e3</assignedTo>
    <title>_largeareastyles.scss</title>
    <status>dc3c9cd0-8467-404b-bf95-cb7df3fbc293</status>
    <webasset>f7121e7d-bdec-4445-ae3a-9e8de277dad8</webasset>
    <languageId>1</languageId>
  </com.dotmarketing.portlets.workflows.model.WorkflowTask>
  <com.dotmarketing.portlets.workflows.model.WorkflowTask>
    <id>eab93a83-db86-4dc9-9956-192f7b4d8521</id>
    <creationDate class="sql-timestamp">2020-07-17 17:29:35.812</creationDate>
    <modDate class="sql-timestamp">2020-07-17 17:29:35.812</modDate>
    <createdBy>e7d4e34e-5127-45fc-8123-d48b62d510e3</createdBy>
    <assignedTo>e7d4e34e-5127-45fc-8123-d48b62d510e3</assignedTo>
    <title>_sizes_import.scss</title>
    <status>dc3c9cd0-8467-404b-bf95-cb7df3fbc293</status>
    <webasset>549f2eaa-956b-4541-a6d8-8b004b87258c</webasset>
    <languageId>1</languageId>
  </com.dotmarketing.portlets.workflows.model.WorkflowTask>
  <com.dotmarketing.portlets.workflows.model.WorkflowTask>
    <id>f12c8d7f-95ca-40d9-ae72-a7c9d9d9273a</id>
    <creationDate class="sql-timestamp">2020-07-17 17:29:35.727</creationDate>
    <modDate class="sql-timestamp">2020-07-17 17:29:35.728</modDate>
    <createdBy>e7d4e34e-5127-45fc-8123-d48b62d510e3</createdBy>
    <assignedTo>e7d4e34e-5127-45fc-8123-d48b62d510e3</assignedTo>
    <title>_variables.scss</title>
    <status>dc3c9cd0-8467-404b-bf95-cb7df3fbc293</status>
    <webasset>791d8e02-df47-4daf-8c18-12f71d386535</webasset>
    <languageId>1</languageId>
  </com.dotmarketing.portlets.workflows.model.WorkflowTask>
  <com.dotmarketing.portlets.workflows.model.WorkflowTask>
    <id>fec9c587-0ed0-498e-881e-8011e59c2345</id>
    <creationDate class="sql-timestamp">2020-07-17 17:29:35.935</creationDate>
    <modDate class="sql-timestamp">2020-07-17 17:29:35.936</modDate>
    <createdBy>e7d4e34e-5127-45fc-8123-d48b62d510e3</createdBy>
    <assignedTo>e7d4e34e-5127-45fc-8123-d48b62d510e3</assignedTo>
    <title>_colors_import.scss</title>
    <status>dc3c9cd0-8467-404b-bf95-cb7df3fbc293</status>
    <webasset>eba78606-7bc2-454b-92f1-5f9e83226e00</webasset>
    <languageId>1</languageId>
  </com.dotmarketing.portlets.workflows.model.WorkflowTask>
</list>