<list>
  <com.dotmarketing.portlets.contentlet.business.Contentlet>
    <iDate class="sql-timestamp">2020-07-17 17:29:35.069</iDate>
    <type>contentlet</type>
    <owner>dotcms.org.1</owner>
    <inode>c95a9b82-9754-445e-adf8-06e4b6790a01</inode>
    <identifier>8ed81464-7340-4ab9-8ecf-7b73aa725d11</identifier>
    <source>DB</source>
    <title>testsass.htm</title>
    <friendlyName>testsass.htm</friendlyName>
    <modDate class="sql-timestamp">2020-07-17 17:29:35.069</modDate>
    <modUser>dotcms.org.1</modUser>
    <sortOrder>0</sortOrder>
    <showOnMenu>false</showOnMenu>
    <fAPI class="com.dotmarketing.portlets.structure.business.FieldAPIImpl"/>
    <structureInode>33888b6f-7a8e-4069-b1b6-5c1aa9d0a48d</structureInode>
    <languageId>1</languageId>
    <text2>testsass.htm</text2>
    <text3>testsass.htm</text3>
    <text5>testsass</text5>
    <text__area1>{&quot;content&quot;:&quot;\n\tHey\n\n\t\n\t\tLarge\n\n\t\t\n\t\t\tSmall\n\n\t\t\n\n\t\n\n\t&quot;,&quot;contentType&quot;:&quot;text/html; charset=ISO-8859-1&quot;,&quot;fileSize&quot;:273,&quot;length&quot;:273,&quot;title&quot;:&quot;Page Title&quot;}</text__area1>
    <integer1>0</integer1>
    <integer2>0</integer2>
    <integer3>0</integer3>
    <integer4>0</integer4>
    <integer5>0</integer5>
    <integer6>0</integer6>
    <integer7>0</integer7>
    <integer8>0</integer8>
    <integer9>0</integer9>
    <integer10>0</integer10>
    <integer11>0</integer11>
    <integer12>0</integer12>
    <integer13>0</integer13>
    <integer14>0</integer14>
    <integer15>0</integer15>
    <integer16>0</integer16>
    <integer17>0</integer17>
    <integer18>0</integer18>
    <integer19>0</integer19>
    <integer20>0</integer20>
    <integer21>0</integer21>
    <integer22>0</integer22>
    <integer23>0</integer23>
    <integer24>0</integer24>
    <integer25>0</integer25>
    <float1>0.0</float1>
    <float2>0.0</float2>
    <float3>0.0</float3>
    <float4>0.0</float4>
    <float5>0.0</float5>
    <float6>0.0</float6>
    <float7>0.0</float7>
    <float8>0.0</float8>
    <float9>0.0</float9>
    <float10>0.0</float10>
    <float11>0.0</float11>
    <float12>0.0</float12>
    <float13>0.0</float13>
    <float14>0.0</float14>
    <float15>0.0</float15>
    <float16>0.0</float16>
    <float17>0.0</float17>
    <float18>0.0</float18>
    <float19>0.0</float19>
    <float20>0.0</float20>
    <float21>0.0</float21>
    <float22>0.0</float22>
    <float23>0.0</float23>
    <float24>0.0</float24>
    <float25>0.0</float25>
    <bool1>false</bool1>
    <bool2>false</bool2>
    <bool3>false</bool3>
    <bool4>false</bool4>
    <bool5>false</bool5>
    <bool6>false</bool6>
    <bool7>false</bool7>
    <bool8>false</bool8>
    <bool9>false</bool9>
    <bool10>false</bool10>
    <bool11>false</bool11>
    <bool12>false</bool12>
    <bool13>false</bool13>
    <bool14>false</bool14>
    <bool15>false</bool15>
    <bool16>false</bool16>
    <bool17>false</bool17>
    <bool18>false</bool18>
    <bool19>false</bool19>
    <bool20>false</bool20>
    <bool21>false</bool21>
    <bool22>false</bool22>
    <bool23>false</bool23>
    <bool24>false</bool24>
    <bool25>false</bool25>
  </com.dotmarketing.portlets.contentlet.business.Contentlet>
  <com.dotmarketing.portlets.contentlet.business.Contentlet>
    <iDate class="sql-timestamp">2020-07-17 17:29:34.497</iDate>
    <type>contentlet</type>
    <owner>dotcms.org.1</owner>
    <inode>c24138d3-e116-4c67-85c4-8c49524a34d4</inode>
    <identifier>17252518-2b46-4d5c-9b92-24b1d5aaa1ae</identifier>
    <source>DB</source>
    <title>styles.scss</title>
    <friendlyName>styles.scss</friendlyName>
    <modDate class="sql-timestamp">2020-07-17 17:29:34.496</modDate>
    <modUser>dotcms.org.1</modUser>
    <sortOrder>0</sortOrder>
    <showOnMenu>false</showOnMenu>
    <fAPI class="com.dotmarketing.portlets.structure.business.FieldAPIImpl" reference="../../com.dotmarketing.portlets.contentlet.business.Contentlet/fAPI"/>
    <structureInode>33888b6f-7a8e-4069-b1b6-5c1aa9d0a48d</structureInode>
    <languageId>1</languageId>
    <text2>styles.scss</text2>
    <text3>styles.scss</text3>
    <text5>styles</text5>
    <text__area1>{&quot;content&quot;:&quot;@import \&quot;/sass/variables/variables\&quot;;\n@import \&quot;/sass/bodystyles\&quot;;\n@import \&quot;//default/sass/largeareastyles\&quot;;\n@import \&quot;//default/sass/smallareastyles\&quot;;\n\n\n&quot;,&quot;contentType&quot;:&quot;text/plain; charset=ISO-8859-1&quot;,&quot;fileSize&quot;:150,&quot;length&quot;:150}</text__area1>
    <integer1>0</integer1>
    <integer2>0</integer2>
    <integer3>0</integer3>
    <integer4>0</integer4>
    <integer5>0</integer5>
    <integer6>0</integer6>
    <integer7>0</integer7>
    <integer8>0</integer8>
    <integer9>0</integer9>
    <integer10>0</integer10>
    <integer11>0</integer11>
    <integer12>0</integer12>
    <integer13>0</integer13>
    <integer14>0</integer14>
    <integer15>0</integer15>
    <integer16>0</integer16>
    <integer17>0</integer17>
    <integer18>0</integer18>
    <integer19>0</integer19>
    <integer20>0</integer20>
    <integer21>0</integer21>
    <integer22>0</integer22>
    <integer23>0</integer23>
    <integer24>0</integer24>
    <integer25>0</integer25>
    <float1>0.0</float1>
    <float2>0.0</float2>
    <float3>0.0</float3>
    <float4>0.0</float4>
    <float5>0.0</float5>
    <float6>0.0</float6>
    <float7>0.0</float7>
    <float8>0.0</float8>
    <float9>0.0</float9>
    <float10>0.0</float10>
    <float11>0.0</float11>
    <float12>0.0</float12>
    <float13>0.0</float13>
    <float14>0.0</float14>
    <float15>0.0</float15>
    <float16>0.0</float16>
    <float17>0.0</float17>
    <float18>0.0</float18>
    <float19>0.0</float19>
    <float20>0.0</float20>
    <float21>0.0</float21>
    <float22>0.0</float22>
    <float23>0.0</float23>
    <float24>0.0</float24>
    <float25>0.0</float25>
    <bool1>false</bool1>
    <bool2>false</bool2>
    <bool3>false</bool3>
    <bool4>false</bool4>
    <bool5>false</bool5>
    <bool6>false</bool6>
    <bool7>false</bool7>
    <bool8>false</bool8>
    <bool9>false</bool9>
    <bool10>false</bool10>
    <bool11>false</bool11>
    <bool12>false</bool12>
    <bool13>false</bool13>
    <bool14>false</bool14>
    <bool15>false</bool15>
    <bool16>false</bool16>
    <bool17>false</bool17>
    <bool18>false</bool18>
    <bool19>false</bool19>
    <bool20>false</bool20>
    <bool21>false</bool21>
    <bool22>false</bool22>
    <bool23>false</bool23>
    <bool24>false</bool24>
    <bool25>false</bool25>
  </com.dotmarketing.portlets.contentlet.business.Contentlet>
  <com.dotmarketing.portlets.contentlet.business.Contentlet>
    <iDate class="sql-timestamp">2020-07-17 17:29:35.03</iDate>
    <type>contentlet</type>
    <owner>dotcms.org.1</owner>
    <inode>bc3fc2b4-f1a7-4a26-8f87-40d673bb058b</inode>
    <identifier>1714ab71-854a-446d-8bb3-cfe227b55d47</identifier>
    <source>DB</source>
    <title>requests.http</title>
    <friendlyName>requests.http</friendlyName>
    <modDate class="sql-timestamp">2020-07-17 17:29:35.029</modDate>
    <modUser>dotcms.org.1</modUser>
    <sortOrder>0</sortOrder>
    <showOnMenu>false</showOnMenu>
    <fAPI class="com.dotmarketing.portlets.structure.business.FieldAPIImpl" reference="../../com.dotmarketing.portlets.contentlet.business.Contentlet/fAPI"/>
    <structureInode>33888b6f-7a8e-4069-b1b6-5c1aa9d0a48d</structureInode>
    <languageId>1</languageId>
    <text2>requests.http</text2>
    <text3>requests.http</text3>
    <text5>requests</text5>
    <text__area1>{&quot;content&quot;:&quot;curl -v -u admin@dotcms.com:admin -XPUT http://localhost:8080/api/content/publish/1 \\\n  -F \&quot;json={\n    contentType:&apos;fileAsset&apos;,\n    hostFolder:&apos;default:/images&apos;,\n    title:&apos;testsass_originalexpected.png&apos;,\n    fileName:&apos;testsass_originalexpected.png&apos;};\n    type=application/json\&quot; \\\n  -F \&quot;file=@testsass_originalexpected.png;\n    type=application/png\&quot;\n&quot;,&quot;contentType&quot;:&quot;text/plain; charset=ISO-8859-1&quot;,&quot;fileSize&quot;:349,&quot;length&quot;:349}</text__area1>
    <integer1>0</integer1>
    <integer2>0</integer2>
    <integer3>0</integer3>
    <integer4>0</integer4>
    <integer5>0</integer5>
    <integer6>0</integer6>
    <integer7>0</integer7>
    <integer8>0</integer8>
    <integer9>0</integer9>
    <integer10>0</integer10>
    <integer11>0</integer11>
    <integer12>0</integer12>
    <integer13>0</integer13>
    <integer14>0</integer14>
    <integer15>0</integer15>
    <integer16>0</integer16>
    <integer17>0</integer17>
    <integer18>0</integer18>
    <integer19>0</integer19>
    <integer20>0</integer20>
    <integer21>0</integer21>
    <integer22>0</integer22>
    <integer23>0</integer23>
    <integer24>0</integer24>
    <integer25>0</integer25>
    <float1>0.0</float1>
    <float2>0.0</float2>
    <float3>0.0</float3>
    <float4>0.0</float4>
    <float5>0.0</float5>
    <float6>0.0</float6>
    <float7>0.0</float7>
    <float8>0.0</float8>
    <float9>0.0</float9>
    <float10>0.0</float10>
    <float11>0.0</float11>
    <float12>0.0</float12>
    <float13>0.0</float13>
    <float14>0.0</float14>
    <float15>0.0</float15>
    <float16>0.0</float16>
    <float17>0.0</float17>
    <float18>0.0</float18>
    <float19>0.0</float19>
    <float20>0.0</float20>
    <float21>0.0</float21>
    <float22>0.0</float22>
    <float23>0.0</float23>
    <float24>0.0</float24>
    <float25>0.0</float25>
    <bool1>false</bool1>
    <bool2>false</bool2>
    <bool3>false</bool3>
    <bool4>false</bool4>
    <bool5>false</bool5>
    <bool6>false</bool6>
    <bool7>false</bool7>
    <bool8>false</bool8>
    <bool9>false</bool9>
    <bool10>false</bool10>
    <bool11>false</bool11>
    <bool12>false</bool12>
    <bool13>false</bool13>
    <bool14>false</bool14>
    <bool15>false</bool15>
    <bool16>false</bool16>
    <bool17>false</bool17>
    <bool18>false</bool18>
    <bool19>false</bool19>
    <bool20>false</bool20>
    <bool21>false</bool21>
    <bool22>false</bool22>
    <bool23>false</bool23>
    <bool24>false</bool24>
    <bool25>false</bool25>
  </com.dotmarketing.portlets.contentlet.business.Contentlet>
  <com.dotmarketing.portlets.contentlet.business.Contentlet>
    <iDate class="sql-timestamp">2020-04-20 20:28:30.816</iDate>
    <type>contentlet</type>
    <owner>dotcms.org.1</owner>
    <inode>1b407535-67e3-4f21-ad00-8ef5ef492d64</inode>
    <identifier>8a7d5e23-da1e-420a-b4f0-471e7da8ea2d</identifier>
    <source>DB</source>
    <title>default</title>
    <friendlyName>default</friendlyName>
    <modDate class="sql-timestamp">2020-04-20 20:28:30.812</modDate>
    <modUser>dotcms.org.1</modUser>
    <sortOrder>0</sortOrder>
    <showOnMenu>false</showOnMenu>
    <fAPI class="com.dotmarketing.portlets.structure.business.FieldAPIImpl" reference="../../com.dotmarketing.portlets.contentlet.business.Contentlet/fAPI"/>
    <structureInode>855a2d72-f2f3-4169-8b04-ac5157c4380c</structureInode>
    <languageId>1</languageId>
    <lastReview class="sql-timestamp">2017-12-05 18:37:02.0</lastReview>
    <text1>default</text1>
    <text4>8a7d5e23-da1e-420a-b4f0-471e7da8ea2d</text4>
    <integer1>0</integer1>
    <integer2>0</integer2>
    <integer3>0</integer3>
    <integer4>0</integer4>
    <integer5>0</integer5>
    <integer6>0</integer6>
    <integer7>0</integer7>
    <integer8>0</integer8>
    <integer9>0</integer9>
    <integer10>0</integer10>
    <integer11>0</integer11>
    <integer12>0</integer12>
    <integer13>0</integer13>
    <integer14>0</integer14>
    <integer15>0</integer15>
    <integer16>0</integer16>
    <integer17>0</integer17>
    <integer18>0</integer18>
    <integer19>0</integer19>
    <integer20>0</integer20>
    <integer21>0</integer21>
    <integer22>0</integer22>
    <integer23>0</integer23>
    <integer24>0</integer24>
    <integer25>0</integer25>
    <float1>0.0</float1>
    <float2>0.0</float2>
    <float3>0.0</float3>
    <float4>0.0</float4>
    <float5>0.0</float5>
    <float6>0.0</float6>
    <float7>0.0</float7>
    <float8>0.0</float8>
    <float9>0.0</float9>
    <float10>0.0</float10>
    <float11>0.0</float11>
    <float12>0.0</float12>
    <float13>0.0</float13>
    <float14>0.0</float14>
    <float15>0.0</float15>
    <float16>0.0</float16>
    <float17>0.0</float17>
    <float18>0.0</float18>
    <float19>0.0</float19>
    <float20>0.0</float20>
    <float21>0.0</float21>
    <float22>0.0</float22>
    <float23>0.0</float23>
    <float24>0.0</float24>
    <float25>0.0</float25>
    <bool1>true</bool1>
    <bool2>false</bool2>
    <bool3>false</bool3>
    <bool4>false</bool4>
    <bool5>false</bool5>
    <bool6>false</bool6>
    <bool7>false</bool7>
    <bool8>false</bool8>
    <bool9>false</bool9>
    <bool10>false</bool10>
    <bool11>false</bool11>
    <bool12>false</bool12>
    <bool13>false</bool13>
    <bool14>false</bool14>
    <bool15>false</bool15>
    <bool16>false</bool16>
    <bool17>false</bool17>
    <bool18>false</bool18>
    <bool19>false</bool19>
    <bool20>false</bool20>
    <bool21>false</bool21>
    <bool22>false</bool22>
    <bool23>false</bool23>
    <bool24>false</bool24>
    <bool25>false</bool25>
  </com.dotmarketing.portlets.contentlet.business.Contentlet>
  <com.dotmarketing.portlets.contentlet.business.Contentlet>
    <iDate class="sql-timestamp">2020-04-20 20:23:51.096</iDate>
    <type>contentlet</type>
    <owner>dotcms.org.1</owner>
    <inode>3fbda471-5081-4886-999c-f014456e15b4</inode>
    <identifier>8a7d5e23-da1e-420a-b4f0-471e7da8ea2d</identifier>
    <source>DB</source>
    <title>default</title>
    <friendlyName>default</friendlyName>
    <modDate class="sql-timestamp">2020-04-20 20:23:51.095</modDate>
    <modUser>system</modUser>
    <sortOrder>0</sortOrder>
    <showOnMenu>false</showOnMenu>
    <fAPI class="com.dotmarketing.portlets.structure.business.FieldAPIImpl" reference="../../com.dotmarketing.portlets.contentlet.business.Contentlet/fAPI"/>
    <structureInode>855a2d72-f2f3-4169-8b04-ac5157c4380c</structureInode>
    <languageId>1</languageId>
    <lastReview class="sql-timestamp">2017-12-05 18:37:02.0</lastReview>
    <text1>default</text1>
    <text4>8a7d5e23-da1e-420a-b4f0-471e7da8ea2d</text4>
    <integer1>0</integer1>
    <integer2>0</integer2>
    <integer3>0</integer3>
    <integer4>0</integer4>
    <integer5>0</integer5>
    <integer6>0</integer6>
    <integer7>0</integer7>
    <integer8>0</integer8>
    <integer9>0</integer9>
    <integer10>0</integer10>
    <integer11>0</integer11>
    <integer12>0</integer12>
    <integer13>0</integer13>
    <integer14>0</integer14>
    <integer15>0</integer15>
    <integer16>0</integer16>
    <integer17>0</integer17>
    <integer18>0</integer18>
    <integer19>0</integer19>
    <integer20>0</integer20>
    <integer21>0</integer21>
    <integer22>0</integer22>
    <integer23>0</integer23>
    <integer24>0</integer24>
    <integer25>0</integer25>
    <float1>0.0</float1>
    <float2>0.0</float2>
    <float3>0.0</float3>
    <float4>0.0</float4>
    <float5>0.0</float5>
    <float6>0.0</float6>
    <float7>0.0</float7>
    <float8>0.0</float8>
    <float9>0.0</float9>
    <float10>0.0</float10>
    <float11>0.0</float11>
    <float12>0.0</float12>
    <float13>0.0</float13>
    <float14>0.0</float14>
    <float15>0.0</float15>
    <float16>0.0</float16>
    <float17>0.0</float17>
    <float18>0.0</float18>
    <float19>0.0</float19>
    <float20>0.0</float20>
    <float21>0.0</float21>
    <float22>0.0</float22>
    <float23>0.0</float23>
    <float24>0.0</float24>
    <float25>0.0</float25>
    <bool1>false</bool1>
    <bool2>false</bool2>
    <bool3>false</bool3>
    <bool4>false</bool4>
    <bool5>false</bool5>
    <bool6>false</bool6>
    <bool7>false</bool7>
    <bool8>false</bool8>
    <bool9>false</bool9>
    <bool10>false</bool10>
    <bool11>false</bool11>
    <bool12>false</bool12>
    <bool13>false</bool13>
    <bool14>false</bool14>
    <bool15>false</bool15>
    <bool16>false</bool16>
    <bool17>false</bool17>
    <bool18>false</bool18>
    <bool19>false</bool19>
    <bool20>false</bool20>
    <bool21>false</bool21>
    <bool22>false</bool22>
    <bool23>false</bool23>
    <bool24>false</bool24>
    <bool25>false</bool25>
  </com.dotmarketing.portlets.contentlet.business.Contentlet>
  <com.dotmarketing.portlets.contentlet.business.Contentlet>
    <iDate class="sql-timestamp">2017-12-05 18:37:15.0</iDate>
    <type>contentlet</type>
    <owner>dotcms.org.1</owner>
    <inode>9b477a15-5ea4-4727-8b2b-034a862d87e4</inode>
    <identifier>8a7d5e23-da1e-420a-b4f0-471e7da8ea2d</identifier>
    <source>DB</source>
    <title>default</title>
    <friendlyName>default</friendlyName>
    <modDate class="sql-timestamp">2017-12-05 18:37:15.0</modDate>
    <modUser>dotcms.org.1</modUser>
    <sortOrder>0</sortOrder>
    <showOnMenu>false</showOnMenu>
    <fAPI class="com.dotmarketing.portlets.structure.business.FieldAPIImpl" reference="../../com.dotmarketing.portlets.contentlet.business.Contentlet/fAPI"/>
    <structureInode>855a2d72-f2f3-4169-8b04-ac5157c4380c</structureInode>
    <languageId>1</languageId>
    <lastReview class="sql-timestamp">2017-12-05 18:37:02.0</lastReview>
    <text1>default</text1>
    <text4>8a7d5e23-da1e-420a-b4f0-471e7da8ea2d</text4>
    <integer1>0</integer1>
    <integer2>0</integer2>
    <integer3>0</integer3>
    <integer4>0</integer4>
    <integer5>0</integer5>
    <integer6>0</integer6>
    <integer7>0</integer7>
    <integer8>0</integer8>
    <integer9>0</integer9>
    <integer10>0</integer10>
    <integer11>0</integer11>
    <integer12>0</integer12>
    <integer13>0</integer13>
    <integer14>0</integer14>
    <integer15>0</integer15>
    <integer16>0</integer16>
    <integer17>0</integer17>
    <integer18>0</integer18>
    <integer19>0</integer19>
    <integer20>0</integer20>
    <integer21>0</integer21>
    <integer22>0</integer22>
    <integer23>0</integer23>
    <integer24>0</integer24>
    <integer25>0</integer25>
    <float1>0.0</float1>
    <float2>0.0</float2>
    <float3>0.0</float3>
    <float4>0.0</float4>
    <float5>0.0</float5>
    <float6>0.0</float6>
    <float7>0.0</float7>
    <float8>0.0</float8>
    <float9>0.0</float9>
    <float10>0.0</float10>
    <float11>0.0</float11>
    <float12>0.0</float12>
    <float13>0.0</float13>
    <float14>0.0</float14>
    <float15>0.0</float15>
    <float16>0.0</float16>
    <float17>0.0</float17>
    <float18>0.0</float18>
    <float19>0.0</float19>
    <float20>0.0</float20>
    <float21>0.0</float21>
    <float22>0.0</float22>
    <float23>0.0</float23>
    <float24>0.0</float24>
    <float25>0.0</float25>
    <bool1>true</bool1>
    <bool2>false</bool2>
    <bool3>false</bool3>
    <bool4>false</bool4>
    <bool5>false</bool5>
    <bool6>false</bool6>
    <bool7>false</bool7>
    <bool8>false</bool8>
    <bool9>false</bool9>
    <bool10>false</bool10>
    <bool11>false</bool11>
    <bool12>false</bool12>
    <bool13>false</bool13>
    <bool14>false</bool14>
    <bool15>false</bool15>
    <bool16>false</bool16>
    <bool17>false</bool17>
    <bool18>false</bool18>
    <bool19>false</bool19>
    <bool20>false</bool20>
    <bool21>false</bool21>
    <bool22>false</bool22>
    <bool23>false</bool23>
    <bool24>false</bool24>
    <bool25>false</bool25>
  </com.dotmarketing.portlets.contentlet.business.Contentlet>
  <com.dotmarketing.portlets.contentlet.business.Contentlet>
    <iDate class="sql-timestamp">2020-07-17 17:29:35.675</iDate>
    <type>contentlet</type>
    <owner>dotcms.org.1</owner>
    <inode>77ef9b15-39e7-4794-920c-15e5e6acfbdc</inode>
    <identifier>791d8e02-df47-4daf-8c18-12f71d386535</identifier>
    <source>DB</source>
    <title>_variables.scss</title>
    <friendlyName>_variables.scss</friendlyName>
    <modDate class="sql-timestamp">2020-07-17 17:29:35.675</modDate>
    <modUser>dotcms.org.1</modUser>
    <sortOrder>0</sortOrder>
    <showOnMenu>false</showOnMenu>
    <fAPI class="com.dotmarketing.portlets.structure.business.FieldAPIImpl" reference="../../com.dotmarketing.portlets.contentlet.business.Contentlet/fAPI"/>
    <structureInode>33888b6f-7a8e-4069-b1b6-5c1aa9d0a48d</structureInode>
    <languageId>1</languageId>
    <text2>_variables.scss</text2>
    <text3>_variables.scss</text3>
    <text5>_variables</text5>
    <text__area1>{&quot;content&quot;:&quot;@import \&quot;colors/colors\&quot;;\n@import \&quot;sizes/sizes\&quot;;\n\n\n&quot;,&quot;contentType&quot;:&quot;text/plain; charset=ISO-8859-1&quot;,&quot;fileSize&quot;:49,&quot;length&quot;:49}</text__area1>
    <integer1>0</integer1>
    <integer2>0</integer2>
    <integer3>0</integer3>
    <integer4>0</integer4>
    <integer5>0</integer5>
    <integer6>0</integer6>
    <integer7>0</integer7>
    <integer8>0</integer8>
    <integer9>0</integer9>
    <integer10>0</integer10>
    <integer11>0</integer11>
    <integer12>0</integer12>
    <integer13>0</integer13>
    <integer14>0</integer14>
    <integer15>0</integer15>
    <integer16>0</integer16>
    <integer17>0</integer17>
    <integer18>0</integer18>
    <integer19>0</integer19>
    <integer20>0</integer20>
    <integer21>0</integer21>
    <integer22>0</integer22>
    <integer23>0</integer23>
    <integer24>0</integer24>
    <integer25>0</integer25>
    <float1>0.0</float1>
    <float2>0.0</float2>
    <float3>0.0</float3>
    <float4>0.0</float4>
    <float5>0.0</float5>
    <float6>0.0</float6>
    <float7>0.0</float7>
    <float8>0.0</float8>
    <float9>0.0</float9>
    <float10>0.0</float10>
    <float11>0.0</float11>
    <float12>0.0</float12>
    <float13>0.0</float13>
    <float14>0.0</float14>
    <float15>0.0</float15>
    <float16>0.0</float16>
    <float17>0.0</float17>
    <float18>0.0</float18>
    <float19>0.0</float19>
    <float20>0.0</float20>
    <float21>0.0</float21>
    <float22>0.0</float22>
    <float23>0.0</float23>
    <float24>0.0</float24>
    <float25>0.0</float25>
    <bool1>false</bool1>
    <bool2>false</bool2>
    <bool3>false</bool3>
    <bool4>false</bool4>
    <bool5>false</bool5>
    <bool6>false</bool6>
    <bool7>false</bool7>
    <bool8>false</bool8>
    <bool9>false</bool9>
    <bool10>false</bool10>
    <bool11>false</bool11>
    <bool12>false</bool12>
    <bool13>false</bool13>
    <bool14>false</bool14>
    <bool15>false</bool15>
    <bool16>false</bool16>
    <bool17>false</bool17>
    <bool18>false</bool18>
    <bool19>false</bool19>
    <bool20>false</bool20>
    <bool21>false</bool21>
    <bool22>false</bool22>
    <bool23>false</bool23>
    <bool24>false</bool24>
    <bool25>false</bool25>
  </com.dotmarketing.portlets.contentlet.business.Contentlet>
  <com.dotmarketing.portlets.contentlet.business.Contentlet>
    <iDate class="sql-timestamp">2020-07-17 17:29:34.885</iDate>
    <type>contentlet</type>
    <owner>dotcms.org.1</owner>
    <inode>90e47bde-88d6-455f-b80e-c09389b83a77</inode>
    <identifier>b96c0d2d-c65e-499d-9f43-1edf6b487146</identifier>
    <source>DB</source>
    <title>_smallareastyles.scss</title>
    <friendlyName>_smallareastyles.scss</friendlyName>
    <modDate class="sql-timestamp">2020-07-17 17:29:34.885</modDate>
    <modUser>dotcms.org.1</modUser>
    <sortOrder>0</sortOrder>
    <showOnMenu>false</showOnMenu>
    <fAPI class="com.dotmarketing.portlets.structure.business.FieldAPIImpl" reference="../../com.dotmarketing.portlets.contentlet.business.Contentlet/fAPI"/>
    <structureInode>33888b6f-7a8e-4069-b1b6-5c1aa9d0a48d</structureInode>
    <languageId>1</languageId>
    <text2>_smallareastyles.scss</text2>
    <text3>_smallareastyles.scss</text3>
    <text5>_smallareastyles</text5>
    <text__area1>{&quot;content&quot;:&quot;#smallarea {\n\twidth:\t$smallareawidth;\n\theight:\t$smallareaheight;\n\tbackground: red;\n}\n&quot;,&quot;contentType&quot;:&quot;text/plain; charset=ISO-8859-1&quot;,&quot;fileSize&quot;:84,&quot;length&quot;:84}</text__area1>
    <integer1>0</integer1>
    <integer2>0</integer2>
    <integer3>0</integer3>
    <integer4>0</integer4>
    <integer5>0</integer5>
    <integer6>0</integer6>
    <integer7>0</integer7>
    <integer8>0</integer8>
    <integer9>0</integer9>
    <integer10>0</integer10>
    <integer11>0</integer11>
    <integer12>0</integer12>
    <integer13>0</integer13>
    <integer14>0</integer14>
    <integer15>0</integer15>
    <integer16>0</integer16>
    <integer17>0</integer17>
    <integer18>0</integer18>
    <integer19>0</integer19>
    <integer20>0</integer20>
    <integer21>0</integer21>
    <integer22>0</integer22>
    <integer23>0</integer23>
    <integer24>0</integer24>
    <integer25>0</integer25>
    <float1>0.0</float1>
    <float2>0.0</float2>
    <float3>0.0</float3>
    <float4>0.0</float4>
    <float5>0.0</float5>
    <float6>0.0</float6>
    <float7>0.0</float7>
    <float8>0.0</float8>
    <float9>0.0</float9>
    <float10>0.0</float10>
    <float11>0.0</float11>
    <float12>0.0</float12>
    <float13>0.0</float13>
    <float14>0.0</float14>
    <float15>0.0</float15>
    <float16>0.0</float16>
    <float17>0.0</float17>
    <float18>0.0</float18>
    <float19>0.0</float19>
    <float20>0.0</float20>
    <float21>0.0</float21>
    <float22>0.0</float22>
    <float23>0.0</float23>
    <float24>0.0</float24>
    <float25>0.0</float25>
    <bool1>false</bool1>
    <bool2>false</bool2>
    <bool3>false</bool3>
    <bool4>false</bool4>
    <bool5>false</bool5>
    <bool6>false</bool6>
    <bool7>false</bool7>
    <bool8>false</bool8>
    <bool9>false</bool9>
    <bool10>false</bool10>
    <bool11>false</bool11>
    <bool12>false</bool12>
    <bool13>false</bool13>
    <bool14>false</bool14>
    <bool15>false</bool15>
    <bool16>false</bool16>
    <bool17>false</bool17>
    <bool18>false</bool18>
    <bool19>false</bool19>
    <bool20>false</bool20>
    <bool21>false</bool21>
    <bool22>false</bool22>
    <bool23>false</bool23>
    <bool24>false</bool24>
    <bool25>false</bool25>
  </com.dotmarketing.portlets.contentlet.business.Contentlet>
  <com.dotmarketing.portlets.contentlet.business.Contentlet>
    <iDate class="sql-timestamp">2020-07-17 17:29:35.744</iDate>
    <type>contentlet</type>
    <owner>dotcms.org.1</owner>
    <inode>b3ef5354-8cb6-43f8-a799-b3c7a01e79a2</inode>
    <identifier>549f2eaa-956b-4541-a6d8-8b004b87258c</identifier>
    <source>DB</source>
    <title>_sizes_import.scss</title>
    <friendlyName>_sizes_import.scss</friendlyName>
    <modDate class="sql-timestamp">2020-07-17 17:29:35.744</modDate>
    <modUser>dotcms.org.1</modUser>
    <sortOrder>0</sortOrder>
    <showOnMenu>false</showOnMenu>
    <fAPI class="com.dotmarketing.portlets.structure.business.FieldAPIImpl" reference="../../com.dotmarketing.portlets.contentlet.business.Contentlet/fAPI"/>
    <structureInode>33888b6f-7a8e-4069-b1b6-5c1aa9d0a48d</structureInode>
    <languageId>1</languageId>
    <text2>_sizes_import.scss</text2>
    <text3>_sizes_import.scss</text3>
    <text5>_sizes_import</text5>
    <text__area1>{&quot;content&quot;:&quot;$largeareawidth:\t400px;\n$largeareaheight:\t400px;\n$smallareawidth:\t100px;\n$smallareaheight:\t100px;\n\n&quot;,&quot;contentType&quot;:&quot;text/plain; charset=ISO-8859-1&quot;,&quot;fileSize&quot;:98,&quot;length&quot;:98}</text__area1>
    <integer1>0</integer1>
    <integer2>0</integer2>
    <integer3>0</integer3>
    <integer4>0</integer4>
    <integer5>0</integer5>
    <integer6>0</integer6>
    <integer7>0</integer7>
    <integer8>0</integer8>
    <integer9>0</integer9>
    <integer10>0</integer10>
    <integer11>0</integer11>
    <integer12>0</integer12>
    <integer13>0</integer13>
    <integer14>0</integer14>
    <integer15>0</integer15>
    <integer16>0</integer16>
    <integer17>0</integer17>
    <integer18>0</integer18>
    <integer19>0</integer19>
    <integer20>0</integer20>
    <integer21>0</integer21>
    <integer22>0</integer22>
    <integer23>0</integer23>
    <integer24>0</integer24>
    <integer25>0</integer25>
    <float1>0.0</float1>
    <float2>0.0</float2>
    <float3>0.0</float3>
    <float4>0.0</float4>
    <float5>0.0</float5>
    <float6>0.0</float6>
    <float7>0.0</float7>
    <float8>0.0</float8>
    <float9>0.0</float9>
    <float10>0.0</float10>
    <float11>0.0</float11>
    <float12>0.0</float12>
    <float13>0.0</float13>
    <float14>0.0</float14>
    <float15>0.0</float15>
    <float16>0.0</float16>
    <float17>0.0</float17>
    <float18>0.0</float18>
    <float19>0.0</float19>
    <float20>0.0</float20>
    <float21>0.0</float21>
    <float22>0.0</float22>
    <float23>0.0</float23>
    <float24>0.0</float24>
    <float25>0.0</float25>
    <bool1>false</bool1>
    <bool2>false</bool2>
    <bool3>false</bool3>
    <bool4>false</bool4>
    <bool5>false</bool5>
    <bool6>false</bool6>
    <bool7>false</bool7>
    <bool8>false</bool8>
    <bool9>false</bool9>
    <bool10>false</bool10>
    <bool11>false</bool11>
    <bool12>false</bool12>
    <bool13>false</bool13>
    <bool14>false</bool14>
    <bool15>false</bool15>
    <bool16>false</bool16>
    <bool17>false</bool17>
    <bool18>false</bool18>
    <bool19>false</bool19>
    <bool20>false</bool20>
    <bool21>false</bool21>
    <bool22>false</bool22>
    <bool23>false</bool23>
    <bool24>false</bool24>
    <bool25>false</bool25>
  </com.dotmarketing.portlets.contentlet.business.Contentlet>
  <com.dotmarketing.portlets.contentlet.business.Contentlet>
    <iDate class="sql-timestamp">2020-07-17 17:29:35.93</iDate>
    <type>contentlet</type>
    <owner>dotcms.org.1</owner>
    <inode>18509586-8c13-4919-95f8-2434d8c76ea7</inode>
    <identifier>26e05749-206b-4826-b237-b9f051c2abf3</identifier>
    <source>DB</source>
    <title>_sizes.scss</title>
    <friendlyName>_sizes.scss</friendlyName>
    <modDate class="sql-timestamp">2020-07-17 17:29:35.93</modDate>
    <modUser>dotcms.org.1</modUser>
    <sortOrder>0</sortOrder>
    <showOnMenu>false</showOnMenu>
    <fAPI class="com.dotmarketing.portlets.structure.business.FieldAPIImpl" reference="../../com.dotmarketing.portlets.contentlet.business.Contentlet/fAPI"/>
    <structureInode>33888b6f-7a8e-4069-b1b6-5c1aa9d0a48d</structureInode>
    <languageId>1</languageId>
    <text2>_sizes.scss</text2>
    <text3>_sizes.scss</text3>
    <text5>_sizes</text5>
    <text__area1>{&quot;content&quot;:&quot;@import \&quot;../includes/sizes_import\&quot;;\n&quot;,&quot;contentType&quot;:&quot;text/plain; charset=ISO-8859-1&quot;,&quot;fileSize&quot;:35,&quot;length&quot;:35}</text__area1>
    <integer1>0</integer1>
    <integer2>0</integer2>
    <integer3>0</integer3>
    <integer4>0</integer4>
    <integer5>0</integer5>
    <integer6>0</integer6>
    <integer7>0</integer7>
    <integer8>0</integer8>
    <integer9>0</integer9>
    <integer10>0</integer10>
    <integer11>0</integer11>
    <integer12>0</integer12>
    <integer13>0</integer13>
    <integer14>0</integer14>
    <integer15>0</integer15>
    <integer16>0</integer16>
    <integer17>0</integer17>
    <integer18>0</integer18>
    <integer19>0</integer19>
    <integer20>0</integer20>
    <integer21>0</integer21>
    <integer22>0</integer22>
    <integer23>0</integer23>
    <integer24>0</integer24>
    <integer25>0</integer25>
    <float1>0.0</float1>
    <float2>0.0</float2>
    <float3>0.0</float3>
    <float4>0.0</float4>
    <float5>0.0</float5>
    <float6>0.0</float6>
    <float7>0.0</float7>
    <float8>0.0</float8>
    <float9>0.0</float9>
    <float10>0.0</float10>
    <float11>0.0</float11>
    <float12>0.0</float12>
    <float13>0.0</float13>
    <float14>0.0</float14>
    <float15>0.0</float15>
    <float16>0.0</float16>
    <float17>0.0</float17>
    <float18>0.0</float18>
    <float19>0.0</float19>
    <float20>0.0</float20>
    <float21>0.0</float21>
    <float22>0.0</float22>
    <float23>0.0</float23>
    <float24>0.0</float24>
    <float25>0.0</float25>
    <bool1>false</bool1>
    <bool2>false</bool2>
    <bool3>false</bool3>
    <bool4>false</bool4>
    <bool5>false</bool5>
    <bool6>false</bool6>
    <bool7>false</bool7>
    <bool8>false</bool8>
    <bool9>false</bool9>
    <bool10>false</bool10>
    <bool11>false</bool11>
    <bool12>false</bool12>
    <bool13>false</bool13>
    <bool14>false</bool14>
    <bool15>false</bool15>
    <bool16>false</bool16>
    <bool17>false</bool17>
    <bool18>false</bool18>
    <bool19>false</bool19>
    <bool20>false</bool20>
    <bool21>false</bool21>
    <bool22>false</bool22>
    <bool23>false</bool23>
    <bool24>false</bool24>
    <bool25>false</bool25>
  </com.dotmarketing.portlets.contentlet.business.Contentlet>
  <com.dotmarketing.portlets.contentlet.business.Contentlet>
    <iDate class="sql-timestamp">2020-07-17 17:29:34.887</iDate>
    <type>contentlet</type>
    <owner>dotcms.org.1</owner>
    <inode>35f9c132-d3e7-4080-a348-20231704772f</inode>
    <identifier>f7121e7d-bdec-4445-ae3a-9e8de277dad8</identifier>
    <source>DB</source>
    <title>_largeareastyles.scss</title>
    <friendlyName>_largeareastyles.scss</friendlyName>
    <modDate class="sql-timestamp">2020-07-17 17:29:34.887</modDate>
    <modUser>dotcms.org.1</modUser>
    <sortOrder>0</sortOrder>
    <showOnMenu>false</showOnMenu>
    <fAPI class="com.dotmarketing.portlets.structure.business.FieldAPIImpl" reference="../../com.dotmarketing.portlets.contentlet.business.Contentlet/fAPI"/>
    <structureInode>33888b6f-7a8e-4069-b1b6-5c1aa9d0a48d</structureInode>
    <languageId>1</languageId>
    <text2>_largeareastyles.scss</text2>
    <text3>_largeareastyles.scss</text3>
    <text5>_largeareastyles</text5>
    <text__area1>{&quot;content&quot;:&quot;#largearea {\n\twidth:\t$largeareawidth;\n\theight:\t$largeareaheight;\n\tbackground: blue;\n\n\th2 {\n\t\tcolor: $headercolor;\n\t}\n}\n\n&quot;,&quot;contentType&quot;:&quot;text/plain; charset=ISO-8859-1&quot;,&quot;fileSize&quot;:119,&quot;length&quot;:119}</text__area1>
    <integer1>0</integer1>
    <integer2>0</integer2>
    <integer3>0</integer3>
    <integer4>0</integer4>
    <integer5>0</integer5>
    <integer6>0</integer6>
    <integer7>0</integer7>
    <integer8>0</integer8>
    <integer9>0</integer9>
    <integer10>0</integer10>
    <integer11>0</integer11>
    <integer12>0</integer12>
    <integer13>0</integer13>
    <integer14>0</integer14>
    <integer15>0</integer15>
    <integer16>0</integer16>
    <integer17>0</integer17>
    <integer18>0</integer18>
    <integer19>0</integer19>
    <integer20>0</integer20>
    <integer21>0</integer21>
    <integer22>0</integer22>
    <integer23>0</integer23>
    <integer24>0</integer24>
    <integer25>0</integer25>
    <float1>0.0</float1>
    <float2>0.0</float2>
    <float3>0.0</float3>
    <float4>0.0</float4>
    <float5>0.0</float5>
    <float6>0.0</float6>
    <float7>0.0</float7>
    <float8>0.0</float8>
    <float9>0.0</float9>
    <float10>0.0</float10>
    <float11>0.0</float11>
    <float12>0.0</float12>
    <float13>0.0</float13>
    <float14>0.0</float14>
    <float15>0.0</float15>
    <float16>0.0</float16>
    <float17>0.0</float17>
    <float18>0.0</float18>
    <float19>0.0</float19>
    <float20>0.0</float20>
    <float21>0.0</float21>
    <float22>0.0</float22>
    <float23>0.0</float23>
    <float24>0.0</float24>
    <float25>0.0</float25>
    <bool1>false</bool1>
    <bool2>false</bool2>
    <bool3>false</bool3>
    <bool4>false</bool4>
    <bool5>false</bool5>
    <bool6>false</bool6>
    <bool7>false</bool7>
    <bool8>false</bool8>
    <bool9>false</bool9>
    <bool10>false</bool10>
    <bool11>false</bool11>
    <bool12>false</bool12>
    <bool13>false</bool13>
    <bool14>false</bool14>
    <bool15>false</bool15>
    <bool16>false</bool16>
    <bool17>false</bool17>
    <bool18>false</bool18>
    <bool19>false</bool19>
    <bool20>false</bool20>
    <bool21>false</bool21>
    <bool22>false</bool22>
    <bool23>false</bool23>
    <bool24>false</bool24>
    <bool25>false</bool25>
  </com.dotmarketing.portlets.contentlet.business.Contentlet>
  <com.dotmarketing.portlets.contentlet.business.Contentlet>
    <iDate class="sql-timestamp">2020-07-17 17:29:35.846</iDate>
    <type>contentlet</type>
    <owner>dotcms.org.1</owner>
    <inode>81654916-2b76-4817-b6e2-fceae0dccb98</inode>
    <identifier>eba78606-7bc2-454b-92f1-5f9e83226e00</identifier>
    <source>DB</source>
    <title>_colors_import.scss</title>
    <friendlyName>_colors_import.scss</friendlyName>
    <modDate class="sql-timestamp">2020-07-17 17:29:35.845</modDate>
    <modUser>dotcms.org.1</modUser>
    <sortOrder>0</sortOrder>
    <showOnMenu>false</showOnMenu>
    <fAPI class="com.dotmarketing.portlets.structure.business.FieldAPIImpl" reference="../../com.dotmarketing.portlets.contentlet.business.Contentlet/fAPI"/>
    <structureInode>33888b6f-7a8e-4069-b1b6-5c1aa9d0a48d</structureInode>
    <languageId>1</languageId>
    <text2>_colors_import.scss</text2>
    <text3>_colors_import.scss</text3>
    <text5>_colors_import</text5>
    <text__area1>{&quot;content&quot;:&quot;$bodybackgroundcolor: gray;\n$headercolor:\tyellow;\n&quot;,&quot;contentType&quot;:&quot;text/plain; charset=ISO-8859-1&quot;,&quot;fileSize&quot;:49,&quot;length&quot;:49}</text__area1>
    <integer1>0</integer1>
    <integer2>0</integer2>
    <integer3>0</integer3>
    <integer4>0</integer4>
    <integer5>0</integer5>
    <integer6>0</integer6>
    <integer7>0</integer7>
    <integer8>0</integer8>
    <integer9>0</integer9>
    <integer10>0</integer10>
    <integer11>0</integer11>
    <integer12>0</integer12>
    <integer13>0</integer13>
    <integer14>0</integer14>
    <integer15>0</integer15>
    <integer16>0</integer16>
    <integer17>0</integer17>
    <integer18>0</integer18>
    <integer19>0</integer19>
    <integer20>0</integer20>
    <integer21>0</integer21>
    <integer22>0</integer22>
    <integer23>0</integer23>
    <integer24>0</integer24>
    <integer25>0</integer25>
    <float1>0.0</float1>
    <float2>0.0</float2>
    <float3>0.0</float3>
    <float4>0.0</float4>
    <float5>0.0</float5>
    <float6>0.0</float6>
    <float7>0.0</float7>
    <float8>0.0</float8>
    <float9>0.0</float9>
    <float10>0.0</float10>
    <float11>0.0</float11>
    <float12>0.0</float12>
    <float13>0.0</float13>
    <float14>0.0</float14>
    <float15>0.0</float15>
    <float16>0.0</float16>
    <float17>0.0</float17>
    <float18>0.0</float18>
    <float19>0.0</float19>
    <float20>0.0</float20>
    <float21>0.0</float21>
    <float22>0.0</float22>
    <float23>0.0</float23>
    <float24>0.0</float24>
    <float25>0.0</float25>
    <bool1>false</bool1>
    <bool2>false</bool2>
    <bool3>false</bool3>
    <bool4>false</bool4>
    <bool5>false</bool5>
    <bool6>false</bool6>
    <bool7>false</bool7>
    <bool8>false</bool8>
    <bool9>false</bool9>
    <bool10>false</bool10>
    <bool11>false</bool11>
    <bool12>false</bool12>
    <bool13>false</bool13>
    <bool14>false</bool14>
    <bool15>false</bool15>
    <bool16>false</bool16>
    <bool17>false</bool17>
    <bool18>false</bool18>
    <bool19>false</bool19>
    <bool20>false</bool20>
    <bool21>false</bool21>
    <bool22>false</bool22>
    <bool23>false</bool23>
    <bool24>false</bool24>
    <bool25>false</bool25>
  </com.dotmarketing.portlets.contentlet.business.Contentlet>
  <com.dotmarketing.portlets.contentlet.business.Contentlet>
    <iDate class="sql-timestamp">2020-07-17 17:29:36.128</iDate>
    <type>contentlet</type>
    <owner>dotcms.org.1</owner>
    <inode>7213a411-4bff-4a0d-aec8-034c21cfc5d8</inode>
    <identifier>8b12dd86-e6e2-4e4a-a48f-686a76d0979f</identifier>
    <source>DB</source>
    <title>_colors.scss</title>
    <friendlyName>_colors.scss</friendlyName>
    <modDate class="sql-timestamp">2020-07-17 17:29:36.127</modDate>
    <modUser>dotcms.org.1</modUser>
    <sortOrder>0</sortOrder>
    <showOnMenu>false</showOnMenu>
    <fAPI class="com.dotmarketing.portlets.structure.business.FieldAPIImpl" reference="../../com.dotmarketing.portlets.contentlet.business.Contentlet/fAPI"/>
    <structureInode>33888b6f-7a8e-4069-b1b6-5c1aa9d0a48d</structureInode>
    <languageId>1</languageId>
    <text2>_colors.scss</text2>
    <text3>_colors.scss</text3>
    <text5>_colors</text5>
    <text__area1>{&quot;content&quot;:&quot;@import \&quot;../includes/colors_import\&quot;;\n&quot;,&quot;contentType&quot;:&quot;text/plain; charset=ISO-8859-1&quot;,&quot;fileSize&quot;:36,&quot;length&quot;:36}</text__area1>
    <integer1>0</integer1>
    <integer2>0</integer2>
    <integer3>0</integer3>
    <integer4>0</integer4>
    <integer5>0</integer5>
    <integer6>0</integer6>
    <integer7>0</integer7>
    <integer8>0</integer8>
    <integer9>0</integer9>
    <integer10>0</integer10>
    <integer11>0</integer11>
    <integer12>0</integer12>
    <integer13>0</integer13>
    <integer14>0</integer14>
    <integer15>0</integer15>
    <integer16>0</integer16>
    <integer17>0</integer17>
    <integer18>0</integer18>
    <integer19>0</integer19>
    <integer20>0</integer20>
    <integer21>0</integer21>
    <integer22>0</integer22>
    <integer23>0</integer23>
    <integer24>0</integer24>
    <integer25>0</integer25>
    <float1>0.0</float1>
    <float2>0.0</float2>
    <float3>0.0</float3>
    <float4>0.0</float4>
    <float5>0.0</float5>
    <float6>0.0</float6>
    <float7>0.0</float7>
    <float8>0.0</float8>
    <float9>0.0</float9>
    <float10>0.0</float10>
    <float11>0.0</float11>
    <float12>0.0</float12>
    <float13>0.0</float13>
    <float14>0.0</float14>
    <float15>0.0</float15>
    <float16>0.0</float16>
    <float17>0.0</float17>
    <float18>0.0</float18>
    <float19>0.0</float19>
    <float20>0.0</float20>
    <float21>0.0</float21>
    <float22>0.0</float22>
    <float23>0.0</float23>
    <float24>0.0</float24>
    <float25>0.0</float25>
    <bool1>false</bool1>
    <bool2>false</bool2>
    <bool3>false</bool3>
    <bool4>false</bool4>
    <bool5>false</bool5>
    <bool6>false</bool6>
    <bool7>false</bool7>
    <bool8>false</bool8>
    <bool9>false</bool9>
    <bool10>false</bool10>
    <bool11>false</bool11>
    <bool12>false</bool12>
    <bool13>false</bool13>
    <bool14>false</bool14>
    <bool15>false</bool15>
    <bool16>false</bool16>
    <bool17>false</bool17>
    <bool18>false</bool18>
    <bool19>false</bool19>
    <bool20>false</bool20>
    <bool21>false</bool21>
    <bool22>false</bool22>
    <bool23>false</bool23>
    <bool24>false</bool24>
    <bool25>false</bool25>
  </com.dotmarketing.portlets.contentlet.business.Contentlet>
  <com.dotmarketing.portlets.contentlet.business.Contentlet>
    <iDate class="sql-timestamp">2020-07-17 17:29:34.474</iDate>
    <type>contentlet</type>
    <owner>dotcms.org.1</owner>
    <inode>cd77c024-e094-4cd9-832f-5ecd35009116</inode>
    <identifier>8ada9ded-4fa4-4a16-bb29-7da65ba8357f</identifier>
    <source>DB</source>
    <title>_bodystyles.scss</title>
    <friendlyName>_bodystyles.scss</friendlyName>
    <modDate class="sql-timestamp">2020-07-17 17:29:34.468</modDate>
    <modUser>dotcms.org.1</modUser>
    <sortOrder>0</sortOrder>
    <showOnMenu>false</showOnMenu>
    <fAPI class="com.dotmarketing.portlets.structure.business.FieldAPIImpl" reference="../../com.dotmarketing.portlets.contentlet.business.Contentlet/fAPI"/>
    <structureInode>33888b6f-7a8e-4069-b1b6-5c1aa9d0a48d</structureInode>
    <languageId>1</languageId>
    <text2>_bodystyles.scss</text2>
    <text3>_bodystyles.scss</text3>
    <text5>_bodystyles</text5>
    <text__area1>{&quot;content&quot;:&quot;body {\n\tbackground: $bodybackgroundcolor;\n}\n\n&quot;,&quot;contentType&quot;:&quot;text/plain; charset=ISO-8859-1&quot;,&quot;fileSize&quot;:44,&quot;length&quot;:44}</text__area1>
    <integer1>0</integer1>
    <integer2>0</integer2>
    <integer3>0</integer3>
    <integer4>0</integer4>
    <integer5>0</integer5>
    <integer6>0</integer6>
    <integer7>0</integer7>
    <integer8>0</integer8>
    <integer9>0</integer9>
    <integer10>0</integer10>
    <integer11>0</integer11>
    <integer12>0</integer12>
    <integer13>0</integer13>
    <integer14>0</integer14>
    <integer15>0</integer15>
    <integer16>0</integer16>
    <integer17>0</integer17>
    <integer18>0</integer18>
    <integer19>0</integer19>
    <integer20>0</integer20>
    <integer21>0</integer21>
    <integer22>0</integer22>
    <integer23>0</integer23>
    <integer24>0</integer24>
    <integer25>0</integer25>
    <float1>0.0</float1>
    <float2>0.0</float2>
    <float3>0.0</float3>
    <float4>0.0</float4>
    <float5>0.0</float5>
    <float6>0.0</float6>
    <float7>0.0</float7>
    <float8>0.0</float8>
    <float9>0.0</float9>
    <float10>0.0</float10>
    <float11>0.0</float11>
    <float12>0.0</float12>
    <float13>0.0</float13>
    <float14>0.0</float14>
    <float15>0.0</float15>
    <float16>0.0</float16>
    <float17>0.0</float17>
    <float18>0.0</float18>
    <float19>0.0</float19>
    <float20>0.0</float20>
    <float21>0.0</float21>
    <float22>0.0</float22>
    <float23>0.0</float23>
    <float24>0.0</float24>
    <float25>0.0</float25>
    <bool1>false</bool1>
    <bool2>false</bool2>
    <bool3>false</bool3>
    <bool4>false</bool4>
    <bool5>false</bool5>
    <bool6>false</bool6>
    <bool7>false</bool7>
    <bool8>false</bool8>
    <bool9>false</bool9>
    <bool10>false</bool10>
    <bool11>false</bool11>
    <bool12>false</bool12>
    <bool13>false</bool13>
    <bool14>false</bool14>
    <bool15>false</bool15>
    <bool16>false</bool16>
    <bool17>false</bool17>
    <bool18>false</bool18>
    <bool19>false</bool19>
    <bool20>false</bool20>
    <bool21>false</bool21>
    <bool22>false</bool22>
    <bool23>false</bool23>
    <bool24>false</bool24>
    <bool25>false</bool25>
  </com.dotmarketing.portlets.contentlet.business.Contentlet>
  <com.dotmarketing.portlets.contentlet.business.Contentlet>
    <iDate class="sql-timestamp">2009-11-17 12:55:33.0</iDate>
    <type>contentlet</type>
    <owner>system</owner>
    <inode>dbdec5e2-c02b-4cfb-83a9-4a4c4f3b2eb0</inode>
    <identifier>SYSTEM_HOST</identifier>
    <source>DB</source>
    <title>System Host</title>
    <friendlyName>System Host</friendlyName>
    <modDate class="sql-timestamp">2009-11-17 17:55:33.0</modDate>
    <modUser>system</modUser>
    <sortOrder>0</sortOrder>
    <showOnMenu>false</showOnMenu>
    <fAPI class="com.dotmarketing.portlets.structure.business.FieldAPIImpl" reference="../../com.dotmarketing.portlets.contentlet.business.Contentlet/fAPI"/>
    <structureInode>855a2d72-f2f3-4169-8b04-ac5157c4380c</structureInode>
    <languageId>1</languageId>
    <text1>System Host</text1>
    <text2></text2>
    <text3></text3>
    <text4></text4>
    <text7></text7>
    <text__area1></text__area1>
    <integer1>0</integer1>
    <integer2>0</integer2>
    <integer3>0</integer3>
    <integer4>0</integer4>
    <integer5>0</integer5>
    <integer6>0</integer6>
    <integer7>0</integer7>
    <integer8>0</integer8>
    <integer9>0</integer9>
    <integer10>0</integer10>
    <integer11>0</integer11>
    <integer12>0</integer12>
    <integer13>0</integer13>
    <integer14>0</integer14>
    <integer15>0</integer15>
    <integer16>0</integer16>
    <integer17>0</integer17>
    <integer18>0</integer18>
    <integer19>0</integer19>
    <integer20>0</integer20>
    <integer21>0</integer21>
    <integer22>0</integer22>
    <integer23>0</integer23>
    <integer24>0</integer24>
    <integer25>0</integer25>
    <float1>0.0</float1>
    <float2>0.0</float2>
    <float3>0.0</float3>
    <float4>0.0</float4>
    <float5>0.0</float5>
    <float6>0.0</float6>
    <float7>0.0</float7>
    <float8>0.0</float8>
    <float9>0.0</float9>
    <float10>0.0</float10>
    <float11>0.0</float11>
    <float12>0.0</float12>
    <float13>0.0</float13>
    <float14>0.0</float14>
    <float15>0.0</float15>
    <float16>0.0</float16>
    <float17>0.0</float17>
    <float18>0.0</float18>
    <float19>0.0</float19>
    <float20>0.0</float20>
    <float21>0.0</float21>
    <float22>0.0</float22>
    <float23>0.0</float23>
    <float24>0.0</float24>
    <float25>0.0</float25>
    <bool1>false</bool1>
    <bool2>true</bool2>
    <bool3>false</bool3>
    <bool4>false</bool4>
    <bool5>false</bool5>
    <bool6>false</bool6>
    <bool7>false</bool7>
    <bool8>false</bool8>
    <bool9>false</bool9>
    <bool10>false</bool10>
    <bool11>false</bool11>
    <bool12>false</bool12>
    <bool13>false</bool13>
    <bool14>false</bool14>
    <bool15>false</bool15>
    <bool16>false</bool16>
    <bool17>false</bool17>
    <bool18>false</bool18>
    <bool19>false</bool19>
    <bool20>false</bool20>
    <bool21>false</bool21>
    <bool22>false</bool22>
    <bool23>false</bool23>
    <bool24>false</bool24>
    <bool25>false</bool25>
  </com.dotmarketing.portlets.contentlet.business.Contentlet>
</list>