<list>
  <com.dotmarketing.portlets.folders.model.Folder>
    <iDate class="sql-timestamp">2020-07-20 21:54:26.394</iDate>
    <type>folder</type>
    <owner></owner>
    <inode>8aa5f5b3-f5c2-42d4-a894-91ea3bc08c06</inode>
    <identifier>aac70965-3555-4580-b4ce-87c27f117b2f</identifier>
    <name>colors</name>
    <sortOrder>0</sortOrder>
    <showOnMenu>false</showOnMenu>
    <hostId>8a7d5e23-da1e-420a-b4f0-471e7da8ea2d</hostId>
    <title>colors</title>
    <filesMasks></filesMasks>
    <defaultFileType>33888b6f-7a8e-4069-b1b6-5c1aa9d0a48d</defaultFileType>
    <modDate class="sql-timestamp">2020-07-20 21:54:26.396</modDate>
  </com.dotmarketing.portlets.folders.model.Folder>
  <com.dotmarketing.portlets.folders.model.Folder>
    <iDate class="sql-timestamp">2020-07-20 21:54:26.246</iDate>
    <type>folder</type>
    <owner></owner>
    <inode>49f430a1-813e-42eb-b428-2e7b1fee6a84</inode>
    <identifier>696960c0-5eaa-4bd1-907f-5f58fc037180</identifier>
    <name>sizes</name>
    <sortOrder>0</sortOrder>
    <showOnMenu>false</showOnMenu>
    <hostId>8a7d5e23-da1e-420a-b4f0-471e7da8ea2d</hostId>
    <title>sizes</title>
    <filesMasks></filesMasks>
    <defaultFileType>33888b6f-7a8e-4069-b1b6-5c1aa9d0a48d</defaultFileType>
    <modDate class="sql-timestamp">2020-07-20 21:54:26.248</modDate>
  </com.dotmarketing.portlets.folders.model.Folder>
  <com.dotmarketing.portlets.folders.model.Folder>
    <iDate class="sql-timestamp">2020-07-20 21:54:25.941</iDate>
    <type>folder</type>
    <owner></owner>
    <inode>26bd9a01-281e-41c1-8619-02c718fa3e40</inode>
    <identifier>9c7a5b3c-0045-4bee-8f11-62f9bd5c028a</identifier>
    <name>includes</name>
    <sortOrder>0</sortOrder>
    <showOnMenu>false</showOnMenu>
    <hostId>8a7d5e23-da1e-420a-b4f0-471e7da8ea2d</hostId>
    <title>includes</title>
    <filesMasks></filesMasks>
    <defaultFileType>33888b6f-7a8e-4069-b1b6-5c1aa9d0a48d</defaultFileType>
    <modDate class="sql-timestamp">2020-07-20 21:54:25.944</modDate>
  </com.dotmarketing.portlets.folders.model.Folder>
  <com.dotmarketing.portlets.folders.model.Folder>
    <iDate class="sql-timestamp">2020-07-20 21:54:24.877</iDate>
    <type>folder</type>
    <owner></owner>
    <inode>363a458a-8681-49f8-9f8a-f9b1346d506a</inode>
    <identifier>9d08c46a-1689-44af-98c2-06e771d25aea</identifier>
    <name>variables</name>
    <sortOrder>0</sortOrder>
    <showOnMenu>false</showOnMenu>
    <hostId>8a7d5e23-da1e-420a-b4f0-471e7da8ea2d</hostId>
    <title>variables</title>
    <filesMasks></filesMasks>
    <defaultFileType>33888b6f-7a8e-4069-b1b6-5c1aa9d0a48d</defaultFileType>
    <modDate class="sql-timestamp">2020-07-20 21:54:24.881</modDate>
  </com.dotmarketing.portlets.folders.model.Folder>
  <com.dotmarketing.portlets.folders.model.Folder>
    <iDate class="sql-timestamp">2020-07-20 21:54:24.725</iDate>
    <type>folder</type>
    <owner></owner>
    <inode>a51ae4ab-8f4e-4e70-a07a-72e1e2e19590</inode>
    <identifier>e16d1626-e2cf-46ff-a5ac-8316a1fc36ef</identifier>
    <name>sass</name>
    <sortOrder>0</sortOrder>
    <showOnMenu>false</showOnMenu>
    <hostId>8a7d5e23-da1e-420a-b4f0-471e7da8ea2d</hostId>
    <title>sass</title>
    <filesMasks></filesMasks>
    <defaultFileType>33888b6f-7a8e-4069-b1b6-5c1aa9d0a48d</defaultFileType>
    <modDate class="sql-timestamp">2020-07-20 21:54:24.741</modDate>
  </com.dotmarketing.portlets.folders.model.Folder>
  <com.dotmarketing.portlets.folders.model.Folder>
    <iDate class="sql-timestamp">2009-10-08 16:27:18.0</iDate>
    <type>folder</type>
    <owner>system</owner>
    <inode>SYSTEM_FOLDER</inode>
    <identifier>bc9a1d37-dd2d-4d49-a29d-0c9be740bfaf</identifier>
    <name>system folder</name>
    <sortOrder>0</sortOrder>
    <showOnMenu>false</showOnMenu>
    <hostId>SYSTEM_HOST</hostId>
    <title>System folder</title>
    <filesMasks></filesMasks>
    <defaultFileType>33888b6f-7a8e-4069-b1b6-5c1aa9d0a48d</defaultFileType>
    <modDate class="sql-timestamp">2017-03-07 13:25:58.0</modDate>
  </com.dotmarketing.portlets.folders.model.Folder>
</list>