<list>
  <com.dotmarketing.portlets.contentlet.business.Contentlet>
    <iDate class="sql-timestamp">2020-07-20 21:54:26.019</iDate>
    <type>contentlet</type>
    <owner>dotcms.org.1</owner>
    <inode>b207fcb2-4654-4cda-8999-c2339317e21b</inode>
    <identifier>b9032aaa-ec51-40ed-b552-0c9c6a2eed64</identifier>
    <source>DB</source>
    <title>testsass.htm</title>
    <friendlyName>testsass.htm</friendlyName>
    <modDate class="sql-timestamp">2020-07-20 21:54:26.015</modDate>
    <modUser>dotcms.org.1</modUser>
    <sortOrder>0</sortOrder>
    <showOnMenu>false</showOnMenu>
    <fAPI class="com.dotmarketing.portlets.structure.business.FieldAPIImpl"/>
    <structureInode>33888b6f-7a8e-4069-b1b6-5c1aa9d0a48d</structureInode>
    <languageId>1</languageId>
    <text2>testsass.htm</text2>
    <text3>testsass.htm</text3>
    <text5>testsass</text5>
    <text__area1>{&quot;content&quot;:&quot;\n\tHey\n\n\t\n\t\tLarge\n\n\t\t\n\t\t\tSmall\n\n\t\t\n\n\t\n\n\t&quot;,&quot;contentType&quot;:&quot;text/html; charset=ISO-8859-1&quot;,&quot;fileSize&quot;:273,&quot;length&quot;:273,&quot;title&quot;:&quot;Page Title&quot;}</text__area1>
    <integer1>0</integer1>
    <integer2>0</integer2>
    <integer3>0</integer3>
    <integer4>0</integer4>
    <integer5>0</integer5>
    <integer6>0</integer6>
    <integer7>0</integer7>
    <integer8>0</integer8>
    <integer9>0</integer9>
    <integer10>0</integer10>
    <integer11>0</integer11>
    <integer12>0</integer12>
    <integer13>0</integer13>
    <integer14>0</integer14>
    <integer15>0</integer15>
    <integer16>0</integer16>
    <integer17>0</integer17>
    <integer18>0</integer18>
    <integer19>0</integer19>
    <integer20>0</integer20>
    <integer21>0</integer21>
    <integer22>0</integer22>
    <integer23>0</integer23>
    <integer24>0</integer24>
    <integer25>0</integer25>
    <float1>0.0</float1>
    <float2>0.0</float2>
    <float3>0.0</float3>
    <float4>0.0</float4>
    <float5>0.0</float5>
    <float6>0.0</float6>
    <float7>0.0</float7>
    <float8>0.0</float8>
    <float9>0.0</float9>
    <float10>0.0</float10>
    <float11>0.0</float11>
    <float12>0.0</float12>
    <float13>0.0</float13>
    <float14>0.0</float14>
    <float15>0.0</float15>
    <float16>0.0</float16>
    <float17>0.0</float17>
    <float18>0.0</float18>
    <float19>0.0</float19>
    <float20>0.0</float20>
    <float21>0.0</float21>
    <float22>0.0</float22>
    <float23>0.0</float23>
    <float24>0.0</float24>
    <float25>0.0</float25>
    <bool1>false</bool1>
    <bool2>false</bool2>
    <bool3>false</bool3>
    <bool4>false</bool4>
    <bool5>false</bool5>
    <bool6>false</bool6>
    <bool7>false</bool7>
    <bool8>false</bool8>
    <bool9>false</bool9>
    <bool10>false</bool10>
    <bool11>false</bool11>
    <bool12>false</bool12>
    <bool13>false</bool13>
    <bool14>false</bool14>
    <bool15>false</bool15>
    <bool16>false</bool16>
    <bool17>false</bool17>
    <bool18>false</bool18>
    <bool19>false</bool19>
    <bool20>false</bool20>
    <bool21>false</bool21>
    <bool22>false</bool22>
    <bool23>false</bool23>
    <bool24>false</bool24>
    <bool25>false</bool25>
  </com.dotmarketing.portlets.contentlet.business.Contentlet>
  <com.dotmarketing.portlets.contentlet.business.Contentlet>
    <iDate class="sql-timestamp">2020-07-20 21:54:25.089</iDate>
    <type>contentlet</type>
    <owner>dotcms.org.1</owner>
    <inode>8f5203a2-5466-4239-af53-be4e68c4b485</inode>
    <identifier>4a3f3f81-78d9-41c5-a4ff-29fc0d0b3289</identifier>
    <source>DB</source>
    <title>styles.scss</title>
    <friendlyName>styles.scss</friendlyName>
    <modDate class="sql-timestamp">2020-07-20 21:54:25.089</modDate>
    <modUser>dotcms.org.1</modUser>
    <sortOrder>0</sortOrder>
    <showOnMenu>false</showOnMenu>
    <fAPI class="com.dotmarketing.portlets.structure.business.FieldAPIImpl" reference="../../com.dotmarketing.portlets.contentlet.business.Contentlet/fAPI"/>
    <structureInode>33888b6f-7a8e-4069-b1b6-5c1aa9d0a48d</structureInode>
    <languageId>1</languageId>
    <text2>styles.scss</text2>
    <text3>styles.scss</text3>
    <text5>styles</text5>
    <text__area1>{&quot;content&quot;:&quot;@import \&quot;/sass/variables/variables\&quot;;\n@import \&quot;/sass/bodystyles\&quot;;\n@import \&quot;//default/sass/largeareastyles\&quot;;\n@import \&quot;//default/sass/smallareastyles\&quot;;\n\n\n&quot;,&quot;contentType&quot;:&quot;text/plain; charset=ISO-8859-1&quot;,&quot;fileSize&quot;:150,&quot;length&quot;:150}</text__area1>
    <integer1>0</integer1>
    <integer2>0</integer2>
    <integer3>0</integer3>
    <integer4>0</integer4>
    <integer5>0</integer5>
    <integer6>0</integer6>
    <integer7>0</integer7>
    <integer8>0</integer8>
    <integer9>0</integer9>
    <integer10>0</integer10>
    <integer11>0</integer11>
    <integer12>0</integer12>
    <integer13>0</integer13>
    <integer14>0</integer14>
    <integer15>0</integer15>
    <integer16>0</integer16>
    <integer17>0</integer17>
    <integer18>0</integer18>
    <integer19>0</integer19>
    <integer20>0</integer20>
    <integer21>0</integer21>
    <integer22>0</integer22>
    <integer23>0</integer23>
    <integer24>0</integer24>
    <integer25>0</integer25>
    <float1>0.0</float1>
    <float2>0.0</float2>
    <float3>0.0</float3>
    <float4>0.0</float4>
    <float5>0.0</float5>
    <float6>0.0</float6>
    <float7>0.0</float7>
    <float8>0.0</float8>
    <float9>0.0</float9>
    <float10>0.0</float10>
    <float11>0.0</float11>
    <float12>0.0</float12>
    <float13>0.0</float13>
    <float14>0.0</float14>
    <float15>0.0</float15>
    <float16>0.0</float16>
    <float17>0.0</float17>
    <float18>0.0</float18>
    <float19>0.0</float19>
    <float20>0.0</float20>
    <float21>0.0</float21>
    <float22>0.0</float22>
    <float23>0.0</float23>
    <float24>0.0</float24>
    <float25>0.0</float25>
    <bool1>false</bool1>
    <bool2>false</bool2>
    <bool3>false</bool3>
    <bool4>false</bool4>
    <bool5>false</bool5>
    <bool6>false</bool6>
    <bool7>false</bool7>
    <bool8>false</bool8>
    <bool9>false</bool9>
    <bool10>false</bool10>
    <bool11>false</bool11>
    <bool12>false</bool12>
    <bool13>false</bool13>
    <bool14>false</bool14>
    <bool15>false</bool15>
    <bool16>false</bool16>
    <bool17>false</bool17>
    <bool18>false</bool18>
    <bool19>false</bool19>
    <bool20>false</bool20>
    <bool21>false</bool21>
    <bool22>false</bool22>
    <bool23>false</bool23>
    <bool24>false</bool24>
    <bool25>false</bool25>
  </com.dotmarketing.portlets.contentlet.business.Contentlet>
  <com.dotmarketing.portlets.contentlet.business.Contentlet>
    <iDate class="sql-timestamp">2020-04-20 20:28:30.816</iDate>
    <type>contentlet</type>
    <owner>dotcms.org.1</owner>
    <inode>1b407535-67e3-4f21-ad00-8ef5ef492d64</inode>
    <identifier>8a7d5e23-da1e-420a-b4f0-471e7da8ea2d</identifier>
    <source>DB</source>
    <title>default</title>
    <friendlyName>default</friendlyName>
    <modDate class="sql-timestamp">2020-04-20 20:28:30.812</modDate>
    <modUser>dotcms.org.1</modUser>
    <sortOrder>0</sortOrder>
    <showOnMenu>false</showOnMenu>
    <fAPI class="com.dotmarketing.portlets.structure.business.FieldAPIImpl" reference="../../com.dotmarketing.portlets.contentlet.business.Contentlet/fAPI"/>
    <structureInode>855a2d72-f2f3-4169-8b04-ac5157c4380c</structureInode>
    <languageId>1</languageId>
    <lastReview class="sql-timestamp">2017-12-05 18:37:02.0</lastReview>
    <text1>default</text1>
    <text4>8a7d5e23-da1e-420a-b4f0-471e7da8ea2d</text4>
    <integer1>0</integer1>
    <integer2>0</integer2>
    <integer3>0</integer3>
    <integer4>0</integer4>
    <integer5>0</integer5>
    <integer6>0</integer6>
    <integer7>0</integer7>
    <integer8>0</integer8>
    <integer9>0</integer9>
    <integer10>0</integer10>
    <integer11>0</integer11>
    <integer12>0</integer12>
    <integer13>0</integer13>
    <integer14>0</integer14>
    <integer15>0</integer15>
    <integer16>0</integer16>
    <integer17>0</integer17>
    <integer18>0</integer18>
    <integer19>0</integer19>
    <integer20>0</integer20>
    <integer21>0</integer21>
    <integer22>0</integer22>
    <integer23>0</integer23>
    <integer24>0</integer24>
    <integer25>0</integer25>
    <float1>0.0</float1>
    <float2>0.0</float2>
    <float3>0.0</float3>
    <float4>0.0</float4>
    <float5>0.0</float5>
    <float6>0.0</float6>
    <float7>0.0</float7>
    <float8>0.0</float8>
    <float9>0.0</float9>
    <float10>0.0</float10>
    <float11>0.0</float11>
    <float12>0.0</float12>
    <float13>0.0</float13>
    <float14>0.0</float14>
    <float15>0.0</float15>
    <float16>0.0</float16>
    <float17>0.0</float17>
    <float18>0.0</float18>
    <float19>0.0</float19>
    <float20>0.0</float20>
    <float21>0.0</float21>
    <float22>0.0</float22>
    <float23>0.0</float23>
    <float24>0.0</float24>
    <float25>0.0</float25>
    <bool1>true</bool1>
    <bool2>false</bool2>
    <bool3>false</bool3>
    <bool4>false</bool4>
    <bool5>false</bool5>
    <bool6>false</bool6>
    <bool7>false</bool7>
    <bool8>false</bool8>
    <bool9>false</bool9>
    <bool10>false</bool10>
    <bool11>false</bool11>
    <bool12>false</bool12>
    <bool13>false</bool13>
    <bool14>false</bool14>
    <bool15>false</bool15>
    <bool16>false</bool16>
    <bool17>false</bool17>
    <bool18>false</bool18>
    <bool19>false</bool19>
    <bool20>false</bool20>
    <bool21>false</bool21>
    <bool22>false</bool22>
    <bool23>false</bool23>
    <bool24>false</bool24>
    <bool25>false</bool25>
  </com.dotmarketing.portlets.contentlet.business.Contentlet>
  <com.dotmarketing.portlets.contentlet.business.Contentlet>
    <iDate class="sql-timestamp">2020-04-20 20:23:51.096</iDate>
    <type>contentlet</type>
    <owner>dotcms.org.1</owner>
    <inode>3fbda471-5081-4886-999c-f014456e15b4</inode>
    <identifier>8a7d5e23-da1e-420a-b4f0-471e7da8ea2d</identifier>
    <source>DB</source>
    <title>default</title>
    <friendlyName>default</friendlyName>
    <modDate class="sql-timestamp">2020-04-20 20:23:51.095</modDate>
    <modUser>system</modUser>
    <sortOrder>0</sortOrder>
    <showOnMenu>false</showOnMenu>
    <fAPI class="com.dotmarketing.portlets.structure.business.FieldAPIImpl" reference="../../com.dotmarketing.portlets.contentlet.business.Contentlet/fAPI"/>
    <structureInode>855a2d72-f2f3-4169-8b04-ac5157c4380c</structureInode>
    <languageId>1</languageId>
    <lastReview class="sql-timestamp">2017-12-05 18:37:02.0</lastReview>
    <text1>default</text1>
    <text4>8a7d5e23-da1e-420a-b4f0-471e7da8ea2d</text4>
    <integer1>0</integer1>
    <integer2>0</integer2>
    <integer3>0</integer3>
    <integer4>0</integer4>
    <integer5>0</integer5>
    <integer6>0</integer6>
    <integer7>0</integer7>
    <integer8>0</integer8>
    <integer9>0</integer9>
    <integer10>0</integer10>
    <integer11>0</integer11>
    <integer12>0</integer12>
    <integer13>0</integer13>
    <integer14>0</integer14>
    <integer15>0</integer15>
    <integer16>0</integer16>
    <integer17>0</integer17>
    <integer18>0</integer18>
    <integer19>0</integer19>
    <integer20>0</integer20>
    <integer21>0</integer21>
    <integer22>0</integer22>
    <integer23>0</integer23>
    <integer24>0</integer24>
    <integer25>0</integer25>
    <float1>0.0</float1>
    <float2>0.0</float2>
    <float3>0.0</float3>
    <float4>0.0</float4>
    <float5>0.0</float5>
    <float6>0.0</float6>
    <float7>0.0</float7>
    <float8>0.0</float8>
    <float9>0.0</float9>
    <float10>0.0</float10>
    <float11>0.0</float11>
    <float12>0.0</float12>
    <float13>0.0</float13>
    <float14>0.0</float14>
    <float15>0.0</float15>
    <float16>0.0</float16>
    <float17>0.0</float17>
    <float18>0.0</float18>
    <float19>0.0</float19>
    <float20>0.0</float20>
    <float21>0.0</float21>
    <float22>0.0</float22>
    <float23>0.0</float23>
    <float24>0.0</float24>
    <float25>0.0</float25>
    <bool1>false</bool1>
    <bool2>false</bool2>
    <bool3>false</bool3>
    <bool4>false</bool4>
    <bool5>false</bool5>
    <bool6>false</bool6>
    <bool7>false</bool7>
    <bool8>false</bool8>
    <bool9>false</bool9>
    <bool10>false</bool10>
    <bool11>false</bool11>
    <bool12>false</bool12>
    <bool13>false</bool13>
    <bool14>false</bool14>
    <bool15>false</bool15>
    <bool16>false</bool16>
    <bool17>false</bool17>
    <bool18>false</bool18>
    <bool19>false</bool19>
    <bool20>false</bool20>
    <bool21>false</bool21>
    <bool22>false</bool22>
    <bool23>false</bool23>
    <bool24>false</bool24>
    <bool25>false</bool25>
  </com.dotmarketing.portlets.contentlet.business.Contentlet>
  <com.dotmarketing.portlets.contentlet.business.Contentlet>
    <iDate class="sql-timestamp">2017-12-05 18:37:15.0</iDate>
    <type>contentlet</type>
    <owner>dotcms.org.1</owner>
    <inode>9b477a15-5ea4-4727-8b2b-034a862d87e4</inode>
    <identifier>8a7d5e23-da1e-420a-b4f0-471e7da8ea2d</identifier>
    <source>DB</source>
    <title>default</title>
    <friendlyName>default</friendlyName>
    <modDate class="sql-timestamp">2017-12-05 18:37:15.0</modDate>
    <modUser>dotcms.org.1</modUser>
    <sortOrder>0</sortOrder>
    <showOnMenu>false</showOnMenu>
    <fAPI class="com.dotmarketing.portlets.structure.business.FieldAPIImpl" reference="../../com.dotmarketing.portlets.contentlet.business.Contentlet/fAPI"/>
    <structureInode>855a2d72-f2f3-4169-8b04-ac5157c4380c</structureInode>
    <languageId>1</languageId>
    <lastReview class="sql-timestamp">2017-12-05 18:37:02.0</lastReview>
    <text1>default</text1>
    <text4>8a7d5e23-da1e-420a-b4f0-471e7da8ea2d</text4>
    <integer1>0</integer1>
    <integer2>0</integer2>
    <integer3>0</integer3>
    <integer4>0</integer4>
    <integer5>0</integer5>
    <integer6>0</integer6>
    <integer7>0</integer7>
    <integer8>0</integer8>
    <integer9>0</integer9>
    <integer10>0</integer10>
    <integer11>0</integer11>
    <integer12>0</integer12>
    <integer13>0</integer13>
    <integer14>0</integer14>
    <integer15>0</integer15>
    <integer16>0</integer16>
    <integer17>0</integer17>
    <integer18>0</integer18>
    <integer19>0</integer19>
    <integer20>0</integer20>
    <integer21>0</integer21>
    <integer22>0</integer22>
    <integer23>0</integer23>
    <integer24>0</integer24>
    <integer25>0</integer25>
    <float1>0.0</float1>
    <float2>0.0</float2>
    <float3>0.0</float3>
    <float4>0.0</float4>
    <float5>0.0</float5>
    <float6>0.0</float6>
    <float7>0.0</float7>
    <float8>0.0</float8>
    <float9>0.0</float9>
    <float10>0.0</float10>
    <float11>0.0</float11>
    <float12>0.0</float12>
    <float13>0.0</float13>
    <float14>0.0</float14>
    <float15>0.0</float15>
    <float16>0.0</float16>
    <float17>0.0</float17>
    <float18>0.0</float18>
    <float19>0.0</float19>
    <float20>0.0</float20>
    <float21>0.0</float21>
    <float22>0.0</float22>
    <float23>0.0</float23>
    <float24>0.0</float24>
    <float25>0.0</float25>
    <bool1>true</bool1>
    <bool2>false</bool2>
    <bool3>false</bool3>
    <bool4>false</bool4>
    <bool5>false</bool5>
    <bool6>false</bool6>
    <bool7>false</bool7>
    <bool8>false</bool8>
    <bool9>false</bool9>
    <bool10>false</bool10>
    <bool11>false</bool11>
    <bool12>false</bool12>
    <bool13>false</bool13>
    <bool14>false</bool14>
    <bool15>false</bool15>
    <bool16>false</bool16>
    <bool17>false</bool17>
    <bool18>false</bool18>
    <bool19>false</bool19>
    <bool20>false</bool20>
    <bool21>false</bool21>
    <bool22>false</bool22>
    <bool23>false</bool23>
    <bool24>false</bool24>
    <bool25>false</bool25>
  </com.dotmarketing.portlets.contentlet.business.Contentlet>
  <com.dotmarketing.portlets.contentlet.business.Contentlet>
    <iDate class="sql-timestamp">2020-07-20 21:54:26.514</iDate>
    <type>contentlet</type>
    <owner>dotcms.org.1</owner>
    <inode>33381f26-994b-49d9-bc6c-b67cb25b59c8</inode>
    <identifier>2075aa56-f441-4a97-96a2-b104ffabe775</identifier>
    <source>DB</source>
    <title>_variables.scss</title>
    <friendlyName>_variables.scss</friendlyName>
    <modDate class="sql-timestamp">2020-07-20 21:54:26.514</modDate>
    <modUser>dotcms.org.1</modUser>
    <sortOrder>0</sortOrder>
    <showOnMenu>false</showOnMenu>
    <fAPI class="com.dotmarketing.portlets.structure.business.FieldAPIImpl" reference="../../com.dotmarketing.portlets.contentlet.business.Contentlet/fAPI"/>
    <structureInode>33888b6f-7a8e-4069-b1b6-5c1aa9d0a48d</structureInode>
    <languageId>1</languageId>
    <text2>_variables.scss</text2>
    <text3>_variables.scss</text3>
    <text5>_variables</text5>
    <text__area1>{&quot;content&quot;:&quot;@import \&quot;colors/colors\&quot;;\n@import \&quot;sizes/sizes\&quot;;\n\n\n&quot;,&quot;contentType&quot;:&quot;text/plain; charset=ISO-8859-1&quot;,&quot;fileSize&quot;:49,&quot;length&quot;:49}</text__area1>
    <integer1>0</integer1>
    <integer2>0</integer2>
    <integer3>0</integer3>
    <integer4>0</integer4>
    <integer5>0</integer5>
    <integer6>0</integer6>
    <integer7>0</integer7>
    <integer8>0</integer8>
    <integer9>0</integer9>
    <integer10>0</integer10>
    <integer11>0</integer11>
    <integer12>0</integer12>
    <integer13>0</integer13>
    <integer14>0</integer14>
    <integer15>0</integer15>
    <integer16>0</integer16>
    <integer17>0</integer17>
    <integer18>0</integer18>
    <integer19>0</integer19>
    <integer20>0</integer20>
    <integer21>0</integer21>
    <integer22>0</integer22>
    <integer23>0</integer23>
    <integer24>0</integer24>
    <integer25>0</integer25>
    <float1>0.0</float1>
    <float2>0.0</float2>
    <float3>0.0</float3>
    <float4>0.0</float4>
    <float5>0.0</float5>
    <float6>0.0</float6>
    <float7>0.0</float7>
    <float8>0.0</float8>
    <float9>0.0</float9>
    <float10>0.0</float10>
    <float11>0.0</float11>
    <float12>0.0</float12>
    <float13>0.0</float13>
    <float14>0.0</float14>
    <float15>0.0</float15>
    <float16>0.0</float16>
    <float17>0.0</float17>
    <float18>0.0</float18>
    <float19>0.0</float19>
    <float20>0.0</float20>
    <float21>0.0</float21>
    <float22>0.0</float22>
    <float23>0.0</float23>
    <float24>0.0</float24>
    <float25>0.0</float25>
    <bool1>false</bool1>
    <bool2>false</bool2>
    <bool3>false</bool3>
    <bool4>false</bool4>
    <bool5>false</bool5>
    <bool6>false</bool6>
    <bool7>false</bool7>
    <bool8>false</bool8>
    <bool9>false</bool9>
    <bool10>false</bool10>
    <bool11>false</bool11>
    <bool12>false</bool12>
    <bool13>false</bool13>
    <bool14>false</bool14>
    <bool15>false</bool15>
    <bool16>false</bool16>
    <bool17>false</bool17>
    <bool18>false</bool18>
    <bool19>false</bool19>
    <bool20>false</bool20>
    <bool21>false</bool21>
    <bool22>false</bool22>
    <bool23>false</bool23>
    <bool24>false</bool24>
    <bool25>false</bool25>
  </com.dotmarketing.portlets.contentlet.business.Contentlet>
  <com.dotmarketing.portlets.contentlet.business.Contentlet>
    <iDate class="sql-timestamp">2020-07-20 21:54:25.594</iDate>
    <type>contentlet</type>
    <owner>dotcms.org.1</owner>
    <inode>5e7f32a3-dbbe-46d9-a4d9-ed263c8200d4</inode>
    <identifier>4f7a01da-04ec-4b62-81d4-0cf17c0afd2e</identifier>
    <source>DB</source>
    <title>_smallareastyles.scss</title>
    <friendlyName>_smallareastyles.scss</friendlyName>
    <modDate class="sql-timestamp">2020-07-20 21:54:25.594</modDate>
    <modUser>dotcms.org.1</modUser>
    <sortOrder>0</sortOrder>
    <showOnMenu>false</showOnMenu>
    <fAPI class="com.dotmarketing.portlets.structure.business.FieldAPIImpl" reference="../../com.dotmarketing.portlets.contentlet.business.Contentlet/fAPI"/>
    <structureInode>33888b6f-7a8e-4069-b1b6-5c1aa9d0a48d</structureInode>
    <languageId>1</languageId>
    <text2>_smallareastyles.scss</text2>
    <text3>_smallareastyles.scss</text3>
    <text5>_smallareastyles</text5>
    <text__area1>{&quot;content&quot;:&quot;#smallarea {\n\twidth:\t$smallareawidth;\n\theight:\t$smallareaheight;\n\tbackground: red;\n}\n&quot;,&quot;contentType&quot;:&quot;text/plain; charset=ISO-8859-1&quot;,&quot;fileSize&quot;:84,&quot;length&quot;:84}</text__area1>
    <integer1>0</integer1>
    <integer2>0</integer2>
    <integer3>0</integer3>
    <integer4>0</integer4>
    <integer5>0</integer5>
    <integer6>0</integer6>
    <integer7>0</integer7>
    <integer8>0</integer8>
    <integer9>0</integer9>
    <integer10>0</integer10>
    <integer11>0</integer11>
    <integer12>0</integer12>
    <integer13>0</integer13>
    <integer14>0</integer14>
    <integer15>0</integer15>
    <integer16>0</integer16>
    <integer17>0</integer17>
    <integer18>0</integer18>
    <integer19>0</integer19>
    <integer20>0</integer20>
    <integer21>0</integer21>
    <integer22>0</integer22>
    <integer23>0</integer23>
    <integer24>0</integer24>
    <integer25>0</integer25>
    <float1>0.0</float1>
    <float2>0.0</float2>
    <float3>0.0</float3>
    <float4>0.0</float4>
    <float5>0.0</float5>
    <float6>0.0</float6>
    <float7>0.0</float7>
    <float8>0.0</float8>
    <float9>0.0</float9>
    <float10>0.0</float10>
    <float11>0.0</float11>
    <float12>0.0</float12>
    <float13>0.0</float13>
    <float14>0.0</float14>
    <float15>0.0</float15>
    <float16>0.0</float16>
    <float17>0.0</float17>
    <float18>0.0</float18>
    <float19>0.0</float19>
    <float20>0.0</float20>
    <float21>0.0</float21>
    <float22>0.0</float22>
    <float23>0.0</float23>
    <float24>0.0</float24>
    <float25>0.0</float25>
    <bool1>false</bool1>
    <bool2>false</bool2>
    <bool3>false</bool3>
    <bool4>false</bool4>
    <bool5>false</bool5>
    <bool6>false</bool6>
    <bool7>false</bool7>
    <bool8>false</bool8>
    <bool9>false</bool9>
    <bool10>false</bool10>
    <bool11>false</bool11>
    <bool12>false</bool12>
    <bool13>false</bool13>
    <bool14>false</bool14>
    <bool15>false</bool15>
    <bool16>false</bool16>
    <bool17>false</bool17>
    <bool18>false</bool18>
    <bool19>false</bool19>
    <bool20>false</bool20>
    <bool21>false</bool21>
    <bool22>false</bool22>
    <bool23>false</bool23>
    <bool24>false</bool24>
    <bool25>false</bool25>
  </com.dotmarketing.portlets.contentlet.business.Contentlet>
  <com.dotmarketing.portlets.contentlet.business.Contentlet>
    <iDate class="sql-timestamp">2020-07-20 21:54:26.701</iDate>
    <type>contentlet</type>
    <owner>dotcms.org.1</owner>
    <inode>2e34b2ae-019f-4dd0-96b1-1addddde3919</inode>
    <identifier>818ce5d6-5154-47c0-a12f-6b6e8e048ded</identifier>
    <source>DB</source>
    <title>_sizes_import.scss</title>
    <friendlyName>_sizes_import.scss</friendlyName>
    <modDate class="sql-timestamp">2020-07-20 21:54:26.7</modDate>
    <modUser>dotcms.org.1</modUser>
    <sortOrder>0</sortOrder>
    <showOnMenu>false</showOnMenu>
    <fAPI class="com.dotmarketing.portlets.structure.business.FieldAPIImpl" reference="../../com.dotmarketing.portlets.contentlet.business.Contentlet/fAPI"/>
    <structureInode>33888b6f-7a8e-4069-b1b6-5c1aa9d0a48d</structureInode>
    <languageId>1</languageId>
    <text2>_sizes_import.scss</text2>
    <text3>_sizes_import.scss</text3>
    <text5>_sizes_import</text5>
    <text__area1>{&quot;content&quot;:&quot;$largeareawidth:\t400px;\n$largeareaheight:\t400px;\n$smallareawidth:\t100px;\n$smallareaheight:\t100px;\n\n&quot;,&quot;contentType&quot;:&quot;text/plain; charset=ISO-8859-1&quot;,&quot;fileSize&quot;:98,&quot;length&quot;:98}</text__area1>
    <integer1>0</integer1>
    <integer2>0</integer2>
    <integer3>0</integer3>
    <integer4>0</integer4>
    <integer5>0</integer5>
    <integer6>0</integer6>
    <integer7>0</integer7>
    <integer8>0</integer8>
    <integer9>0</integer9>
    <integer10>0</integer10>
    <integer11>0</integer11>
    <integer12>0</integer12>
    <integer13>0</integer13>
    <integer14>0</integer14>
    <integer15>0</integer15>
    <integer16>0</integer16>
    <integer17>0</integer17>
    <integer18>0</integer18>
    <integer19>0</integer19>
    <integer20>0</integer20>
    <integer21>0</integer21>
    <integer22>0</integer22>
    <integer23>0</integer23>
    <integer24>0</integer24>
    <integer25>0</integer25>
    <float1>0.0</float1>
    <float2>0.0</float2>
    <float3>0.0</float3>
    <float4>0.0</float4>
    <float5>0.0</float5>
    <float6>0.0</float6>
    <float7>0.0</float7>
    <float8>0.0</float8>
    <float9>0.0</float9>
    <float10>0.0</float10>
    <float11>0.0</float11>
    <float12>0.0</float12>
    <float13>0.0</float13>
    <float14>0.0</float14>
    <float15>0.0</float15>
    <float16>0.0</float16>
    <float17>0.0</float17>
    <float18>0.0</float18>
    <float19>0.0</float19>
    <float20>0.0</float20>
    <float21>0.0</float21>
    <float22>0.0</float22>
    <float23>0.0</float23>
    <float24>0.0</float24>
    <float25>0.0</float25>
    <bool1>false</bool1>
    <bool2>false</bool2>
    <bool3>false</bool3>
    <bool4>false</bool4>
    <bool5>false</bool5>
    <bool6>false</bool6>
    <bool7>false</bool7>
    <bool8>false</bool8>
    <bool9>false</bool9>
    <bool10>false</bool10>
    <bool11>false</bool11>
    <bool12>false</bool12>
    <bool13>false</bool13>
    <bool14>false</bool14>
    <bool15>false</bool15>
    <bool16>false</bool16>
    <bool17>false</bool17>
    <bool18>false</bool18>
    <bool19>false</bool19>
    <bool20>false</bool20>
    <bool21>false</bool21>
    <bool22>false</bool22>
    <bool23>false</bool23>
    <bool24>false</bool24>
    <bool25>false</bool25>
  </com.dotmarketing.portlets.contentlet.business.Contentlet>
  <com.dotmarketing.portlets.contentlet.business.Contentlet>
    <iDate class="sql-timestamp">2020-07-20 21:54:27.143</iDate>
    <type>contentlet</type>
    <owner>dotcms.org.1</owner>
    <inode>4f44fdf7-69c6-4039-b54b-b5405e6a5eca</inode>
    <identifier>60b6f918-a135-43a4-8810-3a4f2c9fa5d5</identifier>
    <source>DB</source>
    <title>_sizes.scss</title>
    <friendlyName>_sizes.scss</friendlyName>
    <modDate class="sql-timestamp">2020-07-20 21:54:27.142</modDate>
    <modUser>dotcms.org.1</modUser>
    <sortOrder>0</sortOrder>
    <showOnMenu>false</showOnMenu>
    <fAPI class="com.dotmarketing.portlets.structure.business.FieldAPIImpl" reference="../../com.dotmarketing.portlets.contentlet.business.Contentlet/fAPI"/>
    <structureInode>33888b6f-7a8e-4069-b1b6-5c1aa9d0a48d</structureInode>
    <languageId>1</languageId>
    <text2>_sizes.scss</text2>
    <text3>_sizes.scss</text3>
    <text5>_sizes</text5>
    <text__area1>{&quot;content&quot;:&quot;@import \&quot;../includes/sizes_import\&quot;;\n&quot;,&quot;contentType&quot;:&quot;text/plain; charset=ISO-8859-1&quot;,&quot;fileSize&quot;:35,&quot;length&quot;:35}</text__area1>
    <integer1>0</integer1>
    <integer2>0</integer2>
    <integer3>0</integer3>
    <integer4>0</integer4>
    <integer5>0</integer5>
    <integer6>0</integer6>
    <integer7>0</integer7>
    <integer8>0</integer8>
    <integer9>0</integer9>
    <integer10>0</integer10>
    <integer11>0</integer11>
    <integer12>0</integer12>
    <integer13>0</integer13>
    <integer14>0</integer14>
    <integer15>0</integer15>
    <integer16>0</integer16>
    <integer17>0</integer17>
    <integer18>0</integer18>
    <integer19>0</integer19>
    <integer20>0</integer20>
    <integer21>0</integer21>
    <integer22>0</integer22>
    <integer23>0</integer23>
    <integer24>0</integer24>
    <integer25>0</integer25>
    <float1>0.0</float1>
    <float2>0.0</float2>
    <float3>0.0</float3>
    <float4>0.0</float4>
    <float5>0.0</float5>
    <float6>0.0</float6>
    <float7>0.0</float7>
    <float8>0.0</float8>
    <float9>0.0</float9>
    <float10>0.0</float10>
    <float11>0.0</float11>
    <float12>0.0</float12>
    <float13>0.0</float13>
    <float14>0.0</float14>
    <float15>0.0</float15>
    <float16>0.0</float16>
    <float17>0.0</float17>
    <float18>0.0</float18>
    <float19>0.0</float19>
    <float20>0.0</float20>
    <float21>0.0</float21>
    <float22>0.0</float22>
    <float23>0.0</float23>
    <float24>0.0</float24>
    <float25>0.0</float25>
    <bool1>false</bool1>
    <bool2>false</bool2>
    <bool3>false</bool3>
    <bool4>false</bool4>
    <bool5>false</bool5>
    <bool6>false</bool6>
    <bool7>false</bool7>
    <bool8>false</bool8>
    <bool9>false</bool9>
    <bool10>false</bool10>
    <bool11>false</bool11>
    <bool12>false</bool12>
    <bool13>false</bool13>
    <bool14>false</bool14>
    <bool15>false</bool15>
    <bool16>false</bool16>
    <bool17>false</bool17>
    <bool18>false</bool18>
    <bool19>false</bool19>
    <bool20>false</bool20>
    <bool21>false</bool21>
    <bool22>false</bool22>
    <bool23>false</bool23>
    <bool24>false</bool24>
    <bool25>false</bool25>
  </com.dotmarketing.portlets.contentlet.business.Contentlet>
  <com.dotmarketing.portlets.contentlet.business.Contentlet>
    <iDate class="sql-timestamp">2020-07-20 21:54:25.589</iDate>
    <type>contentlet</type>
    <owner>dotcms.org.1</owner>
    <inode>a4fe7fd3-83e5-4ebf-b818-9f735162cec3</inode>
    <identifier>381321dc-60f3-4ef1-aa23-d9f42640d07e</identifier>
    <source>DB</source>
    <title>_largeareastyles.scss</title>
    <friendlyName>_largeareastyles.scss</friendlyName>
    <modDate class="sql-timestamp">2020-07-20 21:54:25.588</modDate>
    <modUser>dotcms.org.1</modUser>
    <sortOrder>0</sortOrder>
    <showOnMenu>false</showOnMenu>
    <fAPI class="com.dotmarketing.portlets.structure.business.FieldAPIImpl" reference="../../com.dotmarketing.portlets.contentlet.business.Contentlet/fAPI"/>
    <structureInode>33888b6f-7a8e-4069-b1b6-5c1aa9d0a48d</structureInode>
    <languageId>1</languageId>
    <text2>_largeareastyles.scss</text2>
    <text3>_largeareastyles.scss</text3>
    <text5>_largeareastyles</text5>
    <text__area1>{&quot;content&quot;:&quot;#largearea {\n\twidth:\t$largeareawidth;\n\theight:\t$largeareaheight;\n\tbackground: blue;\n\n\th2 {\n\t\tcolor: $headercolor;\n\t}\n}\n\n&quot;,&quot;contentType&quot;:&quot;text/plain; charset=ISO-8859-1&quot;,&quot;fileSize&quot;:119,&quot;length&quot;:119}</text__area1>
    <integer1>0</integer1>
    <integer2>0</integer2>
    <integer3>0</integer3>
    <integer4>0</integer4>
    <integer5>0</integer5>
    <integer6>0</integer6>
    <integer7>0</integer7>
    <integer8>0</integer8>
    <integer9>0</integer9>
    <integer10>0</integer10>
    <integer11>0</integer11>
    <integer12>0</integer12>
    <integer13>0</integer13>
    <integer14>0</integer14>
    <integer15>0</integer15>
    <integer16>0</integer16>
    <integer17>0</integer17>
    <integer18>0</integer18>
    <integer19>0</integer19>
    <integer20>0</integer20>
    <integer21>0</integer21>
    <integer22>0</integer22>
    <integer23>0</integer23>
    <integer24>0</integer24>
    <integer25>0</integer25>
    <float1>0.0</float1>
    <float2>0.0</float2>
    <float3>0.0</float3>
    <float4>0.0</float4>
    <float5>0.0</float5>
    <float6>0.0</float6>
    <float7>0.0</float7>
    <float8>0.0</float8>
    <float9>0.0</float9>
    <float10>0.0</float10>
    <float11>0.0</float11>
    <float12>0.0</float12>
    <float13>0.0</float13>
    <float14>0.0</float14>
    <float15>0.0</float15>
    <float16>0.0</float16>
    <float17>0.0</float17>
    <float18>0.0</float18>
    <float19>0.0</float19>
    <float20>0.0</float20>
    <float21>0.0</float21>
    <float22>0.0</float22>
    <float23>0.0</float23>
    <float24>0.0</float24>
    <float25>0.0</float25>
    <bool1>false</bool1>
    <bool2>false</bool2>
    <bool3>false</bool3>
    <bool4>false</bool4>
    <bool5>false</bool5>
    <bool6>false</bool6>
    <bool7>false</bool7>
    <bool8>false</bool8>
    <bool9>false</bool9>
    <bool10>false</bool10>
    <bool11>false</bool11>
    <bool12>false</bool12>
    <bool13>false</bool13>
    <bool14>false</bool14>
    <bool15>false</bool15>
    <bool16>false</bool16>
    <bool17>false</bool17>
    <bool18>false</bool18>
    <bool19>false</bool19>
    <bool20>false</bool20>
    <bool21>false</bool21>
    <bool22>false</bool22>
    <bool23>false</bool23>
    <bool24>false</bool24>
    <bool25>false</bool25>
  </com.dotmarketing.portlets.contentlet.business.Contentlet>
  <com.dotmarketing.portlets.contentlet.business.Contentlet>
    <iDate class="sql-timestamp">2020-07-20 21:54:26.895</iDate>
    <type>contentlet</type>
    <owner>dotcms.org.1</owner>
    <inode>2117d430-55b3-463f-b4e9-c02b5ab770d4</inode>
    <identifier>0e638a82-5334-459c-b27e-ff7b8624939d</identifier>
    <source>DB</source>
    <title>_colors_import.scss</title>
    <friendlyName>_colors_import.scss</friendlyName>
    <modDate class="sql-timestamp">2020-07-20 21:54:26.895</modDate>
    <modUser>dotcms.org.1</modUser>
    <sortOrder>0</sortOrder>
    <showOnMenu>false</showOnMenu>
    <fAPI class="com.dotmarketing.portlets.structure.business.FieldAPIImpl" reference="../../com.dotmarketing.portlets.contentlet.business.Contentlet/fAPI"/>
    <structureInode>33888b6f-7a8e-4069-b1b6-5c1aa9d0a48d</structureInode>
    <languageId>1</languageId>
    <text2>_colors_import.scss</text2>
    <text3>_colors_import.scss</text3>
    <text5>_colors_import</text5>
    <text__area1>{&quot;content&quot;:&quot;$bodybackgroundcolor: gray;\n$headercolor:\tyellow;\n&quot;,&quot;contentType&quot;:&quot;text/plain; charset=ISO-8859-1&quot;,&quot;fileSize&quot;:49,&quot;length&quot;:49}</text__area1>
    <integer1>0</integer1>
    <integer2>0</integer2>
    <integer3>0</integer3>
    <integer4>0</integer4>
    <integer5>0</integer5>
    <integer6>0</integer6>
    <integer7>0</integer7>
    <integer8>0</integer8>
    <integer9>0</integer9>
    <integer10>0</integer10>
    <integer11>0</integer11>
    <integer12>0</integer12>
    <integer13>0</integer13>
    <integer14>0</integer14>
    <integer15>0</integer15>
    <integer16>0</integer16>
    <integer17>0</integer17>
    <integer18>0</integer18>
    <integer19>0</integer19>
    <integer20>0</integer20>
    <integer21>0</integer21>
    <integer22>0</integer22>
    <integer23>0</integer23>
    <integer24>0</integer24>
    <integer25>0</integer25>
    <float1>0.0</float1>
    <float2>0.0</float2>
    <float3>0.0</float3>
    <float4>0.0</float4>
    <float5>0.0</float5>
    <float6>0.0</float6>
    <float7>0.0</float7>
    <float8>0.0</float8>
    <float9>0.0</float9>
    <float10>0.0</float10>
    <float11>0.0</float11>
    <float12>0.0</float12>
    <float13>0.0</float13>
    <float14>0.0</float14>
    <float15>0.0</float15>
    <float16>0.0</float16>
    <float17>0.0</float17>
    <float18>0.0</float18>
    <float19>0.0</float19>
    <float20>0.0</float20>
    <float21>0.0</float21>
    <float22>0.0</float22>
    <float23>0.0</float23>
    <float24>0.0</float24>
    <float25>0.0</float25>
    <bool1>false</bool1>
    <bool2>false</bool2>
    <bool3>false</bool3>
    <bool4>false</bool4>
    <bool5>false</bool5>
    <bool6>false</bool6>
    <bool7>false</bool7>
    <bool8>false</bool8>
    <bool9>false</bool9>
    <bool10>false</bool10>
    <bool11>false</bool11>
    <bool12>false</bool12>
    <bool13>false</bool13>
    <bool14>false</bool14>
    <bool15>false</bool15>
    <bool16>false</bool16>
    <bool17>false</bool17>
    <bool18>false</bool18>
    <bool19>false</bool19>
    <bool20>false</bool20>
    <bool21>false</bool21>
    <bool22>false</bool22>
    <bool23>false</bool23>
    <bool24>false</bool24>
    <bool25>false</bool25>
  </com.dotmarketing.portlets.contentlet.business.Contentlet>
  <com.dotmarketing.portlets.contentlet.business.Contentlet>
    <iDate class="sql-timestamp">2020-07-20 21:54:27.132</iDate>
    <type>contentlet</type>
    <owner>dotcms.org.1</owner>
    <inode>678cc9b9-605a-4788-a81c-c65f21758343</inode>
    <identifier>9ec01ee1-01ee-479a-82c3-c200e05f8963</identifier>
    <source>DB</source>
    <title>_colors.scss</title>
    <friendlyName>_colors.scss</friendlyName>
    <modDate class="sql-timestamp">2020-07-20 21:54:27.132</modDate>
    <modUser>dotcms.org.1</modUser>
    <sortOrder>0</sortOrder>
    <showOnMenu>false</showOnMenu>
    <fAPI class="com.dotmarketing.portlets.structure.business.FieldAPIImpl" reference="../../com.dotmarketing.portlets.contentlet.business.Contentlet/fAPI"/>
    <structureInode>33888b6f-7a8e-4069-b1b6-5c1aa9d0a48d</structureInode>
    <languageId>1</languageId>
    <text2>_colors.scss</text2>
    <text3>_colors.scss</text3>
    <text5>_colors</text5>
    <text__area1>{&quot;content&quot;:&quot;@import \&quot;../includes/colors_import\&quot;;\n&quot;,&quot;contentType&quot;:&quot;text/plain; charset=ISO-8859-1&quot;,&quot;fileSize&quot;:36,&quot;length&quot;:36}</text__area1>
    <integer1>0</integer1>
    <integer2>0</integer2>
    <integer3>0</integer3>
    <integer4>0</integer4>
    <integer5>0</integer5>
    <integer6>0</integer6>
    <integer7>0</integer7>
    <integer8>0</integer8>
    <integer9>0</integer9>
    <integer10>0</integer10>
    <integer11>0</integer11>
    <integer12>0</integer12>
    <integer13>0</integer13>
    <integer14>0</integer14>
    <integer15>0</integer15>
    <integer16>0</integer16>
    <integer17>0</integer17>
    <integer18>0</integer18>
    <integer19>0</integer19>
    <integer20>0</integer20>
    <integer21>0</integer21>
    <integer22>0</integer22>
    <integer23>0</integer23>
    <integer24>0</integer24>
    <integer25>0</integer25>
    <float1>0.0</float1>
    <float2>0.0</float2>
    <float3>0.0</float3>
    <float4>0.0</float4>
    <float5>0.0</float5>
    <float6>0.0</float6>
    <float7>0.0</float7>
    <float8>0.0</float8>
    <float9>0.0</float9>
    <float10>0.0</float10>
    <float11>0.0</float11>
    <float12>0.0</float12>
    <float13>0.0</float13>
    <float14>0.0</float14>
    <float15>0.0</float15>
    <float16>0.0</float16>
    <float17>0.0</float17>
    <float18>0.0</float18>
    <float19>0.0</float19>
    <float20>0.0</float20>
    <float21>0.0</float21>
    <float22>0.0</float22>
    <float23>0.0</float23>
    <float24>0.0</float24>
    <float25>0.0</float25>
    <bool1>false</bool1>
    <bool2>false</bool2>
    <bool3>false</bool3>
    <bool4>false</bool4>
    <bool5>false</bool5>
    <bool6>false</bool6>
    <bool7>false</bool7>
    <bool8>false</bool8>
    <bool9>false</bool9>
    <bool10>false</bool10>
    <bool11>false</bool11>
    <bool12>false</bool12>
    <bool13>false</bool13>
    <bool14>false</bool14>
    <bool15>false</bool15>
    <bool16>false</bool16>
    <bool17>false</bool17>
    <bool18>false</bool18>
    <bool19>false</bool19>
    <bool20>false</bool20>
    <bool21>false</bool21>
    <bool22>false</bool22>
    <bool23>false</bool23>
    <bool24>false</bool24>
    <bool25>false</bool25>
  </com.dotmarketing.portlets.contentlet.business.Contentlet>
  <com.dotmarketing.portlets.contentlet.business.Contentlet>
    <iDate class="sql-timestamp">2020-07-20 21:54:25.044</iDate>
    <type>contentlet</type>
    <owner>dotcms.org.1</owner>
    <inode>4512710c-f5b9-4eb3-bfce-5c26e9c2ca18</inode>
    <identifier>f40c796e-f864-4d8a-a455-37e7472ef7c1</identifier>
    <source>DB</source>
    <title>_bodystyles.scss</title>
    <friendlyName>_bodystyles.scss</friendlyName>
    <modDate class="sql-timestamp">2020-07-20 21:54:25.04</modDate>
    <modUser>dotcms.org.1</modUser>
    <sortOrder>0</sortOrder>
    <showOnMenu>false</showOnMenu>
    <fAPI class="com.dotmarketing.portlets.structure.business.FieldAPIImpl" reference="../../com.dotmarketing.portlets.contentlet.business.Contentlet/fAPI"/>
    <structureInode>33888b6f-7a8e-4069-b1b6-5c1aa9d0a48d</structureInode>
    <languageId>1</languageId>
    <text2>_bodystyles.scss</text2>
    <text3>_bodystyles.scss</text3>
    <text5>_bodystyles</text5>
    <text__area1>{&quot;content&quot;:&quot;body {\n\tbackground: $bodybackgroundcolor;\n}\n\n&quot;,&quot;contentType&quot;:&quot;text/plain; charset=ISO-8859-1&quot;,&quot;fileSize&quot;:44,&quot;length&quot;:44}</text__area1>
    <integer1>0</integer1>
    <integer2>0</integer2>
    <integer3>0</integer3>
    <integer4>0</integer4>
    <integer5>0</integer5>
    <integer6>0</integer6>
    <integer7>0</integer7>
    <integer8>0</integer8>
    <integer9>0</integer9>
    <integer10>0</integer10>
    <integer11>0</integer11>
    <integer12>0</integer12>
    <integer13>0</integer13>
    <integer14>0</integer14>
    <integer15>0</integer15>
    <integer16>0</integer16>
    <integer17>0</integer17>
    <integer18>0</integer18>
    <integer19>0</integer19>
    <integer20>0</integer20>
    <integer21>0</integer21>
    <integer22>0</integer22>
    <integer23>0</integer23>
    <integer24>0</integer24>
    <integer25>0</integer25>
    <float1>0.0</float1>
    <float2>0.0</float2>
    <float3>0.0</float3>
    <float4>0.0</float4>
    <float5>0.0</float5>
    <float6>0.0</float6>
    <float7>0.0</float7>
    <float8>0.0</float8>
    <float9>0.0</float9>
    <float10>0.0</float10>
    <float11>0.0</float11>
    <float12>0.0</float12>
    <float13>0.0</float13>
    <float14>0.0</float14>
    <float15>0.0</float15>
    <float16>0.0</float16>
    <float17>0.0</float17>
    <float18>0.0</float18>
    <float19>0.0</float19>
    <float20>0.0</float20>
    <float21>0.0</float21>
    <float22>0.0</float22>
    <float23>0.0</float23>
    <float24>0.0</float24>
    <float25>0.0</float25>
    <bool1>false</bool1>
    <bool2>false</bool2>
    <bool3>false</bool3>
    <bool4>false</bool4>
    <bool5>false</bool5>
    <bool6>false</bool6>
    <bool7>false</bool7>
    <bool8>false</bool8>
    <bool9>false</bool9>
    <bool10>false</bool10>
    <bool11>false</bool11>
    <bool12>false</bool12>
    <bool13>false</bool13>
    <bool14>false</bool14>
    <bool15>false</bool15>
    <bool16>false</bool16>
    <bool17>false</bool17>
    <bool18>false</bool18>
    <bool19>false</bool19>
    <bool20>false</bool20>
    <bool21>false</bool21>
    <bool22>false</bool22>
    <bool23>false</bool23>
    <bool24>false</bool24>
    <bool25>false</bool25>
  </com.dotmarketing.portlets.contentlet.business.Contentlet>
  <com.dotmarketing.portlets.contentlet.business.Contentlet>
    <iDate class="sql-timestamp">2009-11-17 12:55:33.0</iDate>
    <type>contentlet</type>
    <owner>system</owner>
    <inode>dbdec5e2-c02b-4cfb-83a9-4a4c4f3b2eb0</inode>
    <identifier>SYSTEM_HOST</identifier>
    <source>DB</source>
    <title>System Host</title>
    <friendlyName>System Host</friendlyName>
    <modDate class="sql-timestamp">2009-11-17 17:55:33.0</modDate>
    <modUser>system</modUser>
    <sortOrder>0</sortOrder>
    <showOnMenu>false</showOnMenu>
    <fAPI class="com.dotmarketing.portlets.structure.business.FieldAPIImpl" reference="../../com.dotmarketing.portlets.contentlet.business.Contentlet/fAPI"/>
    <structureInode>855a2d72-f2f3-4169-8b04-ac5157c4380c</structureInode>
    <languageId>1</languageId>
    <text1>System Host</text1>
    <text2></text2>
    <text3></text3>
    <text4></text4>
    <text7></text7>
    <text__area1></text__area1>
    <integer1>0</integer1>
    <integer2>0</integer2>
    <integer3>0</integer3>
    <integer4>0</integer4>
    <integer5>0</integer5>
    <integer6>0</integer6>
    <integer7>0</integer7>
    <integer8>0</integer8>
    <integer9>0</integer9>
    <integer10>0</integer10>
    <integer11>0</integer11>
    <integer12>0</integer12>
    <integer13>0</integer13>
    <integer14>0</integer14>
    <integer15>0</integer15>
    <integer16>0</integer16>
    <integer17>0</integer17>
    <integer18>0</integer18>
    <integer19>0</integer19>
    <integer20>0</integer20>
    <integer21>0</integer21>
    <integer22>0</integer22>
    <integer23>0</integer23>
    <integer24>0</integer24>
    <integer25>0</integer25>
    <float1>0.0</float1>
    <float2>0.0</float2>
    <float3>0.0</float3>
    <float4>0.0</float4>
    <float5>0.0</float5>
    <float6>0.0</float6>
    <float7>0.0</float7>
    <float8>0.0</float8>
    <float9>0.0</float9>
    <float10>0.0</float10>
    <float11>0.0</float11>
    <float12>0.0</float12>
    <float13>0.0</float13>
    <float14>0.0</float14>
    <float15>0.0</float15>
    <float16>0.0</float16>
    <float17>0.0</float17>
    <float18>0.0</float18>
    <float19>0.0</float19>
    <float20>0.0</float20>
    <float21>0.0</float21>
    <float22>0.0</float22>
    <float23>0.0</float23>
    <float24>0.0</float24>
    <float25>0.0</float25>
    <bool1>false</bool1>
    <bool2>true</bool2>
    <bool3>false</bool3>
    <bool4>false</bool4>
    <bool5>false</bool5>
    <bool6>false</bool6>
    <bool7>false</bool7>
    <bool8>false</bool8>
    <bool9>false</bool9>
    <bool10>false</bool10>
    <bool11>false</bool11>
    <bool12>false</bool12>
    <bool13>false</bool13>
    <bool14>false</bool14>
    <bool15>false</bool15>
    <bool16>false</bool16>
    <bool17>false</bool17>
    <bool18>false</bool18>
    <bool19>false</bool19>
    <bool20>false</bool20>
    <bool21>false</bool21>
    <bool22>false</bool22>
    <bool23>false</bool23>
    <bool24>false</bool24>
    <bool25>false</bool25>
  </com.dotmarketing.portlets.contentlet.business.Contentlet>
</list>