<list>
  <com.dotmarketing.beans.Identifier>
    <id>613b9d47-ee5e-4b67-addd-be095acaf08f</id>
    <assetName>sass</assetName>
    <assetType>folder</assetType>
    <parentPath>/</parentPath>
    <hostId>8a7d5e23-da1e-420a-b4f0-471e7da8ea2d</hostId>
  </com.dotmarketing.beans.Identifier>
  <com.dotmarketing.beans.Identifier>
    <id>8a7d5e23-da1e-420a-b4f0-471e7da8ea2d</id>
    <assetName>content.ff462f88-d9e1-4d31-b084-b73cb61976d3</assetName>
    <assetType>contentlet</assetType>
    <parentPath>/</parentPath>
    <hostId>SYSTEM_HOST</hostId>
  </com.dotmarketing.beans.Identifier>
  <com.dotmarketing.beans.Identifier>
    <id>SYSTEM_HOST</id>
    <assetName>system host</assetName>
    <assetType>contentlet</assetType>
    <parentPath>/</parentPath>
    <hostId>SYSTEM_HOST</hostId>
  </com.dotmarketing.beans.Identifier>
  <com.dotmarketing.beans.Identifier>
    <id>1714ab71-854a-446d-8bb3-cfe227b55d47</id>
    <assetName>requests.http</assetName>
    <assetType>contentlet</assetType>
    <parentPath>/sass/</parentPath>
    <hostId>8a7d5e23-da1e-420a-b4f0-471e7da8ea2d</hostId>
  </com.dotmarketing.beans.Identifier>
  <com.dotmarketing.beans.Identifier>
    <id>17252518-2b46-4d5c-9b92-24b1d5aaa1ae</id>
    <assetName>styles.scss</assetName>
    <assetType>contentlet</assetType>
    <parentPath>/sass/</parentPath>
    <hostId>8a7d5e23-da1e-420a-b4f0-471e7da8ea2d</hostId>
  </com.dotmarketing.beans.Identifier>
  <com.dotmarketing.beans.Identifier>
    <id>8ada9ded-4fa4-4a16-bb29-7da65ba8357f</id>
    <assetName>_bodystyles.scss</assetName>
    <assetType>contentlet</assetType>
    <parentPath>/sass/</parentPath>
    <hostId>8a7d5e23-da1e-420a-b4f0-471e7da8ea2d</hostId>
  </com.dotmarketing.beans.Identifier>
  <com.dotmarketing.beans.Identifier>
    <id>8ed81464-7340-4ab9-8ecf-7b73aa725d11</id>
    <assetName>testsass.htm</assetName>
    <assetType>contentlet</assetType>
    <parentPath>/sass/</parentPath>
    <hostId>8a7d5e23-da1e-420a-b4f0-471e7da8ea2d</hostId>
  </com.dotmarketing.beans.Identifier>
  <com.dotmarketing.beans.Identifier>
    <id>b96c0d2d-c65e-499d-9f43-1edf6b487146</id>
    <assetName>_smallareastyles.scss</assetName>
    <assetType>contentlet</assetType>
    <parentPath>/sass/</parentPath>
    <hostId>8a7d5e23-da1e-420a-b4f0-471e7da8ea2d</hostId>
  </com.dotmarketing.beans.Identifier>
  <com.dotmarketing.beans.Identifier>
    <id>f7121e7d-bdec-4445-ae3a-9e8de277dad8</id>
    <assetName>_largeareastyles.scss</assetName>
    <assetType>contentlet</assetType>
    <parentPath>/sass/</parentPath>
    <hostId>8a7d5e23-da1e-420a-b4f0-471e7da8ea2d</hostId>
  </com.dotmarketing.beans.Identifier>
  <com.dotmarketing.beans.Identifier>
    <id>f93b3d12-895d-47df-8547-e13d88f17122</id>
    <assetName>variables</assetName>
    <assetType>folder</assetType>
    <parentPath>/sass/</parentPath>
    <hostId>8a7d5e23-da1e-420a-b4f0-471e7da8ea2d</hostId>
  </com.dotmarketing.beans.Identifier>
  <com.dotmarketing.beans.Identifier>
    <id>0b809bba-f421-441d-8a91-a1ffeb913599</id>
    <assetName>colors</assetName>
    <assetType>folder</assetType>
    <parentPath>/sass/variables/</parentPath>
    <hostId>8a7d5e23-da1e-420a-b4f0-471e7da8ea2d</hostId>
  </com.dotmarketing.beans.Identifier>
  <com.dotmarketing.beans.Identifier>
    <id>69f97f58-60cf-4055-91c7-d011eaf1c857</id>
    <assetName>includes</assetName>
    <assetType>folder</assetType>
    <parentPath>/sass/variables/</parentPath>
    <hostId>8a7d5e23-da1e-420a-b4f0-471e7da8ea2d</hostId>
  </com.dotmarketing.beans.Identifier>
  <com.dotmarketing.beans.Identifier>
    <id>791d8e02-df47-4daf-8c18-12f71d386535</id>
    <assetName>_variables.scss</assetName>
    <assetType>contentlet</assetType>
    <parentPath>/sass/variables/</parentPath>
    <hostId>8a7d5e23-da1e-420a-b4f0-471e7da8ea2d</hostId>
  </com.dotmarketing.beans.Identifier>
  <com.dotmarketing.beans.Identifier>
    <id>9066b369-9bce-40b9-8771-a2436330376c</id>
    <assetName>sizes</assetName>
    <assetType>folder</assetType>
    <parentPath>/sass/variables/</parentPath>
    <hostId>8a7d5e23-da1e-420a-b4f0-471e7da8ea2d</hostId>
  </com.dotmarketing.beans.Identifier>
  <com.dotmarketing.beans.Identifier>
    <id>8b12dd86-e6e2-4e4a-a48f-686a76d0979f</id>
    <assetName>_colors.scss</assetName>
    <assetType>contentlet</assetType>
    <parentPath>/sass/variables/colors/</parentPath>
    <hostId>8a7d5e23-da1e-420a-b4f0-471e7da8ea2d</hostId>
  </com.dotmarketing.beans.Identifier>
  <com.dotmarketing.beans.Identifier>
    <id>549f2eaa-956b-4541-a6d8-8b004b87258c</id>
    <assetName>_sizes_import.scss</assetName>
    <assetType>contentlet</assetType>
    <parentPath>/sass/variables/includes/</parentPath>
    <hostId>8a7d5e23-da1e-420a-b4f0-471e7da8ea2d</hostId>
  </com.dotmarketing.beans.Identifier>
  <com.dotmarketing.beans.Identifier>
    <id>eba78606-7bc2-454b-92f1-5f9e83226e00</id>
    <assetName>_colors_import.scss</assetName>
    <assetType>contentlet</assetType>
    <parentPath>/sass/variables/includes/</parentPath>
    <hostId>8a7d5e23-da1e-420a-b4f0-471e7da8ea2d</hostId>
  </com.dotmarketing.beans.Identifier>
  <com.dotmarketing.beans.Identifier>
    <id>26e05749-206b-4826-b237-b9f051c2abf3</id>
    <assetName>_sizes.scss</assetName>
    <assetType>contentlet</assetType>
    <parentPath>/sass/variables/sizes/</parentPath>
    <hostId>8a7d5e23-da1e-420a-b4f0-471e7da8ea2d</hostId>
  </com.dotmarketing.beans.Identifier>
  <com.dotmarketing.beans.Identifier>
    <id>bc9a1d37-dd2d-4d49-a29d-0c9be740bfaf</id>
    <assetName>system folder</assetName>
    <assetType>folder</assetType>
    <parentPath>/System folder</parentPath>
    <hostId>SYSTEM_HOST</hostId>
  </com.dotmarketing.beans.Identifier>
</list>