<list>
  <com.dotmarketing.beans.Identifier>
    <id>8a7d5e23-da1e-420a-b4f0-471e7da8ea2d</id>
    <assetName>content.ff462f88-d9e1-4d31-b084-b73cb61976d3</assetName>
    <assetType>contentlet</assetType>
    <parentPath>/</parentPath>
    <hostId>SYSTEM_HOST</hostId>
  </com.dotmarketing.beans.Identifier>
  <com.dotmarketing.beans.Identifier>
    <id>e16d1626-e2cf-46ff-a5ac-8316a1fc36ef</id>
    <assetName>sass</assetName>
    <assetType>folder</assetType>
    <parentPath>/</parentPath>
    <hostId>8a7d5e23-da1e-420a-b4f0-471e7da8ea2d</hostId>
  </com.dotmarketing.beans.Identifier>
  <com.dotmarketing.beans.Identifier>
    <id>SYSTEM_HOST</id>
    <assetName>system host</assetName>
    <assetType>contentlet</assetType>
    <parentPath>/</parentPath>
    <hostId>SYSTEM_HOST</hostId>
  </com.dotmarketing.beans.Identifier>
  <com.dotmarketing.beans.Identifier>
    <id>381321dc-60f3-4ef1-aa23-d9f42640d07e</id>
    <assetName>_largeareastyles.scss</assetName>
    <assetType>contentlet</assetType>
    <parentPath>/sass/</parentPath>
    <hostId>8a7d5e23-da1e-420a-b4f0-471e7da8ea2d</hostId>
  </com.dotmarketing.beans.Identifier>
  <com.dotmarketing.beans.Identifier>
    <id>4a3f3f81-78d9-41c5-a4ff-29fc0d0b3289</id>
    <assetName>styles.scss</assetName>
    <assetType>contentlet</assetType>
    <parentPath>/sass/</parentPath>
    <hostId>8a7d5e23-da1e-420a-b4f0-471e7da8ea2d</hostId>
  </com.dotmarketing.beans.Identifier>
  <com.dotmarketing.beans.Identifier>
    <id>4f7a01da-04ec-4b62-81d4-0cf17c0afd2e</id>
    <assetName>_smallareastyles.scss</assetName>
    <assetType>contentlet</assetType>
    <parentPath>/sass/</parentPath>
    <hostId>8a7d5e23-da1e-420a-b4f0-471e7da8ea2d</hostId>
  </com.dotmarketing.beans.Identifier>
  <com.dotmarketing.beans.Identifier>
    <id>9d08c46a-1689-44af-98c2-06e771d25aea</id>
    <assetName>variables</assetName>
    <assetType>folder</assetType>
    <parentPath>/sass/</parentPath>
    <hostId>8a7d5e23-da1e-420a-b4f0-471e7da8ea2d</hostId>
  </com.dotmarketing.beans.Identifier>
  <com.dotmarketing.beans.Identifier>
    <id>b9032aaa-ec51-40ed-b552-0c9c6a2eed64</id>
    <assetName>testsass.htm</assetName>
    <assetType>contentlet</assetType>
    <parentPath>/sass/</parentPath>
    <hostId>8a7d5e23-da1e-420a-b4f0-471e7da8ea2d</hostId>
  </com.dotmarketing.beans.Identifier>
  <com.dotmarketing.beans.Identifier>
    <id>f40c796e-f864-4d8a-a455-37e7472ef7c1</id>
    <assetName>_bodystyles.scss</assetName>
    <assetType>contentlet</assetType>
    <parentPath>/sass/</parentPath>
    <hostId>8a7d5e23-da1e-420a-b4f0-471e7da8ea2d</hostId>
  </com.dotmarketing.beans.Identifier>
  <com.dotmarketing.beans.Identifier>
    <id>2075aa56-f441-4a97-96a2-b104ffabe775</id>
    <assetName>_variables.scss</assetName>
    <assetType>contentlet</assetType>
    <parentPath>/sass/variables/</parentPath>
    <hostId>8a7d5e23-da1e-420a-b4f0-471e7da8ea2d</hostId>
  </com.dotmarketing.beans.Identifier>
  <com.dotmarketing.beans.Identifier>
    <id>696960c0-5eaa-4bd1-907f-5f58fc037180</id>
    <assetName>sizes</assetName>
    <assetType>folder</assetType>
    <parentPath>/sass/variables/</parentPath>
    <hostId>8a7d5e23-da1e-420a-b4f0-471e7da8ea2d</hostId>
  </com.dotmarketing.beans.Identifier>
  <com.dotmarketing.beans.Identifier>
    <id>9c7a5b3c-0045-4bee-8f11-62f9bd5c028a</id>
    <assetName>includes</assetName>
    <assetType>folder</assetType>
    <parentPath>/sass/variables/</parentPath>
    <hostId>8a7d5e23-da1e-420a-b4f0-471e7da8ea2d</hostId>
  </com.dotmarketing.beans.Identifier>
  <com.dotmarketing.beans.Identifier>
    <id>aac70965-3555-4580-b4ce-87c27f117b2f</id>
    <assetName>colors</assetName>
    <assetType>folder</assetType>
    <parentPath>/sass/variables/</parentPath>
    <hostId>8a7d5e23-da1e-420a-b4f0-471e7da8ea2d</hostId>
  </com.dotmarketing.beans.Identifier>
  <com.dotmarketing.beans.Identifier>
    <id>9ec01ee1-01ee-479a-82c3-c200e05f8963</id>
    <assetName>_colors.scss</assetName>
    <assetType>contentlet</assetType>
    <parentPath>/sass/variables/colors/</parentPath>
    <hostId>8a7d5e23-da1e-420a-b4f0-471e7da8ea2d</hostId>
  </com.dotmarketing.beans.Identifier>
  <com.dotmarketing.beans.Identifier>
    <id>0e638a82-5334-459c-b27e-ff7b8624939d</id>
    <assetName>_colors_import.scss</assetName>
    <assetType>contentlet</assetType>
    <parentPath>/sass/variables/includes/</parentPath>
    <hostId>8a7d5e23-da1e-420a-b4f0-471e7da8ea2d</hostId>
  </com.dotmarketing.beans.Identifier>
  <com.dotmarketing.beans.Identifier>
    <id>818ce5d6-5154-47c0-a12f-6b6e8e048ded</id>
    <assetName>_sizes_import.scss</assetName>
    <assetType>contentlet</assetType>
    <parentPath>/sass/variables/includes/</parentPath>
    <hostId>8a7d5e23-da1e-420a-b4f0-471e7da8ea2d</hostId>
  </com.dotmarketing.beans.Identifier>
  <com.dotmarketing.beans.Identifier>
    <id>60b6f918-a135-43a4-8810-3a4f2c9fa5d5</id>
    <assetName>_sizes.scss</assetName>
    <assetType>contentlet</assetType>
    <parentPath>/sass/variables/sizes/</parentPath>
    <hostId>8a7d5e23-da1e-420a-b4f0-471e7da8ea2d</hostId>
  </com.dotmarketing.beans.Identifier>
  <com.dotmarketing.beans.Identifier>
    <id>bc9a1d37-dd2d-4d49-a29d-0c9be740bfaf</id>
    <assetName>system folder</assetName>
    <assetType>folder</assetType>
    <parentPath>/System folder</parentPath>
    <hostId>SYSTEM_HOST</hostId>
  </com.dotmarketing.beans.Identifier>
</list>