<list>
  <com.dotmarketing.portlets.contentlet.model.ContentletVersionInfo>
    <identifier>0e638a82-5334-459c-b27e-ff7b8624939d</identifier>
    <liveInode>2117d430-55b3-463f-b4e9-c02b5ab770d4</liveInode>
    <workingInode>2117d430-55b3-463f-b4e9-c02b5ab770d4</workingInode>
    <lockedOn class="sql-timestamp">2020-07-20 21:54:26.916</lockedOn>
    <deleted>false</deleted>
    <versionTs class="sql-timestamp">2020-07-20 21:54:27.0</versionTs>
    <lang>1</lang>
  </com.dotmarketing.portlets.contentlet.model.ContentletVersionInfo>
  <com.dotmarketing.portlets.contentlet.model.ContentletVersionInfo>
    <identifier>2075aa56-f441-4a97-96a2-b104ffabe775</identifier>
    <liveInode>33381f26-994b-49d9-bc6c-b67cb25b59c8</liveInode>
    <workingInode>33381f26-994b-49d9-bc6c-b67cb25b59c8</workingInode>
    <lockedOn class="sql-timestamp">2020-07-20 21:54:26.525</lockedOn>
    <deleted>false</deleted>
    <versionTs class="sql-timestamp">2020-07-20 21:54:26.576</versionTs>
    <lang>1</lang>
  </com.dotmarketing.portlets.contentlet.model.ContentletVersionInfo>
  <com.dotmarketing.portlets.contentlet.model.ContentletVersionInfo>
    <identifier>381321dc-60f3-4ef1-aa23-d9f42640d07e</identifier>
    <liveInode>a4fe7fd3-83e5-4ebf-b818-9f735162cec3</liveInode>
    <workingInode>a4fe7fd3-83e5-4ebf-b818-9f735162cec3</workingInode>
    <lockedOn class="sql-timestamp">2020-07-20 21:54:25.612</lockedOn>
    <deleted>false</deleted>
    <versionTs class="sql-timestamp">2020-07-20 21:54:25.741</versionTs>
    <lang>1</lang>
  </com.dotmarketing.portlets.contentlet.model.ContentletVersionInfo>
  <com.dotmarketing.portlets.contentlet.model.ContentletVersionInfo>
    <identifier>4a3f3f81-78d9-41c5-a4ff-29fc0d0b3289</identifier>
    <liveInode>8f5203a2-5466-4239-af53-be4e68c4b485</liveInode>
    <workingInode>8f5203a2-5466-4239-af53-be4e68c4b485</workingInode>
    <lockedOn class="sql-timestamp">2020-07-20 21:54:25.108</lockedOn>
    <deleted>false</deleted>
    <versionTs class="sql-timestamp">2020-07-20 21:54:25.344</versionTs>
    <lang>1</lang>
  </com.dotmarketing.portlets.contentlet.model.ContentletVersionInfo>
  <com.dotmarketing.portlets.contentlet.model.ContentletVersionInfo>
    <identifier>4f7a01da-04ec-4b62-81d4-0cf17c0afd2e</identifier>
    <liveInode>5e7f32a3-dbbe-46d9-a4d9-ed263c8200d4</liveInode>
    <workingInode>5e7f32a3-dbbe-46d9-a4d9-ed263c8200d4</workingInode>
    <lockedOn class="sql-timestamp">2020-07-20 21:54:25.611</lockedOn>
    <deleted>false</deleted>
    <versionTs class="sql-timestamp">2020-07-20 21:54:25.706</versionTs>
    <lang>1</lang>
  </com.dotmarketing.portlets.contentlet.model.ContentletVersionInfo>
  <com.dotmarketing.portlets.contentlet.model.ContentletVersionInfo>
    <identifier>60b6f918-a135-43a4-8810-3a4f2c9fa5d5</identifier>
    <liveInode>4f44fdf7-69c6-4039-b54b-b5405e6a5eca</liveInode>
    <workingInode>4f44fdf7-69c6-4039-b54b-b5405e6a5eca</workingInode>
    <lockedOn class="sql-timestamp">2020-07-20 21:54:27.152</lockedOn>
    <deleted>false</deleted>
    <versionTs class="sql-timestamp">2020-07-20 21:54:27.279</versionTs>
    <lang>1</lang>
  </com.dotmarketing.portlets.contentlet.model.ContentletVersionInfo>
  <com.dotmarketing.portlets.contentlet.model.ContentletVersionInfo>
    <identifier>818ce5d6-5154-47c0-a12f-6b6e8e048ded</identifier>
    <liveInode>2e34b2ae-019f-4dd0-96b1-1addddde3919</liveInode>
    <workingInode>2e34b2ae-019f-4dd0-96b1-1addddde3919</workingInode>
    <lockedOn class="sql-timestamp">2020-07-20 21:54:26.713</lockedOn>
    <deleted>false</deleted>
    <versionTs class="sql-timestamp">2020-07-20 21:54:26.945</versionTs>
    <lang>1</lang>
  </com.dotmarketing.portlets.contentlet.model.ContentletVersionInfo>
  <com.dotmarketing.portlets.contentlet.model.ContentletVersionInfo>
    <identifier>8a7d5e23-da1e-420a-b4f0-471e7da8ea2d</identifier>
    <liveInode>1b407535-67e3-4f21-ad00-8ef5ef492d64</liveInode>
    <workingInode>1b407535-67e3-4f21-ad00-8ef5ef492d64</workingInode>
    <lockedBy>dotcms.org.1</lockedBy>
    <lockedOn class="sql-timestamp">2020-04-20 20:28:30.733</lockedOn>
    <deleted>false</deleted>
    <versionTs class="sql-timestamp">2020-04-20 20:28:30.955</versionTs>
    <lang>1</lang>
  </com.dotmarketing.portlets.contentlet.model.ContentletVersionInfo>
  <com.dotmarketing.portlets.contentlet.model.ContentletVersionInfo>
    <identifier>9ec01ee1-01ee-479a-82c3-c200e05f8963</identifier>
    <liveInode>678cc9b9-605a-4788-a81c-c65f21758343</liveInode>
    <workingInode>678cc9b9-605a-4788-a81c-c65f21758343</workingInode>
    <lockedOn class="sql-timestamp">2020-07-20 21:54:27.149</lockedOn>
    <deleted>false</deleted>
    <versionTs class="sql-timestamp">2020-07-20 21:54:27.248</versionTs>
    <lang>1</lang>
  </com.dotmarketing.portlets.contentlet.model.ContentletVersionInfo>
  <com.dotmarketing.portlets.contentlet.model.ContentletVersionInfo>
    <identifier>b9032aaa-ec51-40ed-b552-0c9c6a2eed64</identifier>
    <liveInode>b207fcb2-4654-4cda-8999-c2339317e21b</liveInode>
    <workingInode>b207fcb2-4654-4cda-8999-c2339317e21b</workingInode>
    <lockedOn class="sql-timestamp">2020-07-20 21:54:26.083</lockedOn>
    <deleted>false</deleted>
    <versionTs class="sql-timestamp">2020-07-20 21:54:26.516</versionTs>
    <lang>1</lang>
  </com.dotmarketing.portlets.contentlet.model.ContentletVersionInfo>
  <com.dotmarketing.portlets.contentlet.model.ContentletVersionInfo>
    <identifier>f40c796e-f864-4d8a-a455-37e7472ef7c1</identifier>
    <liveInode>4512710c-f5b9-4eb3-bfce-5c26e9c2ca18</liveInode>
    <workingInode>4512710c-f5b9-4eb3-bfce-5c26e9c2ca18</workingInode>
    <lockedOn class="sql-timestamp">2020-07-20 21:54:25.083</lockedOn>
    <deleted>false</deleted>
    <versionTs class="sql-timestamp">2020-07-20 21:54:25.366</versionTs>
    <lang>1</lang>
  </com.dotmarketing.portlets.contentlet.model.ContentletVersionInfo>
  <com.dotmarketing.portlets.contentlet.model.ContentletVersionInfo>
    <identifier>SYSTEM_HOST</identifier>
    <liveInode>dbdec5e2-c02b-4cfb-83a9-4a4c4f3b2eb0</liveInode>
    <workingInode>dbdec5e2-c02b-4cfb-83a9-4a4c4f3b2eb0</workingInode>
    <lockedOn class="sql-timestamp">2012-06-07 09:46:26.0</lockedOn>
    <deleted>false</deleted>
    <versionTs class="sql-timestamp">2020-04-20 20:23:51.289</versionTs>
    <lang>1</lang>
  </com.dotmarketing.portlets.contentlet.model.ContentletVersionInfo>
</list>