<list>
  <com.dotmarketing.portlets.workflows.model.WorkflowTask>
    <id>03683936-70a3-40ac-a5eb-cd8c8383fd8d</id>
    <creationDate class="sql-timestamp">2020-07-24 15:49:44.766</creationDate>
    <modDate class="sql-timestamp">2020-07-24 15:49:44.766</modDate>
    <createdBy>e7d4e34e-5127-45fc-8123-d48b62d510e3</createdBy>
    <assignedTo>e7d4e34e-5127-45fc-8123-d48b62d510e3</assignedTo>
    <title>_colors.scss</title>
    <status>dc3c9cd0-8467-404b-bf95-cb7df3fbc293</status>
    <webasset>cc36df03-6b81-4a9a-b185-667090134d4b</webasset>
    <languageId>1</languageId>
  </com.dotmarketing.portlets.workflows.model.WorkflowTask>
  <com.dotmarketing.portlets.workflows.model.WorkflowTask>
    <id>044a767c-641b-4f43-8511-a353d24b741d</id>
    <creationDate class="sql-timestamp">2020-07-24 15:49:43.843</creationDate>
    <modDate class="sql-timestamp">2020-07-24 15:49:43.843</modDate>
    <createdBy>e7d4e34e-5127-45fc-8123-d48b62d510e3</createdBy>
    <assignedTo>e7d4e34e-5127-45fc-8123-d48b62d510e3</assignedTo>
    <title>_variables.scss</title>
    <status>dc3c9cd0-8467-404b-bf95-cb7df3fbc293</status>
    <webasset>c38ccd74-b6c2-406c-8c6a-2da650f321d8</webasset>
    <languageId>1</languageId>
  </com.dotmarketing.portlets.workflows.model.WorkflowTask>
  <com.dotmarketing.portlets.workflows.model.WorkflowTask>
    <id>17c1f863-2fb3-42ce-9a5b-55c0420f09d6</id>
    <creationDate class="sql-timestamp">2020-07-24 15:49:43.883</creationDate>
    <modDate class="sql-timestamp">2020-07-24 15:49:43.884</modDate>
    <createdBy>e7d4e34e-5127-45fc-8123-d48b62d510e3</createdBy>
    <assignedTo>e7d4e34e-5127-45fc-8123-d48b62d510e3</assignedTo>
    <title>testsass.htm</title>
    <status>dc3c9cd0-8467-404b-bf95-cb7df3fbc293</status>
    <webasset>317942d1-2186-4e2b-95cb-046e29b5661a</webasset>
    <languageId>1</languageId>
  </com.dotmarketing.portlets.workflows.model.WorkflowTask>
  <com.dotmarketing.portlets.workflows.model.WorkflowTask>
    <id>8671e484-9768-4457-b64d-6af79ed94501</id>
    <creationDate class="sql-timestamp">2020-07-24 15:49:42.843</creationDate>
    <modDate class="sql-timestamp">2020-07-24 15:49:42.843</modDate>
    <createdBy>e7d4e34e-5127-45fc-8123-d48b62d510e3</createdBy>
    <assignedTo>e7d4e34e-5127-45fc-8123-d48b62d510e3</assignedTo>
    <title>_smallareastyles.scss</title>
    <status>dc3c9cd0-8467-404b-bf95-cb7df3fbc293</status>
    <webasset>580dcdaa-392f-42c3-a0ab-8069c7f85115</webasset>
    <languageId>1</languageId>
  </com.dotmarketing.portlets.workflows.model.WorkflowTask>
  <com.dotmarketing.portlets.workflows.model.WorkflowTask>
    <id>a0da599c-964e-48f7-874a-6d6cb3fb23cc</id>
    <creationDate class="sql-timestamp">2020-07-24 15:49:42.525</creationDate>
    <modDate class="sql-timestamp">2020-07-24 15:49:42.526</modDate>
    <createdBy>e7d4e34e-5127-45fc-8123-d48b62d510e3</createdBy>
    <assignedTo>e7d4e34e-5127-45fc-8123-d48b62d510e3</assignedTo>
    <title>styles.scss</title>
    <status>dc3c9cd0-8467-404b-bf95-cb7df3fbc293</status>
    <webasset>878d10f1-8447-4b8b-92ca-0f46903ad7f1</webasset>
    <languageId>1</languageId>
  </com.dotmarketing.portlets.workflows.model.WorkflowTask>
  <com.dotmarketing.portlets.workflows.model.WorkflowTask>
    <id>a6df3d20-7a64-4d0d-91df-9257ff5466e6</id>
    <creationDate class="sql-timestamp">2020-07-24 15:49:44.198</creationDate>
    <modDate class="sql-timestamp">2020-07-24 15:49:44.199</modDate>
    <createdBy>e7d4e34e-5127-45fc-8123-d48b62d510e3</createdBy>
    <assignedTo>e7d4e34e-5127-45fc-8123-d48b62d510e3</assignedTo>
    <title>_sizes_import.scss</title>
    <status>dc3c9cd0-8467-404b-bf95-cb7df3fbc293</status>
    <webasset>032b926f-3016-4317-a13d-4efe6cf8946f</webasset>
    <languageId>1</languageId>
  </com.dotmarketing.portlets.workflows.model.WorkflowTask>
  <com.dotmarketing.portlets.workflows.model.WorkflowTask>
    <id>bc342b42-0411-4798-92b9-18796a98e2c0</id>
    <creationDate class="sql-timestamp">2020-07-24 15:49:42.838</creationDate>
    <modDate class="sql-timestamp">2020-07-24 15:49:42.838</modDate>
    <createdBy>e7d4e34e-5127-45fc-8123-d48b62d510e3</createdBy>
    <assignedTo>e7d4e34e-5127-45fc-8123-d48b62d510e3</assignedTo>
    <title>_largeareastyles.scss</title>
    <status>dc3c9cd0-8467-404b-bf95-cb7df3fbc293</status>
    <webasset>5f70b959-6bf0-4179-bee6-5f798a931c48</webasset>
    <languageId>1</languageId>
  </com.dotmarketing.portlets.workflows.model.WorkflowTask>
  <com.dotmarketing.portlets.workflows.model.WorkflowTask>
    <id>ce17b5f3-c59d-4b0b-bb7e-e5b9fe5d20af</id>
    <creationDate class="sql-timestamp">2020-07-24 15:49:44.288</creationDate>
    <modDate class="sql-timestamp">2020-07-24 15:49:44.289</modDate>
    <createdBy>e7d4e34e-5127-45fc-8123-d48b62d510e3</createdBy>
    <assignedTo>e7d4e34e-5127-45fc-8123-d48b62d510e3</assignedTo>
    <title>_colors_import.scss</title>
    <status>dc3c9cd0-8467-404b-bf95-cb7df3fbc293</status>
    <webasset>1de0c6d0-dc48-4257-b2cb-7367514ae33f</webasset>
    <languageId>1</languageId>
  </com.dotmarketing.portlets.workflows.model.WorkflowTask>
  <com.dotmarketing.portlets.workflows.model.WorkflowTask>
    <id>dd723ab7-3da1-46d8-a316-77e76087e100</id>
    <creationDate class="sql-timestamp">2020-07-24 15:49:42.525</creationDate>
    <modDate class="sql-timestamp">2020-07-24 15:49:42.526</modDate>
    <createdBy>e7d4e34e-5127-45fc-8123-d48b62d510e3</createdBy>
    <assignedTo>e7d4e34e-5127-45fc-8123-d48b62d510e3</assignedTo>
    <title>_bodystyles.scss</title>
    <status>dc3c9cd0-8467-404b-bf95-cb7df3fbc293</status>
    <webasset>4786cf16-92fa-468b-88aa-3a9cc41b90f9</webasset>
    <languageId>1</languageId>
  </com.dotmarketing.portlets.workflows.model.WorkflowTask>
  <com.dotmarketing.portlets.workflows.model.WorkflowTask>
    <id>ea15088c-4978-4f0b-96fc-a30498aecbcf</id>
    <creationDate class="sql-timestamp">2020-07-24 15:49:44.534</creationDate>
    <modDate class="sql-timestamp">2020-07-24 15:49:44.534</modDate>
    <createdBy>e7d4e34e-5127-45fc-8123-d48b62d510e3</createdBy>
    <assignedTo>e7d4e34e-5127-45fc-8123-d48b62d510e3</assignedTo>
    <title>_sizes.scss</title>
    <status>dc3c9cd0-8467-404b-bf95-cb7df3fbc293</status>
    <webasset>58d46d3e-d4e7-4ba1-ab97-4d6136854e18</webasset>
    <languageId>1</languageId>
  </com.dotmarketing.portlets.workflows.model.WorkflowTask>
</list>