<list>
  <map>
    <entry>
      <string>companyid</string>
      <string>dotcms.org</string>
    </entry>
    <entry>
      <string>groupid</string>
      <string>SHARED_KEY</string>
    </entry>
    <entry>
      <string>defaultpreferences</string>
      <string>&lt;?xml version=&quot;1.0&quot; encoding=&quot;UTF-8&quot;?&gt;&#xd;
&lt;portlet&gt;&lt;portlet-name&gt;c_Files&lt;/portlet-name&gt;&lt;portlet-class&gt;com.liferay.portlet.StrutsPortlet&lt;/portlet-class&gt;&lt;resource-bundle&gt;com.liferay.portlet.StrutsResourceBundle&lt;/resource-bundle&gt;&lt;init-param&gt;&lt;name&gt;name&lt;/name&gt;&lt;value&gt;Files&lt;/value&gt;&lt;/init-param&gt;&lt;init-param&gt;&lt;name&gt;baseTypes&lt;/name&gt;&lt;value&gt;FILEASSET,DOTASSET&lt;/value&gt;&lt;/init-param&gt;&lt;init-param&gt;&lt;name&gt;view-action&lt;/name&gt;&lt;value&gt;/ext/contentlet/view_contentlets&lt;/value&gt;&lt;/init-param&gt;&lt;init-param&gt;&lt;name&gt;portletSource&lt;/name&gt;&lt;value&gt;db&lt;/value&gt;&lt;/init-param&gt;&lt;init-param&gt;&lt;name&gt;contentTypes&lt;/name&gt;&lt;value&gt;&lt;/value&gt;&lt;/init-param&gt;&lt;/portlet&gt;&#xd;
</string>
    </entry>
    <entry>
      <string>roles</string>
      <string></string>
    </entry>
    <entry>
      <string>portletid</string>
      <string>c_Files</string>
    </entry>
    <entry>
      <string>active_</string>
      <string>t</string>
    </entry>
    <entry>
      <string>rownumber</string>
      <string>0</string>
    </entry>
    <entry>
      <string>narrow</string>
      <string>f</string>
    </entry>
    <entry>
      <string>oddoreven</string>
      <string>0</string>
    </entry>
  </map>
</list>