{"content":"// jQuery HC-Sticky\n// =============\n// Version: 1.2.43\n// Copyright: Some Web Media\n// Author: Some Web Guy\n// Author URL: http://twitter.com/some_web_guy\n// Website: http://someweblog.com/\n// Plugin URL: https://github.com/somewebmedia/hc-sticky\n// License: Released under the MIT License www.opensource.org/licenses/mit-license.php\n// Description: Cross-browser jQuery plugin that makes any element attached to the page and always visible while you scroll.\n\n(function(d,g,k){var l=d(g),h=g.document,s=d(h),t=function(){for(var d=3,b=h.createElement(\"div\"),a=b.getElementsByTagName(\"i\");b.innerHTML=\"\\x3c!--[if gt IE \"+ ++d+\"]><i></i><![endif]--\\x3e\",a[0];);return 4<d?d:void 0}(),f=function(){var d=g.pageXOffset!==k?g.pageXOffset:\"CSS1Compat\"==h.compatMode?g.document.documentElement.scrollLeft:g.document.body.scrollLeft,b=g.pageYOffset!==k?g.pageYOffset:\"CSS1Compat\"==h.compatMode?g.document.documentElement.scrollTop:g.document.body.scrollTop;\"undefined\"==\ntypeof f.x&&(f.x=d,f.y=b);\"undefined\"==typeof f.distanceX?(f.distanceX=d,f.distanceY=b):(f.distanceX=d-f.x,f.distanceY=b-f.y);var a=f.x-d,e=f.y-b;f.direction=0>a?\"right\":0<a?\"left\":0>=e?\"down\":0<e?\"up\":\"first\";f.x=d;f.y=b};l.on(\"scroll\",f);d.fn.style=function(f){if(!f)return null;var b=d(this),a,e=b.clone().css(\"display\",\"none\");e.find(\"input:radio\").attr(\"name\",\"copy-\"+Math.floor(100*Math.random()+1));b.after(e);var k=function(a,d){var e;a.currentStyle?e=a.currentStyle[d.replace(/-\\w/g,function(b){return b.toUpperCase().replace(\"-\",\n\"\")})]:g.getComputedStyle&&(e=h.defaultView.getComputedStyle(a,null).getPropertyValue(d));return e=/margin/g.test(d)?parseInt(e)===b[0].offsetLeft?e:\"auto\":e};\"string\"==typeof f?a=k(e[0],f):(a={},d.each(f,function(b,d){a[d]=k(e[0],d)}));e.remove();return a||null};d.fn.extend({hcSticky:function(h){if(0==this.length)return this;this.pluginOptions(\"hcSticky\",{top:0,bottom:0,bottomEnd:0,innerTop:0,innerSticker:null,className:\"sticky\",wrapperClassName:\"wrapper-sticky\",stickTo:null,responsive:!0,followScroll:!0,\noffResolutions:null,onStart:d.noop,onStop:d.noop,on:!0,fn:null},h||{},{reinit:function(){d(this).hcSticky()},stop:function(){d(this).pluginOptions(\"hcSticky\",{on:!1}).each(function(){var b=d(this),a=b.pluginOptions(\"hcSticky\"),e=b.parent(\".\"+a.wrapperClassName),e=b.offset().top-e.offset().top;b.css({position:\"absolute\",top:e,bottom:\"auto\",left:\"auto\",right:\"auto\"}).removeClass(a.className)})},off:function(){d(this).pluginOptions(\"hcSticky\",{on:!1}).each(function(){var b=d(this),a=b.pluginOptions(\"hcSticky\"),\ne=b.parent(\".\"+a.wrapperClassName);b.css({position:\"relative\",top:\"auto\",bottom:\"auto\",left:\"auto\",right:\"auto\"}).removeClass(a.className);e.css(\"height\",\"auto\")})},on:function(){d(this).each(function(){d(this).pluginOptions(\"hcSticky\",{on:!0,remember:{offsetTop:l.scrollTop()}}).hcSticky()})},destroy:function(){var b=d(this),a=b.pluginOptions(\"hcSticky\"),e=b.parent(\".\"+a.wrapperClassName);b.removeData(\"hcStickyInit\").css({position:e.css(\"position\"),top:e.css(\"top\"),bottom:e.css(\"bottom\"),left:e.css(\"left\"),\nright:e.css(\"right\")}).removeClass(a.className);l.off(\"resize\",a.fn.resize).off(\"scroll\",a.fn.scroll);b.unwrap()}});h&&\"undefined\"!=typeof h.on&&(h.on?this.hcSticky(\"on\"):this.hcSticky(\"off\"));return\"string\"==typeof h?this:this.each(function(){var b=d(this),a=b.pluginOptions(\"hcSticky\"),e=function(){var c=b.parent(\".\"+a.wrapperClassName);return 0<c.length?(c.css({height:b.outerHeight(!0),width:function(){var a=c.style(\"width\");return 0<=a.indexOf(\"%\")||\"auto\"==a?(\"border-box\"==b.css(\"box-sizing\")||\n\"border-box\"==b.css(\"-moz-box-sizing\")?b.css(\"width\",c.width()):b.css(\"width\",c.width()-parseInt(b.css(\"padding-left\")-parseInt(b.css(\"padding-right\")))),a):b.outerWidth(!0)}()}),c):!1}()||function(){var c=b.style(\"width margin-left left right top bottom float display\".split(\" \")),e=b.css(\"display\"),f=d(\"<div>\",{\"class\":a.wrapperClassName}).css({display:e,height:b.outerHeight(!0),width:function(){return 0<=c.width.indexOf(\"%\")||\"auto\"==c.width&&\"inline-block\"!=e&&\"inline\"!=e?(b.css(\"width\",parseFloat(b.css(\"width\"))),\nc.width):\"auto\"!=c.width||\"inline-block\"!=e&&\"inline\"!=e?\"auto\"==c[\"margin-left\"]?b.outerWidth():b.outerWidth(!0):b.width()}(),margin:c[\"margin-left\"]?\"auto\":null,position:function(){var a=b.css(\"position\");return\"static\"==a?\"relative\":a}(),\"float\":c[\"float\"]||null,left:c.left,right:c.right,top:c.top,bottom:c.bottom,\"vertical-align\":\"top\"});b.wrap(f);7===t&&0===d(\"head\").find(\"style#hcsticky-iefix\").length&&d('<style id=\"hcsticky-iefix\">.'+a.wrapperClassName+\" {zoom: 1;}</style>\").appendTo(\"head\");\nreturn b.parent()}();if(!b.data(\"hcStickyInit\")){b.data(\"hcStickyInit\",!0);var h=a.stickTo&&(\"document\"==a.stickTo||a.stickTo.nodeType&&9==a.stickTo.nodeType||\"object\"==typeof a.stickTo&&a.stickTo instanceof(\"undefined\"!=typeof HTMLDocument?HTMLDocument:Document))?!0:!1,v=a.stickTo?h?s:\"string\"==typeof a.stickTo?d(a.stickTo):a.stickTo:e.parent();b.css({top:\"auto\",bottom:\"auto\",left:\"auto\",right:\"auto\"});l.load(function(){b.outerHeight(!0)>v.height()&&(e.css(\"height\",b.outerHeight(!0)),b.hcSticky(\"reinit\"))});\nvar u=function(c){b.hasClass(a","contentType":"text/plain; charset=ISO-8859-1","fileSize":8306,"length":8306}