{"content":"##SETTING VARIABLES =========\n\n#set($exclude = \"-mimeType:*css* -mimeType:*js* -mimeType:*plain  -mimeType:*jpg -mimeType:*png -mimeType:*jpeg -mimeType:*javascript* -mimeType:*velocity*\")\n\n#set($urlList = $contents.getEmptyList())\n#if ($UtilMethods.isSet($request.getParameter(\"q\")))\n    #set($q = $request.getParameter(\"q\"))\n    #set($qUrl = \"q=$!{q}\")\n#end\n\n#if ($UtilMethods.isSet($request.getParameter(\"mimeType\")))\n    #set($mimeType = $request.getParameter(\"mimeType\"))\n    #set($mimeTypeUrl = \"mimeType=$!{mimeType}\")\n    #set($_dummy = $urlList.add(\"mimeType=$!{mimeType}\"))\n#end\n\n#if ($UtilMethods.isSet($request.getParameter(\"keyword\")))\n    #set($keyword = $request.getParameter(\"keyword\"))\n    #set($keywordUrl = \"keyword=$!{keyword}\")\n    #set($_dummy = $urlList.add(\"keyword=$!{keyword}\"))\n#end\n\n#if ($UtilMethods.isSet($request.getParameter(\"modifiedOn\")))\n    #set($modifiedOn = $request.getParameter(\"modifiedOn\"))\n    #set($modifiedOnUrl = \"modifiedOn=$!{modifiedOn}\")\n    #set($_dummy = $urlList.add(\"modifiedOn=$!{modifiedOn}\"))\n#end\n\n#set($show = 20)\n#set($page = $request.getParameter(\"p\"))\n#if(! $UtilMethods.isSet($page))\n    #set($page = 0)\n#end\n#set($page = $math.add($page, 0))\n#if($page < 0)\n    #set($page = 0)\n#end\n\n#set($offset = $math.mul($page, $show))\n#set($end = $math.mul($math.add($page,1), $show))\n\n\n#if($UtilMethods.isSet($request.getParameter(\"q\")))\n\n## QUERY =============\n    #set($runQ = $q.replaceAll(\"\\\"\", \"\"))\n    #set($newQ = \"\")\n    #if(!$runQ.contains(\"+\"))\n    #foreach($xx in $runQ.split(\" \"))\n        #set($newQ = \" $newQ +(content:$xx title:$xx $xx*) \")\n        #end\n        #set($runQ = \"$newQ\")\n        #end\n\n        #if($UtilMethods.isSet($mimeType))\n    #set($runQ = \"$runQ +mimeType:$mimeType\")\n    #end\n\n    #if($UtilMethods.isSet($keyword))\n        #if($keyword.contains(\" \"))\n            #set($runQ = \"$runQ +keywords:${esc.q}$keyword${esc.q}\")\n        #else\n            #set($runQ = \"$runQ +keywords:$keyword\")\n        #end\n    #end\n\n    #if($UtilMethods.isSet($modifiedOn))\n        #set($runQ = \"$runQ +modified:$modifiedOn\")\n    #end\n\n    #set($runQ = \"$runQ $exclude\")\n\n\n##CALLING SEARCH VIEWTOOL =======\n##set($indexToSearch = \"Site Search\")\n## null for the first argument searches the 'default' index\n    #set($searchresults = $sitesearch.search($indexToSearch, $!runQ, $offset, $end))\n\n\n##PAGINATION VARIABLES =============\n    ##set($numberOfPages = $math.div($searchresults.totalResults,$show))\n    #set($numberOfPages = $math.div($searchresults.totalHits,$show))\n    #set($intPages = $math.toInteger($numberOfPages))\n    #if($intPages < $numberOfPages)\n        #set($numberOfPages = $math.add($intPages, 1))\n    #end\n\n\n## AGGREGATIONS ==========\n## if there are quotes, we need to escape them\n## for an aggregation query\n    #if($runQ.contains('\"'))\n        #set($runQ = $runQ.replaceAll(\"\\\"\", \"\\\\\\\"\"))\n    #end\n\n    #set($mimeAggregationsQry = '{\n        \"query\" : { \"query_string\" : {\"query\" : \"$runQ\"} },\n        \"aggs\" : {\n            \"mimeType\" : { \"terms\" : {\"field\" : \"mimeType\"} }\n         }\n        }')\n\n        #set($mimeAggregationsQry = $render.eval($context, $mimeAggregationsQry ))\n        #set($mimeAggregations = $sitesearch.getAggregations($indexToSearch, $mimeAggregationsQry))\n\n        #set($dateAggregations = '{\n        \"query\" : { \"query_string\" : {\"query\" : \"$runQ\"} },\n        \"aggs\" : {\n            \"modified\" : { \"date_histogram\" : {\"field\" : \"modified\",\"interval\" : \"month\",\"order\": {\"_key\": \"desc\"} }}\n        }\n    }')\n\n        #set($dateAggregations = $render.eval($context, $dateAggregations ))\n        #set($dateAggregations = $sitesearch.getAggregations($indexToSearch, $dateAggregations))\n\n    ##Keywords Aggregation\n        #set($kwAggregationsQry = '  {\n        \"query\" : { \"query_string\" : {\"query\" : \"$runQ\"} },\n        \"aggs\" : {\n            \"keywords\" : { \"terms\" : { \"field\" : \"keywords\", \"size\" : 10 } }\n        }\n    }')\n\n        #set($kwAggregationsQry = $render.eval($context,$kwAggregationsQry))\n        #set($kwAggregations = $sitesearch.getAggregations($indexToSearch, $kwAggregationsQry))\n    #end\n\n\n<style>\n    #resultsSearchBox{padding:10px;padding-bottom:1px;}\n    #mainResultsNum{padding-left:15px;padding-top:1px;padding-bottom:10px;font-size:80%;margin-bottom:10px;border-bottom:1px #eeeeee solid;}\n    .resultsNum{padding:1px 15px 0 15px;font-size:80%;}\n    .resultResult{padding:7px;padding-left:15px;word-wrap: break-word;}\n    .resultTitle a{font-size:110%;font-weight:bold;}\n    .resultSummary{padding-left:5px;}\n    .resultUrl{padding-left:5px;color:SteelBlue;}\n    .resultSummary em{background: #FFFFCC;}\n    .resultSummary .ellipsis{display:none;}\n\n    #resultsNone{padding:20px;font-weight:bold;}\n    #resultsMisspell{padding:20px;}\n</style>\n\n<div class=\"row search-results\">\n\n#if($searchresults.results.size() > 0)\n\n    <div class=\"col-sm-9 main-content\">\n\n        <p class=\"results-info\">We found <b>$searchresults.results.size()</b> results in your search</p>\n        <ul class=\"media-list search-results\">\n\n            #set($i =0)\n            #foreach($result in $searchresults.re","contentType":"text/plain; charset=UTF-8","fileSize":13276,"length":13276}