{"content":"<ul class=\"multimedia-listing\">\n  #foreach($con in $dotcontent.pull(\"+structureName:Media +(conhost:$host.identifier conhost:SYSTEM_HOST) +Media.mediaType:*video*\",10,\"Media.$!{sortBy}\"))\n    #if ($UtilMethods.isSet($con.file.rawUri))\n      #set ($filePath = $!{con.file.rawUri} + '/' + $!{con.file.name})\n    #else\n      #set ($filePath = $con.url)\n    #end\n    #set($rate = $UtilMethods.random(1,$math.sub(5,1)))\n    <li>\n      #editContentlet($con.inode)\n\n      #if ($UtilMethods.isSet(${con.file.rawUri}))\n        <a href=\"#$!{con.identifier}\" class=\"js-fancybox-media-file thumb media-thumb\" title=\"$!{con.title}\">\n          #if ($UtilMethods.isSet(${con.thumbnail.rawUri}))\n            <img src=\"/contentAsset/resize-image/${con.identifier}/thumbnail/w/260/h/150\" alt=\"$!{con.title}\" />\n          #else\n            $!{con.title}\n          #end\n        </a>\n        <div class=\"risk-system risk$!{rate}\" title=\"$!{rate}\"></div>\n        <h4><a href=\"${filePath}\" title=\"$!{con.title}\" class=\"js-fancybox-media-file\">$con.title</a></h4>\n        <div class=\"hidden\">\n          <video id=\"$!{con.identifier}\" class=\"video-js vjs-default-skin vjs-big-play-centered\"\n            controls preload=\"auto\" width=\"640\" height=\"480\"\n            poster=\"/contentAsset/resize-image/${con.identifier}/thumbnail/w/640\"\n            data-setup='{ \"controls\": true, \"autoplay\": false, \"preload\": \"metadata\" }'>\n            <source src=\"$!{filePath}\" type='video/$!{UtilMethods.getFileExtension($filePath)}' />\n          </video>\n        </div>\n      #else\n        <a href=\"$!{filePath}\" class=\"js-fancybox-media-link thumb media-thumb\" title=\"$!{con.title}\">\n          #if ($UtilMethods.isSet(${con.thumbnail.rawUri}))\n            <img src=\"/contentAsset/resize-image/${con.identifier}/thumbnail/w/260/h/150\" alt=\"$!{con.title}\" />\n          #else\n            $!{con.title}\n          #end\n        </a>\n        <div class=\"risk-system risk$!{rate}\" title=\"$!{rate}\"></div>\n        <h4><a href=\"${filePath}\" title=\"$!{con.title}\" class=\"js-fancybox-media-link\">$con.title</a></h4>\n      #end\n    </li>\n  #end\n</ul>\n","contentType":"text/plain; charset=ISO-8859-1","fileSize":2099,"length":2099}