{"content":"#if($URLMapContent.inode)\n\n  <script>\n    $(document).ready(function() {\n\n      jQuery.getJSON(\"https://query.yahooapis.com/v1/public/yql?q=select%20*%20from%20yahoo.finance.quotes%20where%20symbol%20in%20(%22$!{URLMapContent.tickerSymbol}%22)&format=json&env=store%3A%2F%2Fdatatables.org%2Falltableswithkeys&callback=?\",\n      function(data) {\n        var q = (data.query.results.quote.PreviousClose);\n        var x = (data.query.results.quote.Change);\n        var y = (data.query.results.quote.PercentChange);\n\n        jQuery(\"#price\").append(q);\n\n        if (x.indexOf(\"-\") != -1) {\n          var x = \"<span class=\\\"down\\\"> \" + x + \" (\" + y + \")</span>\";\n        } else if (x.indexOf(\"+\") != -1) {\n          var x = \"<span class=\\\"up\\\"> \" + x + \" (\" + y + \")</span>\";\n        } else {\n          var x = \"<span> \" + x + \" (\" + y + \")</span>\";\n        }\n        jQuery(\"#change\").append(x);\n      });\n\n    });\n  </script>\n\n<div class=\"product-detail\">\n\t\n\t\n\t\n\t<div class=\"product-detail-main\">\n\t\t<div class=\"product-detail-title\">\n\t\t\t#editContentlet($URLMapContent.inode)\n\t\t\t#if(!$EDIT_MODE)\n\t\t\t\t<div class=\"dropdown product-nav navbar-right\">\n\t\t\t\t   <button class=\"btn btn-secondary dropdown-toggle\" type=\"button\" id=\"dropdownMenuButton\" data-toggle=\"dropdown\" aria-haspopup=\"true\" aria-expanded=\"false\"></button>\n                   <div class=\"dropdown-menu\" aria-labelledby=\"dropdownMenuButton\">\n                    #foreach($con in $dotcontent.pull(\"+structureName:Products +(conhost:48190c8c-42c4-46af-8d1a-0cd5db894797 conhost:SYSTEM_HOST)\",0,\"Products.title\"))\n\t\t\t\t\t\t#if($URLMapContent.urlTitle == $con.urlTitle)\n\t\t\t\t\t\t\t<a class=\"dropdown-item active\" href=\"/products/$con.urlTitle\">$con.title $!{con.type1.selectValue}</a>\n\t\t\t\t\t\t#else\n\t\t\t\t\t\t\t<a class=\"dropdown-item\" href=\"/products/$con.urlTitle\">$con.title $!{con.type1.selectValue}</a>\n\t\t\t\t\t\t#end\n\t\t\t\t\t#end\n                   </div>\n\t\t\t\t</div>\n\t\t\t#end\n\t\t\t<h1 class=\"product-title\">\n\t\t\t\t#dotedit($!URLMapContent.inode,$!URLMapContent.title) $!{URLMapContent.type1.selectValue} ($!{URLMapContent.tickerSymbol})\n\t\t\t</h1>\n\n\t\t</div>\n\t\t<!-- TradingView Widget BEGIN -->\n\t\t<div id=\"tv-medium-widget-4347e\" style=\"padding:0px;margin: 0 0 20px 0;\"></div>\n\t\t<script type=\"text/javascript\" src=\"//d33t3vvu2t2yu5.cloudfront.net/tv.js\"></script>\n\t\t<script type=\"text/javascript\">\n\t\t\tnew TradingView.MediumWidget({\n\t\t\t  \"container_id\": \"tv-medium-widget-4347e\",\n\t\t\t  \"symbols\": [\n\t\t\t    [\n\t\t\t      \"$!{URLMapContent.title}\",\n\t\t\t      \"$!{URLMapContent.tickerSymbol}\"\n\t\t\t    ]\n\t\t\t  ],\n\t\t\t  \"gridLineColor\": \"#E9E9EA\",\n\t\t\t  \"fontColor\": \"#83888D\",\n\t\t\t  \"underLineColor\": \"#dbeffb\",\n\t\t\t  \"trendLineColor\": \"#4bafe9\",\n\t\t\t  \"width\": \"100%\",\n\t\t\t  \"height\": \"450px\",\n\t\t\t  \"locale\": \"en\"\n\t\t\t});\n\t\t</script>\n\t\t<div>\n\t\t\t#dotedit($!URLMapContent.inode,$URLMapContent.summary)\n\t\t</div>\n\n\t\t\n\t\t<!-- TradingView Widget END -->\n\n\n\t\t<h2>Related News</h2>\n\t\t#set($myTag = \"\")\n\t\t#foreach($tag in $URLMapContent.tags)\n\t\t\t#set($myTag = $myTag + '{ \"term\": { \"news.tags\": \"' + $tag + '\"}},' + ' ')\n\t    #end\n\n\t    #set($mySearch = '{\"query\": {\"bool\": {\"should\": [' + $myTag + '],\"minimum_should_match\": 1}}}')\n\n\t\t#set($results = $estool.search($mySearch))\n\t\t#foreach($newsItem in $results)\n\t\t\t<div class=\"media\">\n\t\t\t\t<h4><a href=\"/news/$!{newsItem.urlTitle}\">$!{newsItem.title}</a></h4>\n\t\t\t\t<p>$!{newsItem.lead}</p>\n\t\t\t</div>\n\t\t#end\n\t</div>\n\t\n\n\t<aside class=\"product-detail-sidebar\">\n\t\t<h3 class=\"products-headlines-title\">Performance & Price</h3>\n\t\t<table class=\"table product-info\">\n\t\t\t<tr>\n\t\t\t\t<td>Price:</td>\n\t\t\t\t<td class=\"price\" id=\"price\"></td>\n\t\t\t</tr>\n\t\t\t<tr>\n\t\t\t\t<td>Change:</td>\n\t\t\t\t<td><span id=\"change\"></span></td>\n\t\t\t</tr>\n\t\t\t<tr>\n\t\t\t\t<td>Asset Class:</td>\n\t\t\t\t<td>$!{URLMapContent.assetClass}</td>\n\t\t\t</tr>\n\t\t\t\n\t\t\t#if($URLMapContent.assetClass == \"Stock\" || $URLMapContent.assetClass == \"Bond\")\n\t\t\t\t<tr>\n\t\t\t\t\t<td>Category:</td>\n\t\t\t\t\t<td>\n\t\t\t\t\t\t#set($category = \"$!{URLMapContent.marketCap.selectValue}$!{URLMapContent.quality.selectValue}-$!{URLMapContent.style.selectValue}$!{URLMapContent.maturity.selectValue}\")\n\t\t\t\t\t\t<div title=\"$category\" class=\"normaltip  $category\"></div>\n\t\t\t\t\t</td>\n\t\t\t\t</tr>\n\t\t\t#end\n\t\t\t<tr>\n\t\t\t\t<td>Expense Ratio:</td>\n\t\t\t\t<td>$!{URLMapContent.expenseRatio}%</td>\n\t\t\t</tr>\n\t\t\t<tr>\n\t\t\t\t<td>Inception:</td>\n\t\t\t\t<td>$date.format('MM/dd/yyyy',$URLMapContent.inception)</td>\n\t\t\t</tr>\n\t\t\t<tr>\n\t\t\t\t<td style=\"vertical-align:middle;\">Risk Potential</td>\n\t\t\t\t<td><div class=\"risk-lg-system risk${URLMapContent.risk.selectValue}-lg normaltip\" title=\"${URLMapContent.risk.selectValue}\" style=\"margin:0;\"><!-- ${URLMapContent.risk.selectValue} --></div></td>\n\t\t\t</tr>\n\t\t</table>\n\t\t\n\t\t<!-- RELATED YouTube --> \n\t    #set($youtube  = $dotcontent.pullRelated(\"Products-Youtube\",\"$URLMapContent.identifier\",false,5))\n\t    #if($youtube.size() > 0)\n\t        <h3 style=\"margin-top: 50px;display:block;\">Related Media</h3>\n\t    #end\n\n\t    <ul class=\"list-unstyled\">\n\t    #foreach($con in $youtube)\n\t        <li>\n                <a href=\"$con.url\" class=\"js-fancybox-media-link thumb media-thumb\" title=\"$!{con.widgetTitle}\">\n                    <img src=\"$!{con.thumbnail2}","contentType":"text/plain; charset=UTF-8","fileSize":5534,"length":5534}