<list>
  <com.dotmarketing.plugin.model.Plugin>
    <id>com.dotcms.category.fix</id>
    <pluginName>dotCMS import starter fix plugin</pluginName>
    <pluginVersion>1.0</pluginVersion>
    <author>dotCMS</author>
    <firstDeployedDate class="sql-timestamp">2023-07-10 14:13:59.177</firstDeployedDate>
    <lastDeployedDate class="sql-timestamp">2023-07-10 14:13:59.177</lastDeployedDate>
  </com.dotmarketing.plugin.model.Plugin>
  <com.dotmarketing.plugin.model.Plugin>
    <id>com.dotcms.config</id>
    <pluginName>dotCMS Config</pluginName>
    <pluginVersion>1.0</pluginVersion>
    <author>dotCMS</author>
    <firstDeployedDate class="sql-timestamp">2023-07-10 14:13:59.234</firstDeployedDate>
    <lastDeployedDate class="sql-timestamp">2023-07-10 14:13:59.234</lastDeployedDate>
  </com.dotmarketing.plugin.model.Plugin>
  <com.dotmarketing.plugin.model.Plugin>
    <id>com.motiv.cacheBuster</id>
    <pluginName>dotCMS Config</pluginName>
    <pluginVersion>1.0</pluginVersion>
    <author>dotCMS</author>
    <firstDeployedDate class="sql-timestamp">2023-07-10 14:13:59.259</firstDeployedDate>
    <lastDeployedDate class="sql-timestamp">2023-07-10 14:13:59.259</lastDeployedDate>
  </com.dotmarketing.plugin.model.Plugin>
  <com.dotmarketing.plugin.model.Plugin>
    <id>hotfix-GIT-18912_v5.3.3</id>
    <pluginName>hotfix-GIT-18912_v5.3.3</pluginName>
    <pluginVersion>1.0</pluginVersion>
    <author>dotCMS</author>
    <firstDeployedDate class="sql-timestamp">2023-07-10 14:13:59.267</firstDeployedDate>
    <lastDeployedDate class="sql-timestamp">2023-07-10 14:13:59.267</lastDeployedDate>
  </com.dotmarketing.plugin.model.Plugin>
  <com.dotmarketing.plugin.model.Plugin>
    <id>hotfix-GIT-19245_v5.3.4.1</id>
    <pluginName>hotfix-GIT-19245_v5.3.4.1</pluginName>
    <pluginVersion>1.0</pluginVersion>
    <author>dotCMS</author>
    <firstDeployedDate class="sql-timestamp">2023-07-10 14:13:59.275</firstDeployedDate>
    <lastDeployedDate class="sql-timestamp">2023-07-10 14:13:59.275</lastDeployedDate>
  </com.dotmarketing.plugin.model.Plugin>
</list>