<list>
  <com.dotmarketing.portlets.templates.model.TemplateVersionInfo>
    <identifier>17b51b1a-506a-425c-ac88-2bdae0e0bc35</identifier>
    <liveInode>f7decbbc-c066-4ada-8638-e83f13579aa0</liveInode>
    <workingInode>f7decbbc-c066-4ada-8638-e83f13579aa0</workingInode>
    <lockedOn class="sql-timestamp">2021-05-27 03:19:25.018</lockedOn>
    <deleted>false</deleted>
    <versionTs class="sql-timestamp">2021-05-27 03:20:40.537</versionTs>
  </com.dotmarketing.portlets.templates.model.TemplateVersionInfo>
  <com.dotmarketing.portlets.templates.model.TemplateVersionInfo>
    <identifier>6e974070-95b6-42d8-9f7a-b46e77e7bd32</identifier>
    <liveInode>ca9412e4-7b27-493f-bdc8-5b372a492564</liveInode>
    <workingInode>ca9412e4-7b27-493f-bdc8-5b372a492564</workingInode>
    <lockedOn class="sql-timestamp">2021-05-27 03:12:58.591</lockedOn>
    <deleted>false</deleted>
    <versionTs class="sql-timestamp">2021-05-27 03:12:58.597</versionTs>
  </com.dotmarketing.portlets.templates.model.TemplateVersionInfo>
  <com.dotmarketing.portlets.templates.model.TemplateVersionInfo>
    <identifier>e7d1c612-76ca-4800-bf31-c7acaca5b9a9</identifier>
    <liveInode>8af26570-ffe0-42f4-ac23-7cdaa658b73e</liveInode>
    <workingInode>8af26570-ffe0-42f4-ac23-7cdaa658b73e</workingInode>
    <lockedOn class="sql-timestamp">2021-05-27 02:59:25.77</lockedOn>
    <deleted>false</deleted>
    <versionTs class="sql-timestamp">2021-05-27 02:59:25.793</versionTs>
  </com.dotmarketing.portlets.templates.model.TemplateVersionInfo>
</list>