<list>
  <com.dotmarketing.beans.Tree>
    <parent>2bc7078e-02e6-4b21-8a41-0febc7a324b7</parent>
    <child>598a577b-9409-4414-ae08-fbe7855b9ed1</child>
    <relationType>child</relationType>
    <treeOrder>0</treeOrder>
  </com.dotmarketing.beans.Tree>
  <com.dotmarketing.beans.Tree>
    <parent>2bc7078e-02e6-4b21-8a41-0febc7a324b7</parent>
    <child>a5a655fb-825f-431b-9bc3-1b1a32ca8da5</child>
    <relationType>child</relationType>
    <treeOrder>0</treeOrder>
  </com.dotmarketing.beans.Tree>
  <com.dotmarketing.beans.Tree>
    <parent>2bc7078e-02e6-4b21-8a41-0febc7a324b7</parent>
    <child>cb98ee02-5515-47d1-bb52-826b99940954</child>
    <relationType>child</relationType>
    <treeOrder>0</treeOrder>
  </com.dotmarketing.beans.Tree>
  <com.dotmarketing.beans.Tree>
    <parent>7ec289ef-f830-4d0b-ba3d-a43e4cdceec0</parent>
    <child>3a4fd59c-c666-48b2-858c-f62c45c33b75</child>
    <relationType>child</relationType>
    <treeOrder>0</treeOrder>
  </com.dotmarketing.beans.Tree>
  <com.dotmarketing.beans.Tree>
    <parent>7ec289ef-f830-4d0b-ba3d-a43e4cdceec0</parent>
    <child>81a56c8d-b9d1-4df6-95e2-39577270154f</child>
    <relationType>child</relationType>
    <treeOrder>0</treeOrder>
  </com.dotmarketing.beans.Tree>
  <com.dotmarketing.beans.Tree>
    <parent>7ec289ef-f830-4d0b-ba3d-a43e4cdceec0</parent>
    <child>aa2738de-4134-47d4-8852-1d86bd5e78ed</child>
    <relationType>child</relationType>
    <treeOrder>0</treeOrder>
  </com.dotmarketing.beans.Tree>
  <com.dotmarketing.beans.Tree>
    <parent>7ec289ef-f830-4d0b-ba3d-a43e4cdceec0</parent>
    <child>e65d2a8e-ad10-41e6-bf21-aa36dfbf520f</child>
    <relationType>child</relationType>
    <treeOrder>0</treeOrder>
  </com.dotmarketing.beans.Tree>
  <com.dotmarketing.beans.Tree>
    <parent>81a56c8d-b9d1-4df6-95e2-39577270154f</parent>
    <child>3a4fd59c-c666-48b2-858c-f62c45c33b75</child>
    <relationType>child</relationType>
    <treeOrder>0</treeOrder>
  </com.dotmarketing.beans.Tree>
  <com.dotmarketing.beans.Tree>
    <parent>b5e588d4-0289-4f6e-b5e4-be67d3fb1a76</parent>
    <child>3a4fd59c-c666-48b2-858c-f62c45c33b75</child>
    <relationType>child</relationType>
    <treeOrder>0</treeOrder>
  </com.dotmarketing.beans.Tree>
  <com.dotmarketing.beans.Tree>
    <parent>b5e588d4-0289-4f6e-b5e4-be67d3fb1a76</parent>
    <child>5abdb8ed-3076-41b2-917c-ff2de12eda07</child>
    <relationType>child</relationType>
    <treeOrder>0</treeOrder>
  </com.dotmarketing.beans.Tree>
  <com.dotmarketing.beans.Tree>
    <parent>b5e588d4-0289-4f6e-b5e4-be67d3fb1a76</parent>
    <child>e4b2fbab-8aa7-432b-b529-f52a77da9e39</child>
    <relationType>child</relationType>
    <treeOrder>0</treeOrder>
  </com.dotmarketing.beans.Tree>
  <com.dotmarketing.beans.Tree>
    <parent>b5e588d4-0289-4f6e-b5e4-be67d3fb1a76</parent>
    <child>f8641448-b22d-4c15-92ac-14e91a29fe3c</child>
    <relationType>child</relationType>
    <treeOrder>0</treeOrder>
  </com.dotmarketing.beans.Tree>
  <com.dotmarketing.beans.Tree>
    <parent>e65d2a8e-ad10-41e6-bf21-aa36dfbf520f</parent>
    <child>3a4fd59c-c666-48b2-858c-f62c45c33b75</child>
    <relationType>child</relationType>
    <treeOrder>0</treeOrder>
  </com.dotmarketing.beans.Tree>
  <com.dotmarketing.beans.Tree>
    <parent>f5476c1e-7fcc-4e5c-846f-7390fa8c6f60</parent>
    <child>2bc7078e-02e6-4b21-8a41-0febc7a324b7</child>
    <relationType>child</relationType>
    <treeOrder>0</treeOrder>
  </com.dotmarketing.beans.Tree>
  <com.dotmarketing.beans.Tree>
    <parent>f5476c1e-7fcc-4e5c-846f-7390fa8c6f60</parent>
    <child>7ec289ef-f830-4d0b-ba3d-a43e4cdceec0</child>
    <relationType>child</relationType>
    <treeOrder>0</treeOrder>
  </com.dotmarketing.beans.Tree>
  <com.dotmarketing.beans.Tree>
    <parent>f5476c1e-7fcc-4e5c-846f-7390fa8c6f60</parent>
    <child>b5e588d4-0289-4f6e-b5e4-be67d3fb1a76</child>
    <relationType>child</relationType>
    <treeOrder>0</treeOrder>
  </com.dotmarketing.beans.Tree>
  <com.dotmarketing.beans.Tree>
    <parent>051158a0-f6ff-4615-af20-284ce11b2fbc</parent>
    <child>5fe89979-00dd-44db-a866-03840c325e3f</child>
    <relationType>Dependency1.dep1todep2</relationType>
    <treeOrder>1</treeOrder>
  </com.dotmarketing.beans.Tree>
  <com.dotmarketing.beans.Tree>
    <parent>43c595da-591d-445f-a7fa-10955bb41221</parent>
    <child>5c76824e-343f-4cef-a41a-e699710e8cdb</child>
    <relationType>Dependency1.dep1todep2</relationType>
    <treeOrder>1</treeOrder>
  </com.dotmarketing.beans.Tree>
  <com.dotmarketing.beans.Tree>
    <parent>5c76824e-343f-4cef-a41a-e699710e8cdb</parent>
    <child>c3b07e83-07b9-454b-9c4e-64a323636a4a</child>
    <relationType>Dependency2.dep2todep3</relationType>
    <treeOrder>1</treeOrder>
  </com.dotmarketing.beans.Tree>
  <com.dotmarketing.beans.Tree>
    <parent>5fe89979-00dd-44db-a866-03840c325e3f</parent>
    <child>c885cdf0-83fe-42db-8d8e-88a6596c8c02</child>
    <relationType>Dependency2.dep2todep3</relationType>
    <treeOrder>1</treeOrder>
  </com.dotmarketing.beans.Tree>
  <com.dotmarketing.beans.Tree>
    <parent>3bcfbc0e-c8e6-4c05-80da-9da3e1b369d4</parent>
    <child>80691641-4d89-41e5-bafb-7b1c43f0bc89</child>
    <relationType>Movies.actorsRelationship</relationType>
    <treeOrder>2</treeOrder>
  </com.dotmarketing.beans.Tree>
  <com.dotmarketing.beans.Tree>
    <parent>4bae2fbe-7ab3-4b44-a196-1bd444b42eda</parent>
    <child>90ec36f6-2aa2-4288-bfb1-bab0e152eadb</child>
    <relationType>Kitchensink.relationships</relationType>
    <treeOrder>2</treeOrder>
  </com.dotmarketing.beans.Tree>
  <com.dotmarketing.beans.Tree>
    <parent>62e975b7-2950-4695-8a7d-36934c951634</parent>
    <child>39f0a52e-f106-4468-93fa-ff1986f12031</child>
    <relationType>Movies.actorsRelationship</relationType>
    <treeOrder>2</treeOrder>
  </com.dotmarketing.beans.Tree>
  <com.dotmarketing.beans.Tree>
    <parent>3bcfbc0e-c8e6-4c05-80da-9da3e1b369d4</parent>
    <child>d74201ca-3f24-45a4-a6e1-7503c645bf51</child>
    <relationType>Movies.actorsRelationship</relationType>
    <treeOrder>3</treeOrder>
  </com.dotmarketing.beans.Tree>
  <com.dotmarketing.beans.Tree>
    <parent>4bae2fbe-7ab3-4b44-a196-1bd444b42eda</parent>
    <child>35891a5a-d1fc-4ccd-9f49-8cb3b4219ebf</child>
    <relationType>Kitchensink.relationships</relationType>
    <treeOrder>3</treeOrder>
  </com.dotmarketing.beans.Tree>
  <com.dotmarketing.beans.Tree>
    <parent>62e975b7-2950-4695-8a7d-36934c951634</parent>
    <child>17baa66d-95c7-4495-8a72-442486c3a48f</child>
    <relationType>Movies.actorsRelationship</relationType>
    <treeOrder>3</treeOrder>
  </com.dotmarketing.beans.Tree>
</list>