<list>
  <com.dotmarketing.beans.ContainerStructure>
    <id>d9f94a78-00a5-475c-b3a6-26433afcc0c9</id>
    <structureId>dba6777e-fa89-43ff-9c29-bf53b14ee2b9</structureId>
    <containerInode>98137f89-6f3c-4b8e-af83-5659011d13db</containerInode>
    <containerId>5eeafb58-4ecb-4721-8913-3c093f90685d</containerId>
    <code>$!{body}</code>
  </com.dotmarketing.beans.ContainerStructure>
  <com.dotmarketing.beans.ContainerStructure>
    <id>e6a072fb-6950-4d47-8d39-962468dfa9e5</id>
    <structureId>524d9034-ec34-4496-bd35-dcb0fcaeed25</structureId>
    <containerInode>98137f89-6f3c-4b8e-af83-5659011d13db</containerInode>
    <containerId>5eeafb58-4ecb-4721-8913-3c093f90685d</containerId>
    <code>$!{body}</code>
  </com.dotmarketing.beans.ContainerStructure>
</list>