<list>
  <com.dotmarketing.portlets.folders.model.Folder>
    <iDate class="sql-timestamp">2020-07-10 20:15:30.96</iDate>
    <type>folder</type>
    <owner>dotcms.org.1</owner>
    <inode>70754d10-4518-4ee3-9829-a1e9add41513</inode>
    <identifier>5231981a-9f47-4bc0-8588-c05d6f281be7</identifier>
    <name>folder2</name>
    <sortOrder>0</sortOrder>
    <showOnMenu>false</showOnMenu>
    <hostId>8a7d5e23-da1e-420a-b4f0-471e7da8ea2d</hostId>
    <title>folder2</title>
    <filesMasks></filesMasks>
    <defaultFileType>33888b6f-7a8e-4069-b1b6-5c1aa9d0a48d</defaultFileType>
    <modDate class="sql-timestamp">2020-07-10 20:15:30.964</modDate>
  </com.dotmarketing.portlets.folders.model.Folder>
  <com.dotmarketing.portlets.folders.model.Folder>
    <iDate class="sql-timestamp">2020-07-10 20:15:20.433</iDate>
    <type>folder</type>
    <owner>dotcms.org.1</owner>
    <inode>83ba72d6-2365-4e7c-983d-22e8ed388373</inode>
    <identifier>d4857d80-075e-4a9a-856f-b54965fefa07</identifier>
    <name>folder1</name>
    <sortOrder>0</sortOrder>
    <showOnMenu>false</showOnMenu>
    <hostId>8a7d5e23-da1e-420a-b4f0-471e7da8ea2d</hostId>
    <title>folder1</title>
    <filesMasks></filesMasks>
    <defaultFileType>33888b6f-7a8e-4069-b1b6-5c1aa9d0a48d</defaultFileType>
    <modDate class="sql-timestamp">2020-07-10 20:15:20.451</modDate>
  </com.dotmarketing.portlets.folders.model.Folder>
  <com.dotmarketing.portlets.folders.model.Folder>
    <iDate class="sql-timestamp">2009-10-08 16:27:18.0</iDate>
    <type>folder</type>
    <owner>system</owner>
    <inode>SYSTEM_FOLDER</inode>
    <identifier>bc9a1d37-dd2d-4d49-a29d-0c9be740bfaf</identifier>
    <name>system folder</name>
    <sortOrder>0</sortOrder>
    <showOnMenu>false</showOnMenu>
    <hostId>SYSTEM_HOST</hostId>
    <title>System folder</title>
    <filesMasks></filesMasks>
    <defaultFileType>33888b6f-7a8e-4069-b1b6-5c1aa9d0a48d</defaultFileType>
    <modDate class="sql-timestamp">2017-03-07 13:25:58.0</modDate>
  </com.dotmarketing.portlets.folders.model.Folder>
</list>