{"content":"<style>\n  #videoResultsDiv{}\n  #myResults{padding:8px 10px 8px 10px;width:530px; height:400px;overflow-x: hidden; overflow-y: auto;}\n  #myResults ul{margin:0;padding:0;font-family:Arial, Helvetica, sans-serif;font-size:12px;line-height:16px;}\n  #myResults ul li{position:relative;display:block;list-style:none;padding:0;padding:10px 10px 20px 140px;border-bottom:1px dashed #ccc;cursor:pointer;}\n  #myResults ul li:hover{background:#c3e1eb;}\n  #myResults ul li span{display:block;position:absolute;left:10px; top:10px; width:120px; height:90px;}\n  .videoThumbnail{width: 640px;height: 380px;overflow: hidden;border: 1px solid #efefef;margin: 30px 0;padding:0;}\n</style>\n\n<script type=\"text/javascript\" src=\"//www.google.com/jsapi\"></script>\n\n<script type=\"text/javascript\">\n\n\tdojo.addOnLoad( function(){\n\t\tvar x = dojo.byId(\"thumbnail2\").value;\n\t\tif(x != \"\"){\n\t\t\tvar y = dojo.byId(\"url\").value;\n            y = y.replace('watch?v=', 'embed/');\n            y = y.replace('http', 'https');\n            dijit.byId(\"thumbnailImage\").set(\"content\", dojo.create(\"iframe\", {\n                \"src\": y + \"?rel=0\",\n                \"style\": \"border: 0; width: 100%; height: 100%\"\n            }));\n\t\t}\n\t});\n\t\n    function init() {\n        gapi.client.setApiKey('AIzaSyC_djJyOJ1a-96f3rtW8NaKuHCF_lp152Y');\n    }\n\n    function convert_time(timeD) {\n        return timeD.replace(\"PT\",\"\").replace(\"H\",\":\").replace(\"M\",\":\").replace(\"S\",\"\")\n    }\n\n    function searchClicked(){\n\t\tvar mySearch = document.getElementById(\"inputSearchStrId\").value;\n\t\tif(mySearch.length < 1){\n\t\t\talert(\"Please Enter Search Term\");\n\t\t\tdocument.getElementById('inputSearchStrId').focus();\n\t\t}else{\n\t\t\tdijit.byId('videoResultsDiv').show();\n        \tdocument.getElementById(\"myResults\").innerHTML = 'Loading YouTube videos ...';\n        \tgapi.client.load('youtube', 'v3', function(){\n                var videosRequest = gapi.client.youtube.search.list({\n                  q: mySearch,\n                  part: \"id,snippet\",\n                  maxResults: 10\n                  //channelId: 'UC3g2XlsdMxYPNkEBaOcevlQ'\n                });\n\n\n                videosRequest.execute(function(response) {\n                    //showMyVideos(response);\n                    var videos = response.items;\n                    var videosIds = \"\";\n                    for (var i = 0; i < videos.length; i++) {\n                        videosIds += videos[i].id.videoId + (i < videos.length - 1 ? ',' : '');\n                    }\n\n                    var listRequest = gapi.client.youtube.videos.list({\n                        id: videosIds,\n                        part: \"snippet,contentDetails\"\n                    });\n\n                    listRequest.execute(function(response) {\n                        showMyVideos(response)\n                        //console.log(response);\n                    })\n                });\n\n\n            });\n        }\n    }\n\n    function showMyVideos(data){\n        var entries = data.items || [];\n        var html = ['<ul>'];\n        for (var i = 0; i < entries.length; i++)\n        {\n            var entry = entries[i];\n            var title = entry.snippet.title;\n            var lnk = '//www.youtube.com/watch?v=' + entry.id;\n            var published = entry.snippet.publishedAt;\n            var length = convert_time(entry.contentDetails.duration); //entry.media$group.media$thumbnail[1].time;\n            var by = entry.snippet.channelTitle;\n            var picSm = entry.snippet.thumbnails.default.url;\n            var picLg = entry.snippet.thumbnails.high.url;\n\t\t\tvar passVar = \" ' \" + lnk + \" ' , ' \" + picSm + \"' , '\" + picLg + \"' , '\" + title + \"' , '\" + by + \"' , '\" + length + \"' , '\" + published + \" ' \";\n            html.push('<li onclick=\\\"setFields(', passVar , ');\\\"><span style=\\\"background:url(', picSm, ') no-repeat;\\\"></span><b>' , title , '</b><br><b>Author: </b>', by ,'<br><b>Length: </b>', length, '<br><b>Published: </b>', published , '</li>');\n        }\n        html.push('</ul>');\n        document.getElementById('myResults').innerHTML = html.join('');  \n    }\n    \n    \n    function setFields(lnk,picSm,picLg,title,by,length,published){\n    \tdijit.byId('videoResultsDiv').hide();\n    \tdojo.byId(\"widgetTitle\").value=title;\n    \tdojo.byId(\"author\").value=by;\n    \tdojo.byId(\"length\").value=length;\n    \tdojo.byId(\"thumbnail\").value=picSm;\n    \tdojo.byId(\"thumbnail2\").value=picLg;\n    \tdojo.byId(\"published\").value=published;\n    \tdojo.byId(\"url\").value=lnk.trim();\n    \tdojo.byId(\"inputSearchStrId\").value=\"\";\n\n        var y = dojo.byId(\"url\").value;\n        y = y.replace('watch?v=', 'embed/');\n        y = y.replace('http', 'https');\n        dijit.byId(\"thumbnailImage\").set(\"content\", dojo.create(\"iframe\", {\n            \"src\": y + \"?rel=0\",\n            \"style\": \"border: 0; width: 100%; height: 100%\"\n        }));\n    }\n\n</script>\n\n\n<div>\n    <div>                  \n        <input name=\"searchStr\" id=\"inputSearchStrId\" type=\"text\" dojoType=\"dijit.form.TextBox\" style=\"width:400px;\" placeHolder=\"Search for Videos on YouTube\" />\n    \t<button dojoType=\"dijit.form.Button\" onClick=\"searchClicked()\" iconClass=\"search","contentType":"text/plain; charset=ISO-8859-1","fileSize":5460,"length":5460}