<list>
  <com.dotmarketing.portlets.workflows.model.WorkflowTask>
    <id>01a70b85-8b3d-47e7-a3ec-b56535afef69</id>
    <creationDate class="sql-timestamp">2021-02-03 20:45:29.269</creationDate>
    <modDate class="sql-timestamp">2021-02-03 20:45:29.271</modDate>
    <createdBy>e7d4e34e-5127-45fc-8123-d48b62d510e3</createdBy>
    <assignedTo>e7d4e34e-5127-45fc-8123-d48b62d510e3</assignedTo>
    <title>sync unpublish</title>
    <description></description>
    <status>ee24a4cb-2d15-4c98-b1bd-6327126451f3</status>
    <webasset>956b7be9-c1a7-4244-8ae6-5390be4e4ce1</webasset>
    <languageId>1</languageId>
  </com.dotmarketing.portlets.workflows.model.WorkflowTask>
  <com.dotmarketing.portlets.workflows.model.WorkflowTask>
    <id>06b30336-4983-4211-b262-8a3f1ef203db</id>
    <creationDate class="sql-timestamp">2021-05-10 22:57:47.24</creationDate>
    <modDate class="sql-timestamp">2021-05-11 18:05:28.85</modDate>
    <createdBy>e7d4e34e-5127-45fc-8123-d48b62d510e3</createdBy>
    <assignedTo>e7d4e34e-5127-45fc-8123-d48b62d510e3</assignedTo>
    <title>page3</title>
    <description></description>
    <status>dc3c9cd0-8467-404b-bf95-cb7df3fbc293</status>
    <webasset>a6ecd157-ba05-4a2f-a946-76f7389c24e8</webasset>
    <languageId>1</languageId>
  </com.dotmarketing.portlets.workflows.model.WorkflowTask>
  <com.dotmarketing.portlets.workflows.model.WorkflowTask>
    <id>07c11c55-86ed-4936-a9e3-14f2a9b7db78</id>
    <creationDate class="sql-timestamp">2020-10-30 18:08:16.387</creationDate>
    <modDate class="sql-timestamp">2020-10-30 18:08:16.388</modDate>
    <createdBy>e7d4e34e-5127-45fc-8123-d48b62d510e3</createdBy>
    <assignedTo>e7d4e34e-5127-45fc-8123-d48b62d510e3</assignedTo>
    <title>img4.jpg</title>
    <description></description>
    <status>dc3c9cd0-8467-404b-bf95-cb7df3fbc293</status>
    <webasset>dcacf1ed-76ea-4d4b-9ba5-304335e30e24</webasset>
    <languageId>1</languageId>
  </com.dotmarketing.portlets.workflows.model.WorkflowTask>
  <com.dotmarketing.portlets.workflows.model.WorkflowTask>
    <id>07fefa80-c2c5-4c69-b716-016a35901e8d</id>
    <creationDate class="sql-timestamp">2020-10-30 18:18:59.998</creationDate>
    <modDate class="sql-timestamp">2020-10-30 18:18:59.999</modDate>
    <createdBy>e7d4e34e-5127-45fc-8123-d48b62d510e3</createdBy>
    <assignedTo>e7d4e34e-5127-45fc-8123-d48b62d510e3</assignedTo>
    <title>img1.jpg</title>
    <description></description>
    <status>dc3c9cd0-8467-404b-bf95-cb7df3fbc293</status>
    <webasset>ed88ee7d-5edb-4918-9891-43d91697c261</webasset>
    <languageId>1</languageId>
  </com.dotmarketing.portlets.workflows.model.WorkflowTask>
  <com.dotmarketing.portlets.workflows.model.WorkflowTask>
    <id>0c58221f-f3ea-4e36-a16a-f10795900db7</id>
    <creationDate class="sql-timestamp">2020-07-10 20:16:01.79</creationDate>
    <modDate class="sql-timestamp">2020-07-10 20:16:01.79</modDate>
    <createdBy>e7d4e34e-5127-45fc-8123-d48b62d510e3</createdBy>
    <assignedTo>e7d4e34e-5127-45fc-8123-d48b62d510e3</assignedTo>
    <title>Charmander.jpeg</title>
    <status>dc3c9cd0-8467-404b-bf95-cb7df3fbc293</status>
    <webasset>b3eee8aa-f664-46a8-992a-f29915396fe4</webasset>
    <languageId>1</languageId>
  </com.dotmarketing.portlets.workflows.model.WorkflowTask>
  <com.dotmarketing.portlets.workflows.model.WorkflowTask>
    <id>174b7cdd-2a2b-4bff-8c9b-e7fef23a341b</id>
    <creationDate class="sql-timestamp">2020-10-30 18:06:00.77</creationDate>
    <modDate class="sql-timestamp">2020-10-30 18:06:00.771</modDate>
    <createdBy>e7d4e34e-5127-45fc-8123-d48b62d510e3</createdBy>
    <assignedTo>e7d4e34e-5127-45fc-8123-d48b62d510e3</assignedTo>
    <title>design-pattern-scard.pdf</title>
    <description></description>
    <status>dc3c9cd0-8467-404b-bf95-cb7df3fbc293</status>
    <webasset>ca82b11a-e7b6-4734-bf41-9f0735b5cf65</webasset>
    <languageId>1</languageId>
  </com.dotmarketing.portlets.workflows.model.WorkflowTask>
  <com.dotmarketing.portlets.workflows.model.WorkflowTask>
    <id>17b06fd4-6753-4d97-9dc2-0750f754a0c1</id>
    <creationDate class="sql-timestamp">2021-05-10 21:58:29.443</creationDate>
    <modDate class="sql-timestamp">2021-05-11 18:15:28.341</modDate>
    <createdBy>e7d4e34e-5127-45fc-8123-d48b62d510e3</createdBy>
    <assignedTo>e7d4e34e-5127-45fc-8123-d48b62d510e3</assignedTo>
    <title>bootstrap.min.css</title>
    <status>dc3c9cd0-8467-404b-bf95-cb7df3fbc293</status>
    <webasset>e7e48e4e-d919-41ad-9728-29e7aa991e4e</webasset>
    <languageId>1</languageId>
  </com.dotmarketing.portlets.workflows.model.WorkflowTask>
  <com.dotmarketing.portlets.workflows.model.WorkflowTask>
    <id>1b9bc1d0-39e6-4401-a203-be25d0680c4f</id>
    <creationDate class="sql-timestamp">2020-10-30 18:06:56.63</creationDate>
    <modDate class="sql-timestamp">2020-10-30 18:06:56.631</modDate>
    <createdBy>e7d4e34e-5127-45fc-8123-d48b62d510e3</createdBy>
    <assignedTo>e7d4e34e-5127-45fc-8123-d48b62d510e3</assignedTo>
    <title>regular-expressions-cheat-sheet-v2.pdf</title>
    <description></description>
    <status>dc3c9cd0-8467-404b-bf95-cb7df3fbc293</status>
    <webasset>1e728d47-ab3e-47e3-92ad-99b1683b8d44</webasset>
    <languageId>1</languageId>
  </com.dotmarketing.portlets.workflows.model.WorkflowTask>
  <com.dotmarketing.portlets.workflows.model.WorkflowTask>
    <id>21c75477-957c-47b7-8971-c04fc5f6038e</id>
    <creationDate class="sql-timestamp">2020-10-30 18:07:43.843</creationDate>
    <modDate class="sql-timestamp">2020-10-30 18:07:43.843</modDate>
    <createdBy>e7d4e34e-5127-45fc-8123-d48b62d510e3</createdBy>
    <assignedTo>e7d4e34e-5127-45fc-8123-d48b62d510e3</assignedTo>
    <title>500x300_OilPaintingBlue_e27a82175763469c96a7fb20a36fe23b.jpg</title>
    <description></description>
    <status>dc3c9cd0-8467-404b-bf95-cb7df3fbc293</status>
    <webasset>f3f4ebb6-5e85-4004-9c24-8b303bcdebd9</webasset>
    <languageId>1</languageId>
  </com.dotmarketing.portlets.workflows.model.WorkflowTask>
  <com.dotmarketing.portlets.workflows.model.WorkflowTask>
    <id>23c903ea-3221-4d16-9222-e4b4cda13ecb</id>
    <creationDate class="sql-timestamp">2021-05-10 21:58:29.32</creationDate>
    <modDate class="sql-timestamp">2021-05-11 18:15:26.817</modDate>
    <createdBy>e7d4e34e-5127-45fc-8123-d48b62d510e3</createdBy>
    <assignedTo>e7d4e34e-5127-45fc-8123-d48b62d510e3</assignedTo>
    <title>magnific-popup.css</title>
    <status>dc3c9cd0-8467-404b-bf95-cb7df3fbc293</status>
    <webasset>7223b5c7-3c38-4763-b3a5-0e63779ac3d8</webasset>
    <languageId>1</languageId>
  </com.dotmarketing.portlets.workflows.model.WorkflowTask>
  <com.dotmarketing.portlets.workflows.model.WorkflowTask>
    <id>23f6c52f-ace8-4c7c-8101-347f9d30ae97</id>
    <creationDate class="sql-timestamp">2021-05-10 21:42:11.355</creationDate>
    <modDate class="sql-timestamp">2021-05-10 22:32:54.087</modDate>
    <createdBy>e7d4e34e-5127-45fc-8123-d48b62d510e3</createdBy>
    <assignedTo>e7d4e34e-5127-45fc-8123-d48b62d510e3</assignedTo>
    <title>Preloop.vtl</title>
    <status>dc3c9cd0-8467-404b-bf95-cb7df3fbc293</status>
    <webasset>2ac9093d-76fd-46e2-a16c-a1f35642e4b2</webasset>
    <languageId>1</languageId>
  </com.dotmarketing.portlets.workflows.model.WorkflowTask>
  <com.dotmarketing.portlets.workflows.model.WorkflowTask>
    <id>248b9284-bddb-4fcd-b294-d4be05c2e1b7</id>
    <creationDate class="sql-timestamp">2020-10-30 18:20:03.592</creationDate>
    <modDate class="sql-timestamp">2020-10-30 18:20:03.593</modDate>
    <createdBy>e7d4e34e-5127-45fc-8123-d48b62d510e3</createdBy>
    <assignedTo>e7d4e34e-5127-45fc-8123-d48b62d510e3</assignedTo>
    <title>Dep3 Test1</title>
    <description></description>
    <status>dc3c9cd0-8467-404b-bf95-cb7df3fbc293</status>
    <webasset>c885cdf0-83fe-42db-8d8e-88a6596c8c02</webasset>
    <languageId>1</languageId>
  </com.dotmarketing.portlets.workflows.model.WorkflowTask>
  <com.dotmarketing.portlets.workflows.model.WorkflowTask>
    <id>27fe91f5-8191-4155-a0d4-b6568f8dc1b7</id>
    <creationDate class="sql-timestamp">2021-05-10 21:58:29.552</creationDate>
    <modDate class="sql-timestamp">2021-05-11 18:15:24.75</modDate>
    <createdBy>e7d4e34e-5127-45fc-8123-d48b62d510e3</createdBy>
    <assignedTo>e7d4e34e-5127-45fc-8123-d48b62d510e3</assignedTo>
    <title>jquery.nice-number.min.css</title>
    <status>dc3c9cd0-8467-404b-bf95-cb7df3fbc293</status>
    <webasset>0ca645aa-8ae0-4f7a-8347-a9aa23103a9e</webasset>
    <languageId>1</languageId>
  </com.dotmarketing.portlets.workflows.model.WorkflowTask>
  <com.dotmarketing.portlets.workflows.model.WorkflowTask>
    <id>33709482-8371-4eed-aa30-bbfe9debf18a</id>
    <creationDate class="sql-timestamp">2021-05-10 23:43:34.142</creationDate>
    <modDate class="sql-timestamp">2021-05-10 23:43:34.143</modDate>
    <createdBy>e7d4e34e-5127-45fc-8123-d48b62d510e3</createdBy>
    <assignedTo>e7d4e34e-5127-45fc-8123-d48b62d510e3</assignedTo>
    <title>Test3</title>
    <description></description>
    <status>dc3c9cd0-8467-404b-bf95-cb7df3fbc293</status>
    <webasset>7b1abffa-cf87-403f-8348-fd3e652efe2b</webasset>
    <languageId>1</languageId>
  </com.dotmarketing.portlets.workflows.model.WorkflowTask>
  <com.dotmarketing.portlets.workflows.model.WorkflowTask>
    <id>3e9056d4-dc4d-48ad-90c7-67c7b9ace602</id>
    <creationDate class="sql-timestamp">2021-05-10 21:58:29.354</creationDate>
    <modDate class="sql-timestamp">2021-05-11 18:15:27.329</modDate>
    <createdBy>e7d4e34e-5127-45fc-8123-d48b62d510e3</createdBy>
    <assignedTo>e7d4e34e-5127-45fc-8123-d48b62d510e3</assignedTo>
    <title>slick.css</title>
    <status>dc3c9cd0-8467-404b-bf95-cb7df3fbc293</status>
    <webasset>3d44f622-6bb6-4ca3-830a-1edd6ed30dbf</webasset>
    <languageId>1</languageId>
  </com.dotmarketing.portlets.workflows.model.WorkflowTask>
  <com.dotmarketing.portlets.workflows.model.WorkflowTask>
    <id>4c2adadf-e101-4ded-9445-d787fbefcfcb</id>
    <creationDate class="sql-timestamp">2020-10-30 17:52:19.084</creationDate>
    <modDate class="sql-timestamp">2020-10-30 17:52:35.69</modDate>
    <createdBy>e7d4e34e-5127-45fc-8123-d48b62d510e3</createdBy>
    <assignedTo>e7d4e34e-5127-45fc-8123-d48b62d510e3</assignedTo>
    <title>golang2.png</title>
    <description></description>
    <status>ee24a4cb-2d15-4c98-b1bd-6327126451f3</status>
    <webasset>4413bcd7-4aed-490f-9dc0-fd6739e329c2</webasset>
    <languageId>1</languageId>
  </com.dotmarketing.portlets.workflows.model.WorkflowTask>
  <com.dotmarketing.portlets.workflows.model.WorkflowTask>
    <id>60f15657-c3b7-4f98-8384-793061367872</id>
    <creationDate class="sql-timestamp">2020-07-10 20:16:01.638</creationDate>
    <modDate class="sql-timestamp">2020-07-10 20:16:01.639</modDate>
    <createdBy>e7d4e34e-5127-45fc-8123-d48b62d510e3</createdBy>
    <assignedTo>e7d4e34e-5127-45fc-8123-d48b62d510e3</assignedTo>
    <title>Bulbasaur.jpeg</title>
    <status>dc3c9cd0-8467-404b-bf95-cb7df3fbc293</status>
    <webasset>37996e78-c97e-4b94-aeaa-806d821f6293</webasset>
    <languageId>1</languageId>
  </com.dotmarketing.portlets.workflows.model.WorkflowTask>
  <com.dotmarketing.portlets.workflows.model.WorkflowTask>
    <id>6c8e1a2e-bfd5-452a-813a-faf1d6877385</id>
    <creationDate class="sql-timestamp">2021-05-10 21:42:10.896</creationDate>
    <modDate class="sql-timestamp">2021-05-10 21:42:10.897</modDate>
    <createdBy>e7d4e34e-5127-45fc-8123-d48b62d510e3</createdBy>
    <assignedTo>e7d4e34e-5127-45fc-8123-d48b62d510e3</assignedTo>
    <title>Container.vtl</title>
    <status>dc3c9cd0-8467-404b-bf95-cb7df3fbc293</status>
    <webasset>db465240-d2b0-4327-8cae-5c5f49515b50</webasset>
    <languageId>1</languageId>
  </com.dotmarketing.portlets.workflows.model.WorkflowTask>
  <com.dotmarketing.portlets.workflows.model.WorkflowTask>
    <id>6cf79210-8764-45e6-904a-5810ba9ea195</id>
    <creationDate class="sql-timestamp">2021-05-10 22:48:59.369</creationDate>
    <modDate class="sql-timestamp">2021-05-10 22:52:40.815</modDate>
    <createdBy>e7d4e34e-5127-45fc-8123-d48b62d510e3</createdBy>
    <assignedTo>e7d4e34e-5127-45fc-8123-d48b62d510e3</assignedTo>
    <title>template.vtl</title>
    <description></description>
    <status>dc3c9cd0-8467-404b-bf95-cb7df3fbc293</status>
    <webasset>1e14b13e-322d-42a0-9a86-2c120dfd1176</webasset>
    <languageId>1</languageId>
  </com.dotmarketing.portlets.workflows.model.WorkflowTask>
  <com.dotmarketing.portlets.workflows.model.WorkflowTask>
    <id>6d586995-49af-425d-b939-9b57d7ca5a6c</id>
    <creationDate class="sql-timestamp">2021-05-10 22:44:21.16</creationDate>
    <modDate class="sql-timestamp">2021-05-11 18:05:15.623</modDate>
    <createdBy>e7d4e34e-5127-45fc-8123-d48b62d510e3</createdBy>
    <assignedTo>e7d4e34e-5127-45fc-8123-d48b62d510e3</assignedTo>
    <title>Page2</title>
    <description></description>
    <status>dc3c9cd0-8467-404b-bf95-cb7df3fbc293</status>
    <webasset>c915ae81-ec49-4c8e-84ef-38ead5aa7fc1</webasset>
    <languageId>1</languageId>
  </com.dotmarketing.portlets.workflows.model.WorkflowTask>
  <com.dotmarketing.portlets.workflows.model.WorkflowTask>
    <id>6df3e107-99f4-44e3-846d-4ae862f975a7</id>
    <creationDate class="sql-timestamp">2020-07-10 20:16:20.133</creationDate>
    <modDate class="sql-timestamp">2020-07-10 20:16:20.133</modDate>
    <createdBy>e7d4e34e-5127-45fc-8123-d48b62d510e3</createdBy>
    <assignedTo>e7d4e34e-5127-45fc-8123-d48b62d510e3</assignedTo>
    <title>Squirtle.jpeg</title>
    <status>dc3c9cd0-8467-404b-bf95-cb7df3fbc293</status>
    <webasset>0bd874cd-32e6-4d0a-9b33-fbfa4c170d8b</webasset>
    <languageId>1</languageId>
  </com.dotmarketing.portlets.workflows.model.WorkflowTask>
  <com.dotmarketing.portlets.workflows.model.WorkflowTask>
    <id>6e7b33ea-327b-4f45-b883-fd07b81e7214</id>
    <creationDate class="sql-timestamp">2021-05-10 21:58:29.42</creationDate>
    <modDate class="sql-timestamp">2021-05-11 18:15:25.265</modDate>
    <createdBy>e7d4e34e-5127-45fc-8123-d48b62d510e3</createdBy>
    <assignedTo>e7d4e34e-5127-45fc-8123-d48b62d510e3</assignedTo>
    <title>LineIcons.css</title>
    <status>dc3c9cd0-8467-404b-bf95-cb7df3fbc293</status>
    <webasset>16eb392d-d98b-4d3f-9daf-dbbea886f6f8</webasset>
    <languageId>1</languageId>
  </com.dotmarketing.portlets.workflows.model.WorkflowTask>
  <com.dotmarketing.portlets.workflows.model.WorkflowTask>
    <id>72a1c8e1-f6c4-4dbe-aec5-3932231b3fdf</id>
    <creationDate class="sql-timestamp">2021-05-10 21:58:29.084</creationDate>
    <modDate class="sql-timestamp">2021-05-11 18:15:27.844</modDate>
    <createdBy>e7d4e34e-5127-45fc-8123-d48b62d510e3</createdBy>
    <assignedTo>e7d4e34e-5127-45fc-8123-d48b62d510e3</assignedTo>
    <title>footer.vtl</title>
    <status>dc3c9cd0-8467-404b-bf95-cb7df3fbc293</status>
    <webasset>16e7c4be-715c-492b-87ab-19d88e340a82</webasset>
    <languageId>1</languageId>
  </com.dotmarketing.portlets.workflows.model.WorkflowTask>
  <com.dotmarketing.portlets.workflows.model.WorkflowTask>
    <id>78b91d0e-eeaa-43f0-82e7-836839c13190</id>
    <creationDate class="sql-timestamp">2020-07-10 20:18:17.237</creationDate>
    <modDate class="sql-timestamp">2020-07-10 20:18:17.238</modDate>
    <createdBy>e7d4e34e-5127-45fc-8123-d48b62d510e3</createdBy>
    <assignedTo>e7d4e34e-5127-45fc-8123-d48b62d510e3</assignedTo>
    <title>sync1</title>
    <description></description>
    <status>dc3c9cd0-8467-404b-bf95-cb7df3fbc293</status>
    <webasset>35891a5a-d1fc-4ccd-9f49-8cb3b4219ebf</webasset>
    <languageId>1</languageId>
  </com.dotmarketing.portlets.workflows.model.WorkflowTask>
  <com.dotmarketing.portlets.workflows.model.WorkflowTask>
    <id>7f33be85-49c2-4114-8676-75927fb66ff4</id>
    <creationDate class="sql-timestamp">2020-10-30 17:50:53.317</creationDate>
    <modDate class="sql-timestamp">2020-10-30 17:51:24.482</modDate>
    <createdBy>e7d4e34e-5127-45fc-8123-d48b62d510e3</createdBy>
    <assignedTo>e7d4e34e-5127-45fc-8123-d48b62d510e3</assignedTo>
    <title>golang1.png</title>
    <description></description>
    <status>ee24a4cb-2d15-4c98-b1bd-6327126451f3</status>
    <webasset>cc7364a8-66f2-4b49-b952-e9ac3c50d262</webasset>
    <languageId>1</languageId>
  </com.dotmarketing.portlets.workflows.model.WorkflowTask>
  <com.dotmarketing.portlets.workflows.model.WorkflowTask>
    <id>843fb937-91eb-441b-9066-35182b4dc6d4</id>
    <creationDate class="sql-timestamp">2021-05-10 21:58:29.117</creationDate>
    <modDate class="sql-timestamp">2021-05-11 18:15:24.894</modDate>
    <createdBy>e7d4e34e-5127-45fc-8123-d48b62d510e3</createdBy>
    <assignedTo>e7d4e34e-5127-45fc-8123-d48b62d510e3</assignedTo>
    <title>header.vtl</title>
    <status>dc3c9cd0-8467-404b-bf95-cb7df3fbc293</status>
    <webasset>3aaa5b54-ea44-4d47-809a-b4cf4d56359d</webasset>
    <languageId>1</languageId>
  </com.dotmarketing.portlets.workflows.model.WorkflowTask>
  <com.dotmarketing.portlets.workflows.model.WorkflowTask>
    <id>84e62502-60e5-4e8a-b1bb-cbb844e72f62</id>
    <creationDate class="sql-timestamp">2021-05-10 21:58:29.117</creationDate>
    <modDate class="sql-timestamp">2021-05-11 18:15:29.363</modDate>
    <createdBy>e7d4e34e-5127-45fc-8123-d48b62d510e3</createdBy>
    <assignedTo>e7d4e34e-5127-45fc-8123-d48b62d510e3</assignedTo>
    <title>html_head.vtl</title>
    <status>dc3c9cd0-8467-404b-bf95-cb7df3fbc293</status>
    <webasset>bb97c0ce-b3d8-4e3d-aedd-2942053f47e5</webasset>
    <languageId>1</languageId>
  </com.dotmarketing.portlets.workflows.model.WorkflowTask>
  <com.dotmarketing.portlets.workflows.model.WorkflowTask>
    <id>85f9df45-5ab7-4fda-ad4a-d9b531065b49</id>
    <creationDate class="sql-timestamp">2021-05-10 21:42:11.489</creationDate>
    <modDate class="sql-timestamp">2021-05-10 21:42:11.49</modDate>
    <createdBy>e7d4e34e-5127-45fc-8123-d48b62d510e3</createdBy>
    <assignedTo>e7d4e34e-5127-45fc-8123-d48b62d510e3</assignedTo>
    <title>WebPageContent.vtl</title>
    <status>dc3c9cd0-8467-404b-bf95-cb7df3fbc293</status>
    <webasset>a80f1031-d612-4197-badf-93f16be47d28</webasset>
    <languageId>1</languageId>
  </com.dotmarketing.portlets.workflows.model.WorkflowTask>
  <com.dotmarketing.portlets.workflows.model.WorkflowTask>
    <id>86c4d69d-b356-4443-88b7-a75bf0f5df4f</id>
    <creationDate class="sql-timestamp">2021-05-10 21:42:11.263</creationDate>
    <modDate class="sql-timestamp">2021-05-10 22:33:17.37</modDate>
    <createdBy>e7d4e34e-5127-45fc-8123-d48b62d510e3</createdBy>
    <assignedTo>e7d4e34e-5127-45fc-8123-d48b62d510e3</assignedTo>
    <title>Postloop.vtl</title>
    <status>dc3c9cd0-8467-404b-bf95-cb7df3fbc293</status>
    <webasset>14d9a176-ffb0-466d-b590-b3ce70c53888</webasset>
    <languageId>1</languageId>
  </com.dotmarketing.portlets.workflows.model.WorkflowTask>
  <com.dotmarketing.portlets.workflows.model.WorkflowTask>
    <id>8839ec76-8f5d-41c9-b471-70eb3ec62c2f</id>
    <creationDate class="sql-timestamp">2020-07-10 20:16:20.059</creationDate>
    <modDate class="sql-timestamp">2020-07-10 20:16:20.06</modDate>
    <createdBy>e7d4e34e-5127-45fc-8123-d48b62d510e3</createdBy>
    <assignedTo>e7d4e34e-5127-45fc-8123-d48b62d510e3</assignedTo>
    <title>Pikachu.jpeg</title>
    <status>dc3c9cd0-8467-404b-bf95-cb7df3fbc293</status>
    <webasset>286ea849-e99b-415e-bd5f-b69babae9bb6</webasset>
    <languageId>1</languageId>
  </com.dotmarketing.portlets.workflows.model.WorkflowTask>
  <com.dotmarketing.portlets.workflows.model.WorkflowTask>
    <id>8ffe96fc-828d-417f-a8e7-863d32f759dc</id>
    <creationDate class="sql-timestamp">2020-10-30 18:19:16.397</creationDate>
    <modDate class="sql-timestamp">2020-10-30 18:19:16.398</modDate>
    <createdBy>e7d4e34e-5127-45fc-8123-d48b62d510e3</createdBy>
    <assignedTo>e7d4e34e-5127-45fc-8123-d48b62d510e3</assignedTo>
    <title>img2.jpg</title>
    <description></description>
    <status>dc3c9cd0-8467-404b-bf95-cb7df3fbc293</status>
    <webasset>ee46573e-9d27-4dbf-81f1-66e62e975c14</webasset>
    <languageId>1</languageId>
  </com.dotmarketing.portlets.workflows.model.WorkflowTask>
  <com.dotmarketing.portlets.workflows.model.WorkflowTask>
    <id>92449f4f-ec4a-403b-ae4e-6651dcae8418</id>
    <creationDate class="sql-timestamp">2020-10-30 18:20:27.873</creationDate>
    <modDate class="sql-timestamp">2020-10-30 18:22:43.583</modDate>
    <createdBy>e7d4e34e-5127-45fc-8123-d48b62d510e3</createdBy>
    <assignedTo>e7d4e34e-5127-45fc-8123-d48b62d510e3</assignedTo>
    <title>Dep3 Test2</title>
    <description></description>
    <status>ee24a4cb-2d15-4c98-b1bd-6327126451f3</status>
    <webasset>c3b07e83-07b9-454b-9c4e-64a323636a4a</webasset>
    <languageId>1</languageId>
  </com.dotmarketing.portlets.workflows.model.WorkflowTask>
  <com.dotmarketing.portlets.workflows.model.WorkflowTask>
    <id>9f04c307-0dee-4d34-a0a0-3b7f9fd4ed2d</id>
    <creationDate class="sql-timestamp">2020-07-10 20:18:28.074</creationDate>
    <modDate class="sql-timestamp">2020-07-10 20:18:28.074</modDate>
    <createdBy>e7d4e34e-5127-45fc-8123-d48b62d510e3</createdBy>
    <assignedTo>e7d4e34e-5127-45fc-8123-d48b62d510e3</assignedTo>
    <title>sync2</title>
    <description></description>
    <status>dc3c9cd0-8467-404b-bf95-cb7df3fbc293</status>
    <webasset>90ec36f6-2aa2-4288-bfb1-bab0e152eadb</webasset>
    <languageId>1</languageId>
  </com.dotmarketing.portlets.workflows.model.WorkflowTask>
  <com.dotmarketing.portlets.workflows.model.WorkflowTask>
    <id>a37e7d62-f6cf-46d0-8d50-2e8cebcd63c4</id>
    <creationDate class="sql-timestamp">2021-05-10 21:58:29.699</creationDate>
    <modDate class="sql-timestamp">2021-05-11 18:15:26.312</modDate>
    <createdBy>e7d4e34e-5127-45fc-8123-d48b62d510e3</createdBy>
    <assignedTo>e7d4e34e-5127-45fc-8123-d48b62d510e3</assignedTo>
    <title>style.css</title>
    <status>dc3c9cd0-8467-404b-bf95-cb7df3fbc293</status>
    <webasset>f2b21f71-d02d-4755-8142-944a4040c139</webasset>
    <languageId>1</languageId>
  </com.dotmarketing.portlets.workflows.model.WorkflowTask>
  <com.dotmarketing.portlets.workflows.model.WorkflowTask>
    <id>a969bc4f-41e3-4b10-8f14-356285ac8f06</id>
    <creationDate class="sql-timestamp">2021-05-10 21:58:29.655</creationDate>
    <modDate class="sql-timestamp">2021-05-11 18:15:25.42</modDate>
    <createdBy>e7d4e34e-5127-45fc-8123-d48b62d510e3</createdBy>
    <assignedTo>e7d4e34e-5127-45fc-8123-d48b62d510e3</assignedTo>
    <title>default.css</title>
    <status>dc3c9cd0-8467-404b-bf95-cb7df3fbc293</status>
    <webasset>50c63f7a-100b-4882-a290-0951ccba2b8e</webasset>
    <languageId>1</languageId>
  </com.dotmarketing.portlets.workflows.model.WorkflowTask>
  <com.dotmarketing.portlets.workflows.model.WorkflowTask>
    <id>ba6a834c-01cc-4de1-8baf-fd3a45d04da0</id>
    <creationDate class="sql-timestamp">2020-10-30 18:15:50.988</creationDate>
    <modDate class="sql-timestamp">2020-10-30 18:21:38.836</modDate>
    <createdBy>e7d4e34e-5127-45fc-8123-d48b62d510e3</createdBy>
    <assignedTo>e7d4e34e-5127-45fc-8123-d48b62d510e3</assignedTo>
    <title>Dep1 Test2</title>
    <description></description>
    <status>dc3c9cd0-8467-404b-bf95-cb7df3fbc293</status>
    <webasset>43c595da-591d-445f-a7fa-10955bb41221</webasset>
    <languageId>1</languageId>
  </com.dotmarketing.portlets.workflows.model.WorkflowTask>
  <com.dotmarketing.portlets.workflows.model.WorkflowTask>
    <id>be47281c-a875-458d-b476-685abe81eb16</id>
    <creationDate class="sql-timestamp">2020-10-30 18:15:11.769</creationDate>
    <modDate class="sql-timestamp">2020-10-30 18:21:23.419</modDate>
    <createdBy>e7d4e34e-5127-45fc-8123-d48b62d510e3</createdBy>
    <assignedTo>e7d4e34e-5127-45fc-8123-d48b62d510e3</assignedTo>
    <title>Dep1 Test1</title>
    <description></description>
    <status>ee24a4cb-2d15-4c98-b1bd-6327126451f3</status>
    <webasset>051158a0-f6ff-4615-af20-284ce11b2fbc</webasset>
    <languageId>1</languageId>
  </com.dotmarketing.portlets.workflows.model.WorkflowTask>
  <com.dotmarketing.portlets.workflows.model.WorkflowTask>
    <id>c5f8a771-ed4c-4caf-89e6-eff578cbc6d2</id>
    <creationDate class="sql-timestamp">2021-05-10 21:58:29.592</creationDate>
    <modDate class="sql-timestamp">2021-05-11 18:15:25.809</modDate>
    <createdBy>e7d4e34e-5127-45fc-8123-d48b62d510e3</createdBy>
    <assignedTo>e7d4e34e-5127-45fc-8123-d48b62d510e3</assignedTo>
    <title>responsive.css</title>
    <status>dc3c9cd0-8467-404b-bf95-cb7df3fbc293</status>
    <webasset>8881050c-50cf-4494-a3af-21824d0f5bde</webasset>
    <languageId>1</languageId>
  </com.dotmarketing.portlets.workflows.model.WorkflowTask>
  <com.dotmarketing.portlets.workflows.model.WorkflowTask>
    <id>cb677014-60a4-4838-b9a3-ccc4fccb9838</id>
    <creationDate class="sql-timestamp">2021-05-10 22:37:10.628</creationDate>
    <modDate class="sql-timestamp">2021-05-10 22:37:10.628</modDate>
    <createdBy>e7d4e34e-5127-45fc-8123-d48b62d510e3</createdBy>
    <assignedTo>e7d4e34e-5127-45fc-8123-d48b62d510e3</assignedTo>
    <title>SimpleContent1.vtl</title>
    <status>dc3c9cd0-8467-404b-bf95-cb7df3fbc293</status>
    <webasset>d365bbfc-8dca-4bab-a369-5d167eb71b88</webasset>
    <languageId>1</languageId>
  </com.dotmarketing.portlets.workflows.model.WorkflowTask>
  <com.dotmarketing.portlets.workflows.model.WorkflowTask>
    <id>cc9ab6b9-c64f-42f4-8c01-dbc4606abbb2</id>
    <creationDate class="sql-timestamp">2021-05-10 22:17:48.003</creationDate>
    <modDate class="sql-timestamp">2021-05-11 18:04:57.014</modDate>
    <createdBy>e7d4e34e-5127-45fc-8123-d48b62d510e3</createdBy>
    <assignedTo>e7d4e34e-5127-45fc-8123-d48b62d510e3</assignedTo>
    <title>Page1</title>
    <description></description>
    <status>dc3c9cd0-8467-404b-bf95-cb7df3fbc293</status>
    <webasset>71d03f17-a7ed-4bcb-957f-7919110897ad</webasset>
    <languageId>1</languageId>
  </com.dotmarketing.portlets.workflows.model.WorkflowTask>
  <com.dotmarketing.portlets.workflows.model.WorkflowTask>
    <id>d1a2bc67-f855-44fc-b530-d7f75b44be25</id>
    <creationDate class="sql-timestamp">2020-10-30 18:16:49.619</creationDate>
    <modDate class="sql-timestamp">2020-10-30 18:22:00.654</modDate>
    <createdBy>e7d4e34e-5127-45fc-8123-d48b62d510e3</createdBy>
    <assignedTo>e7d4e34e-5127-45fc-8123-d48b62d510e3</assignedTo>
    <title>Dep2 Test1</title>
    <description></description>
    <status>dc3c9cd0-8467-404b-bf95-cb7df3fbc293</status>
    <webasset>5fe89979-00dd-44db-a866-03840c325e3f</webasset>
    <languageId>1</languageId>
  </com.dotmarketing.portlets.workflows.model.WorkflowTask>
  <com.dotmarketing.portlets.workflows.model.WorkflowTask>
    <id>f20ad645-1de8-4716-9dd2-552bb564a780</id>
    <creationDate class="sql-timestamp">2021-05-10 21:58:29.536</creationDate>
    <modDate class="sql-timestamp">2021-05-11 18:15:28.853</modDate>
    <createdBy>e7d4e34e-5127-45fc-8123-d48b62d510e3</createdBy>
    <assignedTo>e7d4e34e-5127-45fc-8123-d48b62d510e3</assignedTo>
    <title>animate.css</title>
    <status>dc3c9cd0-8467-404b-bf95-cb7df3fbc293</status>
    <webasset>18729b87-395a-4f84-90fd-c084391943ac</webasset>
    <languageId>1</languageId>
  </com.dotmarketing.portlets.workflows.model.WorkflowTask>
  <com.dotmarketing.portlets.workflows.model.WorkflowTask>
    <id>fc4232c1-68b8-4e46-b14d-a1c556223c01</id>
    <creationDate class="sql-timestamp">2020-10-30 18:17:39.825</creationDate>
    <modDate class="sql-timestamp">2020-10-30 18:22:28.916</modDate>
    <createdBy>e7d4e34e-5127-45fc-8123-d48b62d510e3</createdBy>
    <assignedTo>e7d4e34e-5127-45fc-8123-d48b62d510e3</assignedTo>
    <title>Dep2 Test2</title>
    <description></description>
    <status>ee24a4cb-2d15-4c98-b1bd-6327126451f3</status>
    <webasset>5c76824e-343f-4cef-a41a-e699710e8cdb</webasset>
    <languageId>1</languageId>
  </com.dotmarketing.portlets.workflows.model.WorkflowTask>
</list>