<list>
  <com.dotmarketing.portlets.contentlet.model.ContentletVersionInfo>
    <identifier>02a4b3d5-eb9e-4714-94ee-e8b66ca02ff8</identifier>
    <workingInode>ce3a6520-a935-4a5c-9912-7cc07ef93851</workingInode>
    <lockedOn class="sql-timestamp">2021-05-10 21:42:10.945</lockedOn>
    <deleted>true</deleted>
    <versionTs class="sql-timestamp">2021-05-10 22:37:22.675</versionTs>
    <lang>1</lang>
  </com.dotmarketing.portlets.contentlet.model.ContentletVersionInfo>
  <com.dotmarketing.portlets.contentlet.model.ContentletVersionInfo>
    <identifier>051158a0-f6ff-4615-af20-284ce11b2fbc</identifier>
    <liveInode>952c2b5e-b637-4bb3-af29-a2767e0e3754</liveInode>
    <workingInode>0dc91437-0355-43aa-a359-c1e4842b8912</workingInode>
    <lockedOn class="sql-timestamp">2020-10-30 18:21:23.416</lockedOn>
    <deleted>false</deleted>
    <versionTs class="sql-timestamp">2020-10-30 18:21:23.371</versionTs>
    <lang>1</lang>
  </com.dotmarketing.portlets.contentlet.model.ContentletVersionInfo>
  <com.dotmarketing.portlets.contentlet.model.ContentletVersionInfo>
    <identifier>0bd874cd-32e6-4d0a-9b33-fbfa4c170d8b</identifier>
    <liveInode>59b4332b-0c01-4cba-a609-42d425cee842</liveInode>
    <workingInode>59b4332b-0c01-4cba-a609-42d425cee842</workingInode>
    <lockedOn class="sql-timestamp">2020-07-10 20:16:20.099</lockedOn>
    <deleted>false</deleted>
    <versionTs class="sql-timestamp">2020-07-10 20:16:20.123</versionTs>
    <lang>1</lang>
  </com.dotmarketing.portlets.contentlet.model.ContentletVersionInfo>
  <com.dotmarketing.portlets.contentlet.model.ContentletVersionInfo>
    <identifier>0ca645aa-8ae0-4f7a-8347-a9aa23103a9e</identifier>
    <liveInode>549c844c-b230-46de-9c52-be090152ff71</liveInode>
    <workingInode>549c844c-b230-46de-9c52-be090152ff71</workingInode>
    <lockedOn class="sql-timestamp">2021-05-10 21:58:29.47</lockedOn>
    <deleted>false</deleted>
    <versionTs class="sql-timestamp">2021-05-10 22:28:28.096</versionTs>
    <lang>1</lang>
  </com.dotmarketing.portlets.contentlet.model.ContentletVersionInfo>
  <com.dotmarketing.portlets.contentlet.model.ContentletVersionInfo>
    <identifier>0fc6e972-b808-4790-aa70-1c474e3e33b5</identifier>
    <liveInode>860af880-88ca-4718-ae8a-b3783996ffe9</liveInode>
    <workingInode>860af880-88ca-4718-ae8a-b3783996ffe9</workingInode>
    <lockedOn class="sql-timestamp">2020-07-10 20:17:58.723</lockedOn>
    <deleted>false</deleted>
    <versionTs class="sql-timestamp">2020-07-10 20:17:58.737</versionTs>
    <lang>1</lang>
  </com.dotmarketing.portlets.contentlet.model.ContentletVersionInfo>
  <com.dotmarketing.portlets.contentlet.model.ContentletVersionInfo>
    <identifier>14d9a176-ffb0-466d-b590-b3ce70c53888</identifier>
    <liveInode>74145b75-d9f1-4e50-b0c7-b560d2613b22</liveInode>
    <workingInode>74145b75-d9f1-4e50-b0c7-b560d2613b22</workingInode>
    <lockedOn class="sql-timestamp">2021-05-10 22:33:17.368</lockedOn>
    <deleted>false</deleted>
    <versionTs class="sql-timestamp">2021-05-10 22:33:17.354</versionTs>
    <lang>1</lang>
  </com.dotmarketing.portlets.contentlet.model.ContentletVersionInfo>
  <com.dotmarketing.portlets.contentlet.model.ContentletVersionInfo>
    <identifier>16e7c4be-715c-492b-87ab-19d88e340a82</identifier>
    <liveInode>f584f5b7-7bb6-4248-b9db-5b5c39801e1c</liveInode>
    <workingInode>f584f5b7-7bb6-4248-b9db-5b5c39801e1c</workingInode>
    <lockedOn class="sql-timestamp">2021-05-10 21:58:29.016</lockedOn>
    <deleted>false</deleted>
    <versionTs class="sql-timestamp">2021-05-10 22:28:27.301</versionTs>
    <lang>1</lang>
  </com.dotmarketing.portlets.contentlet.model.ContentletVersionInfo>
  <com.dotmarketing.portlets.contentlet.model.ContentletVersionInfo>
    <identifier>16eb392d-d98b-4d3f-9daf-dbbea886f6f8</identifier>
    <liveInode>0a942322-c33c-44c4-975e-f85bf8ebfedf</liveInode>
    <workingInode>0a942322-c33c-44c4-975e-f85bf8ebfedf</workingInode>
    <lockedOn class="sql-timestamp">2021-05-10 21:58:29.294</lockedOn>
    <deleted>false</deleted>
    <versionTs class="sql-timestamp">2021-05-10 22:28:28.448</versionTs>
    <lang>1</lang>
  </com.dotmarketing.portlets.contentlet.model.ContentletVersionInfo>
  <com.dotmarketing.portlets.contentlet.model.ContentletVersionInfo>
    <identifier>18729b87-395a-4f84-90fd-c084391943ac</identifier>
    <liveInode>e55943e0-83bb-4589-91d3-fc886387ee5f</liveInode>
    <workingInode>e55943e0-83bb-4589-91d3-fc886387ee5f</workingInode>
    <lockedOn class="sql-timestamp">2021-05-10 21:58:29.339</lockedOn>
    <deleted>false</deleted>
    <versionTs class="sql-timestamp">2021-05-10 22:28:27.992</versionTs>
    <lang>1</lang>
  </com.dotmarketing.portlets.contentlet.model.ContentletVersionInfo>
  <com.dotmarketing.portlets.contentlet.model.ContentletVersionInfo>
    <identifier>1b927236-4857-4763-8ef8-ab36e437fbec</identifier>
    <liveInode>e631badb-0867-4471-ab39-26e1f16c6ed1</liveInode>
    <workingInode>e631badb-0867-4471-ab39-26e1f16c6ed1</workingInode>
    <lockedOn class="sql-timestamp">2020-08-18 18:44:47.946</lockedOn>
    <deleted>false</deleted>
    <versionTs class="sql-timestamp">2020-08-18 18:44:47.954</versionTs>
    <lang>1</lang>
  </com.dotmarketing.portlets.contentlet.model.ContentletVersionInfo>
  <com.dotmarketing.portlets.contentlet.model.ContentletVersionInfo>
    <identifier>1e14b13e-322d-42a0-9a86-2c120dfd1176</identifier>
    <liveInode>6325b42b-7285-47b6-a9e3-e6d6bafc78f1</liveInode>
    <workingInode>6325b42b-7285-47b6-a9e3-e6d6bafc78f1</workingInode>
    <lockedOn class="sql-timestamp">2021-05-10 22:52:40.813</lockedOn>
    <deleted>false</deleted>
    <versionTs class="sql-timestamp">2021-05-10 22:52:40.805</versionTs>
    <lang>1</lang>
  </com.dotmarketing.portlets.contentlet.model.ContentletVersionInfo>
  <com.dotmarketing.portlets.contentlet.model.ContentletVersionInfo>
    <identifier>1e728d47-ab3e-47e3-92ad-99b1683b8d44</identifier>
    <liveInode>244454b9-9c90-4e7f-9971-f873457856a7</liveInode>
    <workingInode>244454b9-9c90-4e7f-9971-f873457856a7</workingInode>
    <lockedOn class="sql-timestamp">2020-10-30 18:06:56.313</lockedOn>
    <deleted>false</deleted>
    <versionTs class="sql-timestamp">2020-10-30 18:06:56.581</versionTs>
    <lang>1</lang>
  </com.dotmarketing.portlets.contentlet.model.ContentletVersionInfo>
  <com.dotmarketing.portlets.contentlet.model.ContentletVersionInfo>
    <identifier>286ea849-e99b-415e-bd5f-b69babae9bb6</identifier>
    <liveInode>9aa37648-dedf-4642-a905-089f990facec</liveInode>
    <workingInode>9aa37648-dedf-4642-a905-089f990facec</workingInode>
    <lockedOn class="sql-timestamp">2020-07-10 20:16:19.998</lockedOn>
    <deleted>false</deleted>
    <versionTs class="sql-timestamp">2020-07-10 20:16:20.039</versionTs>
    <lang>1</lang>
  </com.dotmarketing.portlets.contentlet.model.ContentletVersionInfo>
  <com.dotmarketing.portlets.contentlet.model.ContentletVersionInfo>
    <identifier>2ac9093d-76fd-46e2-a16c-a1f35642e4b2</identifier>
    <liveInode>aaeb1e49-5cb8-485f-8c27-58d394212b38</liveInode>
    <workingInode>aaeb1e49-5cb8-485f-8c27-58d394212b38</workingInode>
    <lockedOn class="sql-timestamp">2021-05-10 22:32:54.086</lockedOn>
    <deleted>false</deleted>
    <versionTs class="sql-timestamp">2021-05-10 22:32:54.079</versionTs>
    <lang>1</lang>
  </com.dotmarketing.portlets.contentlet.model.ContentletVersionInfo>
  <com.dotmarketing.portlets.contentlet.model.ContentletVersionInfo>
    <identifier>35891a5a-d1fc-4ccd-9f49-8cb3b4219ebf</identifier>
    <liveInode>3bbe6f7f-91b6-419c-9e6a-258f95f5272c</liveInode>
    <workingInode>3bbe6f7f-91b6-419c-9e6a-258f95f5272c</workingInode>
    <lockedOn class="sql-timestamp">2020-07-10 20:18:17.207</lockedOn>
    <deleted>false</deleted>
    <versionTs class="sql-timestamp">2020-07-10 20:18:17.223</versionTs>
    <lang>1</lang>
  </com.dotmarketing.portlets.contentlet.model.ContentletVersionInfo>
  <com.dotmarketing.portlets.contentlet.model.ContentletVersionInfo>
    <identifier>37996e78-c97e-4b94-aeaa-806d821f6293</identifier>
    <liveInode>f6981425-695f-4a77-8770-9ac7d85e64c5</liveInode>
    <workingInode>f6981425-695f-4a77-8770-9ac7d85e64c5</workingInode>
    <lockedOn class="sql-timestamp">2020-07-10 20:16:01.421</lockedOn>
    <deleted>false</deleted>
    <versionTs class="sql-timestamp">2020-07-10 20:16:01.613</versionTs>
    <lang>1</lang>
  </com.dotmarketing.portlets.contentlet.model.ContentletVersionInfo>
  <com.dotmarketing.portlets.contentlet.model.ContentletVersionInfo>
    <identifier>3aaa5b54-ea44-4d47-809a-b4cf4d56359d</identifier>
    <liveInode>c07ac086-ed71-4249-b890-ad3a5e66d047</liveInode>
    <workingInode>c07ac086-ed71-4249-b890-ad3a5e66d047</workingInode>
    <lockedOn class="sql-timestamp">2021-05-10 21:58:29.022</lockedOn>
    <deleted>false</deleted>
    <versionTs class="sql-timestamp">2021-05-10 22:28:27.533</versionTs>
    <lang>1</lang>
  </com.dotmarketing.portlets.contentlet.model.ContentletVersionInfo>
  <com.dotmarketing.portlets.contentlet.model.ContentletVersionInfo>
    <identifier>3d44f622-6bb6-4ca3-830a-1edd6ed30dbf</identifier>
    <liveInode>27641af2-b1af-4a8e-b5b0-08a601364680</liveInode>
    <workingInode>27641af2-b1af-4a8e-b5b0-08a601364680</workingInode>
    <lockedOn class="sql-timestamp">2021-05-10 21:58:29.258</lockedOn>
    <deleted>false</deleted>
    <versionTs class="sql-timestamp">2021-05-10 22:28:27.663</versionTs>
    <lang>1</lang>
  </com.dotmarketing.portlets.contentlet.model.ContentletVersionInfo>
  <com.dotmarketing.portlets.contentlet.model.ContentletVersionInfo>
    <identifier>43c595da-591d-445f-a7fa-10955bb41221</identifier>
    <liveInode>a0aef9a6-8a56-454f-a73e-7e314d76faf4</liveInode>
    <workingInode>a0aef9a6-8a56-454f-a73e-7e314d76faf4</workingInode>
    <lockedOn class="sql-timestamp">2020-10-30 18:21:38.834</lockedOn>
    <deleted>false</deleted>
    <versionTs class="sql-timestamp">2020-10-30 18:21:38.813</versionTs>
    <lang>1</lang>
  </com.dotmarketing.portlets.contentlet.model.ContentletVersionInfo>
  <com.dotmarketing.portlets.contentlet.model.ContentletVersionInfo>
    <identifier>4413bcd7-4aed-490f-9dc0-fd6739e329c2</identifier>
    <liveInode>b9ec5ee7-04b7-4a99-b4c4-fbf1d6ac70e3</liveInode>
    <workingInode>3f2ebb89-1bdf-472d-874a-0284dbf58dca</workingInode>
    <lockedOn class="sql-timestamp">2020-10-30 17:52:35.683</lockedOn>
    <deleted>false</deleted>
    <versionTs class="sql-timestamp">2020-10-30 17:52:35.504</versionTs>
    <lang>1</lang>
  </com.dotmarketing.portlets.contentlet.model.ContentletVersionInfo>
  <com.dotmarketing.portlets.contentlet.model.ContentletVersionInfo>
    <identifier>4bae2fbe-7ab3-4b44-a196-1bd444b42eda</identifier>
    <liveInode>3a4fd59c-c666-48b2-858c-f62c45c33b75</liveInode>
    <workingInode>3a4fd59c-c666-48b2-858c-f62c45c33b75</workingInode>
    <lockedOn class="sql-timestamp">2020-08-19 21:08:00.604</lockedOn>
    <deleted>false</deleted>
    <versionTs class="sql-timestamp">2020-08-19 21:08:00.578</versionTs>
    <lang>1</lang>
  </com.dotmarketing.portlets.contentlet.model.ContentletVersionInfo>
  <com.dotmarketing.portlets.contentlet.model.ContentletVersionInfo>
    <identifier>50c63f7a-100b-4882-a290-0951ccba2b8e</identifier>
    <liveInode>fbe08743-76c6-44e4-b330-45c588505017</liveInode>
    <workingInode>fbe08743-76c6-44e4-b330-45c588505017</workingInode>
    <lockedOn class="sql-timestamp">2021-05-10 21:58:29.583</lockedOn>
    <deleted>false</deleted>
    <versionTs class="sql-timestamp">2021-05-10 22:28:27.769</versionTs>
    <lang>1</lang>
  </com.dotmarketing.portlets.contentlet.model.ContentletVersionInfo>
  <com.dotmarketing.portlets.contentlet.model.ContentletVersionInfo>
    <identifier>5c76824e-343f-4cef-a41a-e699710e8cdb</identifier>
    <liveInode>8b54f9bc-48f2-4a0e-a633-33cd416897ab</liveInode>
    <workingInode>16e14258-7ae3-4bf6-aaa1-9d01bd525713</workingInode>
    <lockedOn class="sql-timestamp">2020-10-30 18:22:28.914</lockedOn>
    <deleted>false</deleted>
    <versionTs class="sql-timestamp">2020-10-30 18:22:28.866</versionTs>
    <lang>1</lang>
  </com.dotmarketing.portlets.contentlet.model.ContentletVersionInfo>
  <com.dotmarketing.portlets.contentlet.model.ContentletVersionInfo>
    <identifier>5fe89979-00dd-44db-a866-03840c325e3f</identifier>
    <liveInode>924ca98f-f672-47ea-b349-acc4acb7f111</liveInode>
    <workingInode>924ca98f-f672-47ea-b349-acc4acb7f111</workingInode>
    <lockedOn class="sql-timestamp">2020-10-30 18:22:00.652</lockedOn>
    <deleted>false</deleted>
    <versionTs class="sql-timestamp">2020-10-30 18:22:00.629</versionTs>
    <lang>1</lang>
  </com.dotmarketing.portlets.contentlet.model.ContentletVersionInfo>
  <com.dotmarketing.portlets.contentlet.model.ContentletVersionInfo>
    <identifier>71d03f17-a7ed-4bcb-957f-7919110897ad</identifier>
    <liveInode>3ed902a1-7923-47bf-ab5b-71f8fd00480a</liveInode>
    <workingInode>3ed902a1-7923-47bf-ab5b-71f8fd00480a</workingInode>
    <lockedOn class="sql-timestamp">2021-05-11 00:04:31.78</lockedOn>
    <deleted>false</deleted>
    <versionTs class="sql-timestamp">2021-05-11 00:04:31.762</versionTs>
    <lang>1</lang>
  </com.dotmarketing.portlets.contentlet.model.ContentletVersionInfo>
  <com.dotmarketing.portlets.contentlet.model.ContentletVersionInfo>
    <identifier>7223b5c7-3c38-4763-b3a5-0e63779ac3d8</identifier>
    <liveInode>98ed899a-2ae6-473c-85b2-6c1372ad3060</liveInode>
    <workingInode>98ed899a-2ae6-473c-85b2-6c1372ad3060</workingInode>
    <lockedOn class="sql-timestamp">2021-05-10 21:58:29.223</lockedOn>
    <deleted>false</deleted>
    <versionTs class="sql-timestamp">2021-05-10 22:28:28.358</versionTs>
    <lang>1</lang>
  </com.dotmarketing.portlets.contentlet.model.ContentletVersionInfo>
  <com.dotmarketing.portlets.contentlet.model.ContentletVersionInfo>
    <identifier>7b1abffa-cf87-403f-8348-fd3e652efe2b</identifier>
    <liveInode>47be073c-7a9f-4c23-bdfd-8f089098afe6</liveInode>
    <workingInode>47be073c-7a9f-4c23-bdfd-8f089098afe6</workingInode>
    <lockedOn class="sql-timestamp">2021-05-10 23:43:34.141</lockedOn>
    <deleted>false</deleted>
    <versionTs class="sql-timestamp">2021-05-10 23:43:34.126</versionTs>
    <lang>1</lang>
  </com.dotmarketing.portlets.contentlet.model.ContentletVersionInfo>
  <com.dotmarketing.portlets.contentlet.model.ContentletVersionInfo>
    <identifier>839092c6-d26a-46d3-a641-57bfc5237c64</identifier>
    <liveInode>b4b620fc-f8eb-42b9-bd67-cc75d83017f7</liveInode>
    <workingInode>b4b620fc-f8eb-42b9-bd67-cc75d83017f7</workingInode>
    <lockedOn class="sql-timestamp">2020-07-10 20:17:47.305</lockedOn>
    <deleted>false</deleted>
    <versionTs class="sql-timestamp">2020-07-10 20:17:47.322</versionTs>
    <lang>1</lang>
  </com.dotmarketing.portlets.contentlet.model.ContentletVersionInfo>
  <com.dotmarketing.portlets.contentlet.model.ContentletVersionInfo>
    <identifier>8881050c-50cf-4494-a3af-21824d0f5bde</identifier>
    <liveInode>e24fd293-476a-41e5-9630-66b1bc5507de</liveInode>
    <workingInode>e24fd293-476a-41e5-9630-66b1bc5507de</workingInode>
    <lockedOn class="sql-timestamp">2021-05-10 21:58:29.52</lockedOn>
    <deleted>false</deleted>
    <versionTs class="sql-timestamp">2021-05-10 22:28:28.182</versionTs>
    <lang>1</lang>
  </com.dotmarketing.portlets.contentlet.model.ContentletVersionInfo>
  <com.dotmarketing.portlets.contentlet.model.ContentletVersionInfo>
    <identifier>8a7d5e23-da1e-420a-b4f0-471e7da8ea2d</identifier>
    <liveInode>1b407535-67e3-4f21-ad00-8ef5ef492d64</liveInode>
    <workingInode>1b407535-67e3-4f21-ad00-8ef5ef492d64</workingInode>
    <lockedBy>dotcms.org.1</lockedBy>
    <lockedOn class="sql-timestamp">2020-04-20 20:28:30.733</lockedOn>
    <deleted>false</deleted>
    <versionTs class="sql-timestamp">2020-04-20 20:28:30.955</versionTs>
    <lang>1</lang>
  </com.dotmarketing.portlets.contentlet.model.ContentletVersionInfo>
  <com.dotmarketing.portlets.contentlet.model.ContentletVersionInfo>
    <identifier>8be1cb1e-9fd5-42ed-956e-016aa7a4b421</identifier>
    <liveInode>28acb739-f01c-4310-a4e2-c15d3e9939f9</liveInode>
    <workingInode>28acb739-f01c-4310-a4e2-c15d3e9939f9</workingInode>
    <lockedOn class="sql-timestamp">2020-08-18 18:46:54.331</lockedOn>
    <deleted>false</deleted>
    <versionTs class="sql-timestamp">2020-08-18 18:46:54.34</versionTs>
    <lang>1</lang>
  </com.dotmarketing.portlets.contentlet.model.ContentletVersionInfo>
  <com.dotmarketing.portlets.contentlet.model.ContentletVersionInfo>
    <identifier>90ec36f6-2aa2-4288-bfb1-bab0e152eadb</identifier>
    <liveInode>e6c32a8f-8dd9-44ad-ba96-2c82b7aebb1d</liveInode>
    <workingInode>e6c32a8f-8dd9-44ad-ba96-2c82b7aebb1d</workingInode>
    <lockedOn class="sql-timestamp">2020-07-10 20:18:28.031</lockedOn>
    <deleted>false</deleted>
    <versionTs class="sql-timestamp">2020-07-10 20:18:28.065</versionTs>
    <lang>1</lang>
  </com.dotmarketing.portlets.contentlet.model.ContentletVersionInfo>
  <com.dotmarketing.portlets.contentlet.model.ContentletVersionInfo>
    <identifier>956b7be9-c1a7-4244-8ae6-5390be4e4ce1</identifier>
    <workingInode>3ef7204c-e429-4d7c-bcd4-807548f4c18f</workingInode>
    <lockedOn class="sql-timestamp">2021-02-03 20:45:29.232</lockedOn>
    <deleted>false</deleted>
    <versionTs class="sql-timestamp">2021-02-03 20:45:29.232</versionTs>
    <lang>1</lang>
  </com.dotmarketing.portlets.contentlet.model.ContentletVersionInfo>
  <com.dotmarketing.portlets.contentlet.model.ContentletVersionInfo>
    <identifier>a6ecd157-ba05-4a2f-a946-76f7389c24e8</identifier>
    <liveInode>30577a8f-46bd-4d68-8452-03933e64d792</liveInode>
    <workingInode>30577a8f-46bd-4d68-8452-03933e64d792</workingInode>
    <lockedOn class="sql-timestamp">2021-05-11 00:06:26.952</lockedOn>
    <deleted>false</deleted>
    <versionTs class="sql-timestamp">2021-05-11 00:06:26.935</versionTs>
    <lang>1</lang>
  </com.dotmarketing.portlets.contentlet.model.ContentletVersionInfo>
  <com.dotmarketing.portlets.contentlet.model.ContentletVersionInfo>
    <identifier>a80f1031-d612-4197-badf-93f16be47d28</identifier>
    <liveInode>0af582b2-a922-490d-b751-b95f7c570625</liveInode>
    <workingInode>0af582b2-a922-490d-b751-b95f7c570625</workingInode>
    <lockedOn class="sql-timestamp">2021-05-10 21:42:11.41</lockedOn>
    <deleted>false</deleted>
    <versionTs class="sql-timestamp">2021-05-10 21:42:11.482</versionTs>
    <lang>1</lang>
  </com.dotmarketing.portlets.contentlet.model.ContentletVersionInfo>
  <com.dotmarketing.portlets.contentlet.model.ContentletVersionInfo>
    <identifier>b3eee8aa-f664-46a8-992a-f29915396fe4</identifier>
    <liveInode>b5884069-492d-4df5-8015-842bcab424c0</liveInode>
    <workingInode>b5884069-492d-4df5-8015-842bcab424c0</workingInode>
    <lockedOn class="sql-timestamp">2020-07-10 20:16:01.705</lockedOn>
    <deleted>false</deleted>
    <versionTs class="sql-timestamp">2020-07-10 20:16:01.778</versionTs>
    <lang>1</lang>
  </com.dotmarketing.portlets.contentlet.model.ContentletVersionInfo>
  <com.dotmarketing.portlets.contentlet.model.ContentletVersionInfo>
    <identifier>b91f2b4b-ac64-429e-8a58-5c3f8484a600</identifier>
    <liveInode>da3680a3-f2fb-4737-9173-81e632b83878</liveInode>
    <workingInode>da3680a3-f2fb-4737-9173-81e632b83878</workingInode>
    <lockedOn class="sql-timestamp">2020-08-18 23:27:32.214</lockedOn>
    <deleted>false</deleted>
    <versionTs class="sql-timestamp">2020-08-18 23:27:32.151</versionTs>
    <lang>1</lang>
  </com.dotmarketing.portlets.contentlet.model.ContentletVersionInfo>
  <com.dotmarketing.portlets.contentlet.model.ContentletVersionInfo>
    <identifier>bb97c0ce-b3d8-4e3d-aedd-2942053f47e5</identifier>
    <liveInode>bde6b4b1-e712-49ff-8b0e-48e7c7053a7b</liveInode>
    <workingInode>bde6b4b1-e712-49ff-8b0e-48e7c7053a7b</workingInode>
    <lockedOn class="sql-timestamp">2021-05-10 21:58:29.022</lockedOn>
    <deleted>false</deleted>
    <versionTs class="sql-timestamp">2021-05-10 22:28:27.426</versionTs>
    <lang>1</lang>
  </com.dotmarketing.portlets.contentlet.model.ContentletVersionInfo>
  <com.dotmarketing.portlets.contentlet.model.ContentletVersionInfo>
    <identifier>c3b07e83-07b9-454b-9c4e-64a323636a4a</identifier>
    <liveInode>130faaae-ab18-42ad-88bd-4793ed785818</liveInode>
    <workingInode>1161aacc-79f3-433f-a824-c1ba7632de5d</workingInode>
    <lockedOn class="sql-timestamp">2020-10-30 18:22:43.58</lockedOn>
    <deleted>false</deleted>
    <versionTs class="sql-timestamp">2020-10-30 18:22:43.524</versionTs>
    <lang>1</lang>
  </com.dotmarketing.portlets.contentlet.model.ContentletVersionInfo>
  <com.dotmarketing.portlets.contentlet.model.ContentletVersionInfo>
    <identifier>c885cdf0-83fe-42db-8d8e-88a6596c8c02</identifier>
    <liveInode>cf31fb3e-9ad6-43fe-904d-8f7ecc9a278a</liveInode>
    <workingInode>cf31fb3e-9ad6-43fe-904d-8f7ecc9a278a</workingInode>
    <lockedOn class="sql-timestamp">2020-10-30 18:20:03.539</lockedOn>
    <deleted>false</deleted>
    <versionTs class="sql-timestamp">2020-10-30 18:20:03.571</versionTs>
    <lang>1</lang>
  </com.dotmarketing.portlets.contentlet.model.ContentletVersionInfo>
  <com.dotmarketing.portlets.contentlet.model.ContentletVersionInfo>
    <identifier>c915ae81-ec49-4c8e-84ef-38ead5aa7fc1</identifier>
    <liveInode>b084a986-8551-4211-98a3-13caf5afa13c</liveInode>
    <workingInode>b084a986-8551-4211-98a3-13caf5afa13c</workingInode>
    <lockedOn class="sql-timestamp">2021-05-11 00:05:13.354</lockedOn>
    <deleted>false</deleted>
    <versionTs class="sql-timestamp">2021-05-11 00:05:13.34</versionTs>
    <lang>1</lang>
  </com.dotmarketing.portlets.contentlet.model.ContentletVersionInfo>
  <com.dotmarketing.portlets.contentlet.model.ContentletVersionInfo>
    <identifier>ca82b11a-e7b6-4734-bf41-9f0735b5cf65</identifier>
    <liveInode>9c7bdf4b-9407-4c5f-a361-6dd5d2668645</liveInode>
    <workingInode>9c7bdf4b-9407-4c5f-a361-6dd5d2668645</workingInode>
    <lockedOn class="sql-timestamp">2020-10-30 18:05:59.851</lockedOn>
    <deleted>false</deleted>
    <versionTs class="sql-timestamp">2020-10-30 18:06:00.719</versionTs>
    <lang>1</lang>
  </com.dotmarketing.portlets.contentlet.model.ContentletVersionInfo>
  <com.dotmarketing.portlets.contentlet.model.ContentletVersionInfo>
    <identifier>cc7364a8-66f2-4b49-b952-e9ac3c50d262</identifier>
    <liveInode>b54238bf-1d85-4ab7-80c7-cdb85d0643c6</liveInode>
    <workingInode>feccc642-0024-4ebe-85fd-1fd6f7432003</workingInode>
    <lockedOn class="sql-timestamp">2020-10-30 17:51:24.475</lockedOn>
    <deleted>false</deleted>
    <versionTs class="sql-timestamp">2020-10-30 17:51:24.232</versionTs>
    <lang>1</lang>
  </com.dotmarketing.portlets.contentlet.model.ContentletVersionInfo>
  <com.dotmarketing.portlets.contentlet.model.ContentletVersionInfo>
    <identifier>d365bbfc-8dca-4bab-a369-5d167eb71b88</identifier>
    <liveInode>17d36523-57af-462f-807d-56aacd1b01cb</liveInode>
    <workingInode>17d36523-57af-462f-807d-56aacd1b01cb</workingInode>
    <lockedOn class="sql-timestamp">2021-05-10 22:37:10.578</lockedOn>
    <deleted>false</deleted>
    <versionTs class="sql-timestamp">2021-05-10 22:37:10.621</versionTs>
    <lang>1</lang>
  </com.dotmarketing.portlets.contentlet.model.ContentletVersionInfo>
  <com.dotmarketing.portlets.contentlet.model.ContentletVersionInfo>
    <identifier>db465240-d2b0-4327-8cae-5c5f49515b50</identifier>
    <liveInode>2ad54c7c-8571-4ff4-bd6a-86d4b72107a7</liveInode>
    <workingInode>2ad54c7c-8571-4ff4-bd6a-86d4b72107a7</workingInode>
    <lockedOn class="sql-timestamp">2021-05-10 21:42:10.753</lockedOn>
    <deleted>false</deleted>
    <versionTs class="sql-timestamp">2021-05-10 21:42:10.877</versionTs>
    <lang>1</lang>
  </com.dotmarketing.portlets.contentlet.model.ContentletVersionInfo>
  <com.dotmarketing.portlets.contentlet.model.ContentletVersionInfo>
    <identifier>dcacf1ed-76ea-4d4b-9ba5-304335e30e24</identifier>
    <liveInode>822e33b8-df69-41b3-bfc6-987bae9856ef</liveInode>
    <workingInode>822e33b8-df69-41b3-bfc6-987bae9856ef</workingInode>
    <lockedOn class="sql-timestamp">2020-10-30 18:08:16.196</lockedOn>
    <deleted>false</deleted>
    <versionTs class="sql-timestamp">2020-10-30 18:08:16.326</versionTs>
    <lang>1</lang>
  </com.dotmarketing.portlets.contentlet.model.ContentletVersionInfo>
  <com.dotmarketing.portlets.contentlet.model.ContentletVersionInfo>
    <identifier>e7e48e4e-d919-41ad-9728-29e7aa991e4e</identifier>
    <liveInode>d21be025-611b-43ae-9a38-c1443b86d7e8</liveInode>
    <workingInode>d21be025-611b-43ae-9a38-c1443b86d7e8</workingInode>
    <lockedOn class="sql-timestamp">2021-05-10 21:58:29.15</lockedOn>
    <deleted>false</deleted>
    <versionTs class="sql-timestamp">2021-05-10 22:28:27.855</versionTs>
    <lang>1</lang>
  </com.dotmarketing.portlets.contentlet.model.ContentletVersionInfo>
  <com.dotmarketing.portlets.contentlet.model.ContentletVersionInfo>
    <identifier>ed88ee7d-5edb-4918-9891-43d91697c261</identifier>
    <liveInode>506e2454-f64f-457b-a4a3-5c1df0e8b9ff</liveInode>
    <workingInode>506e2454-f64f-457b-a4a3-5c1df0e8b9ff</workingInode>
    <lockedOn class="sql-timestamp">2020-10-30 18:18:59.88</lockedOn>
    <deleted>false</deleted>
    <versionTs class="sql-timestamp">2020-10-30 18:18:59.966</versionTs>
    <lang>1</lang>
  </com.dotmarketing.portlets.contentlet.model.ContentletVersionInfo>
  <com.dotmarketing.portlets.contentlet.model.ContentletVersionInfo>
    <identifier>ee46573e-9d27-4dbf-81f1-66e62e975c14</identifier>
    <liveInode>0f63a3fb-87e8-410c-8442-83a1c76680f8</liveInode>
    <workingInode>0f63a3fb-87e8-410c-8442-83a1c76680f8</workingInode>
    <lockedOn class="sql-timestamp">2020-10-30 18:19:16.268</lockedOn>
    <deleted>false</deleted>
    <versionTs class="sql-timestamp">2020-10-30 18:19:16.356</versionTs>
    <lang>1</lang>
  </com.dotmarketing.portlets.contentlet.model.ContentletVersionInfo>
  <com.dotmarketing.portlets.contentlet.model.ContentletVersionInfo>
    <identifier>f2b21f71-d02d-4755-8142-944a4040c139</identifier>
    <liveInode>30dbf96d-1c21-42d2-bfc2-fbc9a2d26149</liveInode>
    <workingInode>30dbf96d-1c21-42d2-bfc2-fbc9a2d26149</workingInode>
    <lockedOn class="sql-timestamp">2021-05-10 21:58:29.588</lockedOn>
    <deleted>false</deleted>
    <versionTs class="sql-timestamp">2021-05-10 22:28:28.274</versionTs>
    <lang>1</lang>
  </com.dotmarketing.portlets.contentlet.model.ContentletVersionInfo>
  <com.dotmarketing.portlets.contentlet.model.ContentletVersionInfo>
    <identifier>f3f4ebb6-5e85-4004-9c24-8b303bcdebd9</identifier>
    <liveInode>fea4e683-0b1e-40bd-bb95-7e7278c8797d</liveInode>
    <workingInode>fea4e683-0b1e-40bd-bb95-7e7278c8797d</workingInode>
    <lockedOn class="sql-timestamp">2020-10-30 18:07:43.695</lockedOn>
    <deleted>false</deleted>
    <versionTs class="sql-timestamp">2020-10-30 18:07:43.79</versionTs>
    <lang>1</lang>
  </com.dotmarketing.portlets.contentlet.model.ContentletVersionInfo>
  <com.dotmarketing.portlets.contentlet.model.ContentletVersionInfo>
    <identifier>SYSTEM_HOST</identifier>
    <liveInode>dbdec5e2-c02b-4cfb-83a9-4a4c4f3b2eb0</liveInode>
    <workingInode>dbdec5e2-c02b-4cfb-83a9-4a4c4f3b2eb0</workingInode>
    <lockedOn class="sql-timestamp">2012-06-07 09:46:26.0</lockedOn>
    <deleted>false</deleted>
    <versionTs class="sql-timestamp">2020-04-20 20:23:51.289</versionTs>
    <lang>1</lang>
  </com.dotmarketing.portlets.contentlet.model.ContentletVersionInfo>
</list>