<list>
  <com.dotmarketing.portlets.templates.model.TemplateVersionInfo>
    <identifier>0437d35d-4905-4c27-b3c0-dec9c9f5df27</identifier>
    <liveInode>2b47cea1-5b15-4645-ab39-82efd1105c61</liveInode>
    <workingInode>2b47cea1-5b15-4645-ab39-82efd1105c61</workingInode>
    <lockedBy>dotcms.org.1</lockedBy>
    <lockedOn class="sql-timestamp">2021-05-10 22:03:41.044</lockedOn>
    <deleted>false</deleted>
    <versionTs class="sql-timestamp">2021-05-10 22:03:31.606</versionTs>
  </com.dotmarketing.portlets.templates.model.TemplateVersionInfo>
  <com.dotmarketing.portlets.templates.model.TemplateVersionInfo>
    <identifier>299986d3-0b8c-4436-9cb3-5f72aa471ea1</identifier>
    <liveInode>a92f3f06-34be-4546-bbb1-bf3df469943d</liveInode>
    <workingInode>a92f3f06-34be-4546-bbb1-bf3df469943d</workingInode>
    <lockedBy>dotcms.org.1</lockedBy>
    <lockedOn class="sql-timestamp">2021-05-10 22:53:29.121</lockedOn>
    <deleted>false</deleted>
    <versionTs class="sql-timestamp">2021-05-10 22:53:27.556</versionTs>
  </com.dotmarketing.portlets.templates.model.TemplateVersionInfo>
  <com.dotmarketing.portlets.templates.model.TemplateVersionInfo>
    <identifier>bddbec47-5a2b-40e8-b127-aec453976d0f</identifier>
    <liveInode>b84a8b34-a582-4afd-b91e-472a45d999bf</liveInode>
    <workingInode>b84a8b34-a582-4afd-b91e-472a45d999bf</workingInode>
    <lockedOn class="sql-timestamp">2021-05-10 23:01:30.678</lockedOn>
    <deleted>false</deleted>
    <versionTs class="sql-timestamp">2021-05-10 23:01:53.068</versionTs>
  </com.dotmarketing.portlets.templates.model.TemplateVersionInfo>
</list>