<list>
  <com.dotmarketing.beans.ContainerStructure>
    <id>28901e31-e882-4ac6-9c45-fe61911bbfed</id>
    <structureId>2a3e91e4-fbbf-4876-8c5b-2233c1739b05</structureId>
    <containerInode>79c6625c-10f5-4a36-95e0-7d352da54a18</containerInode>
    <containerId>46692a75-2724-4992-964f-7389f7e8e010</containerId>
    <code>$!{body}</code>
  </com.dotmarketing.beans.ContainerStructure>
  <com.dotmarketing.beans.ContainerStructure>
    <id>31e91295-66c0-4896-88bb-55598a601f0f</id>
    <structureId>d99537a1-f661-4b68-9e12-07b23a14363c</structureId>
    <containerInode>dffffacc-a5c9-4fd8-a6c4-721b6be15290</containerInode>
    <containerId>46692a75-2724-4992-964f-7389f7e8e010</containerId>
    <code>$!{body}</code>
  </com.dotmarketing.beans.ContainerStructure>
  <com.dotmarketing.beans.ContainerStructure>
    <id>640ed48d-25c7-4775-a74c-30f8d06fb982</id>
    <structureId>2a3e91e4-fbbf-4876-8c5b-2233c1739b05</structureId>
    <containerInode>dffffacc-a5c9-4fd8-a6c4-721b6be15290</containerInode>
    <containerId>46692a75-2724-4992-964f-7389f7e8e010</containerId>
    <code>$!{body}</code>
  </com.dotmarketing.beans.ContainerStructure>
  <com.dotmarketing.beans.ContainerStructure>
    <id>94bffc42-b7f5-4c1b-a943-7fdc1fee390c</id>
    <structureId>a0ba0feb-440e-4881-8275-91f312bedb32</structureId>
    <containerInode>1532eeb2-971a-47ec-b2b3-a9a85cf8beaf</containerInode>
    <containerId>46692a75-2724-4992-964f-7389f7e8e010</containerId>
    <code>$!{title}</code>
  </com.dotmarketing.beans.ContainerStructure>
  <com.dotmarketing.beans.ContainerStructure>
    <id>9b2f6a65-bdba-4773-b9dc-32486c3af776</id>
    <structureId>2a3e91e4-fbbf-4876-8c5b-2233c1739b05</structureId>
    <containerInode>8b9cc2a5-ecc9-42db-8794-754814dd6c81</containerInode>
    <containerId>46692a75-2724-4992-964f-7389f7e8e010</containerId>
    <code>$!{body}</code>
  </com.dotmarketing.beans.ContainerStructure>
  <com.dotmarketing.beans.ContainerStructure>
    <id>abb67e28-e870-4d5a-9502-ffb68d92bec7</id>
    <structureId>a0ba0feb-440e-4881-8275-91f312bedb32</structureId>
    <containerInode>c4bb3344-4949-4983-b69b-d59d73c51e1d</containerInode>
    <containerId>46692a75-2724-4992-964f-7389f7e8e010</containerId>
    <code>$!{title}</code>
  </com.dotmarketing.beans.ContainerStructure>
  <com.dotmarketing.beans.ContainerStructure>
    <id>ae19a0d4-d881-4155-ae77-d627a5e5d689</id>
    <structureId>a0ba0feb-440e-4881-8275-91f312bedb32</structureId>
    <containerInode>8b9cc2a5-ecc9-42db-8794-754814dd6c81</containerInode>
    <containerId>46692a75-2724-4992-964f-7389f7e8e010</containerId>
    <code>$!{title}</code>
  </com.dotmarketing.beans.ContainerStructure>
  <com.dotmarketing.beans.ContainerStructure>
    <id>c29f8e9e-6865-4092-95c8-7fbbe35f338a</id>
    <structureId>2a3e91e4-fbbf-4876-8c5b-2233c1739b05</structureId>
    <containerInode>1532eeb2-971a-47ec-b2b3-a9a85cf8beaf</containerInode>
    <containerId>46692a75-2724-4992-964f-7389f7e8e010</containerId>
    <code>$!{body}</code>
  </com.dotmarketing.beans.ContainerStructure>
  <com.dotmarketing.beans.ContainerStructure>
    <id>d6db419c-7279-49c7-98b9-0650d472a2eb</id>
    <structureId>2a3e91e4-fbbf-4876-8c5b-2233c1739b05</structureId>
    <containerInode>e5b9251f-e571-4ec8-a6c4-20db9e8378f7</containerInode>
    <containerId>46692a75-2724-4992-964f-7389f7e8e010</containerId>
    <code>$!{body}</code>
  </com.dotmarketing.beans.ContainerStructure>
  <com.dotmarketing.beans.ContainerStructure>
    <id>e8b1b381-8c37-44c5-9ac4-ccb0fd3cb93e</id>
    <structureId>a0ba0feb-440e-4881-8275-91f312bedb32</structureId>
    <containerInode>e5b9251f-e571-4ec8-a6c4-20db9e8378f7</containerInode>
    <containerId>46692a75-2724-4992-964f-7389f7e8e010</containerId>
    <code>$!{title}</code>
  </com.dotmarketing.beans.ContainerStructure>
  <com.dotmarketing.beans.ContainerStructure>
    <id>f3f6b2f3-7a33-43ff-a4c4-ae8d8fc3d48d</id>
    <structureId>a0ba0feb-440e-4881-8275-91f312bedb32</structureId>
    <containerInode>79c6625c-10f5-4a36-95e0-7d352da54a18</containerInode>
    <containerId>46692a75-2724-4992-964f-7389f7e8e010</containerId>
    <code>$!{title}</code>
  </com.dotmarketing.beans.ContainerStructure>
  <com.dotmarketing.beans.ContainerStructure>
    <id>fd0d8611-a75b-425a-a648-38d87a6eca62</id>
    <structureId>2a3e91e4-fbbf-4876-8c5b-2233c1739b05</structureId>
    <containerInode>c4bb3344-4949-4983-b69b-d59d73c51e1d</containerInode>
    <containerId>46692a75-2724-4992-964f-7389f7e8e010</containerId>
    <code>$!{body}</code>
  </com.dotmarketing.beans.ContainerStructure>
</list>