<list>
  <com.dotmarketing.portlets.folders.model.Folder>
    <iDate class="sql-timestamp">2021-05-10 22:28:17.32</iDate>
    <type>folder</type>
    <owner></owner>
    <inode>eb28b820-9e27-462f-95a8-ca933c4d4af1</inode>
    <identifier>6ccc5d63-8e0e-4fb6-8888-3051adb4ca4e</identifier>
    <name>themes</name>
    <sortOrder>0</sortOrder>
    <showOnMenu>false</showOnMenu>
    <hostId>8a7d5e23-da1e-420a-b4f0-471e7da8ea2d</hostId>
    <title>themes</title>
    <filesMasks></filesMasks>
    <defaultFileType>33888b6f-7a8e-4069-b1b6-5c1aa9d0a48d</defaultFileType>
    <modDate class="sql-timestamp">2021-05-10 22:28:21.71</modDate>
  </com.dotmarketing.portlets.folders.model.Folder>
  <com.dotmarketing.portlets.folders.model.Folder>
    <iDate class="sql-timestamp">2021-05-10 21:58:28.937</iDate>
    <type>folder</type>
    <owner></owner>
    <inode>3775692d-0501-4ce4-b706-73510c96bdbf</inode>
    <identifier>0ed100bc-c068-428e-8269-e9e03460a361</identifier>
    <name>css</name>
    <sortOrder>0</sortOrder>
    <showOnMenu>false</showOnMenu>
    <hostId>8a7d5e23-da1e-420a-b4f0-471e7da8ea2d</hostId>
    <title>css</title>
    <filesMasks></filesMasks>
    <defaultFileType>33888b6f-7a8e-4069-b1b6-5c1aa9d0a48d</defaultFileType>
    <modDate class="sql-timestamp">2021-05-10 22:28:28.45</modDate>
  </com.dotmarketing.portlets.folders.model.Folder>
  <com.dotmarketing.portlets.folders.model.Folder>
    <iDate class="sql-timestamp">2021-05-10 21:58:28.819</iDate>
    <type>folder</type>
    <owner></owner>
    <inode>e59182be-ec42-4484-8539-332f27765349</inode>
    <identifier>bcbdb3ed-3160-45f6-9c63-948389e7dee7</identifier>
    <name>theme1</name>
    <sortOrder>0</sortOrder>
    <showOnMenu>false</showOnMenu>
    <hostId>8a7d5e23-da1e-420a-b4f0-471e7da8ea2d</hostId>
    <title>theme1</title>
    <filesMasks></filesMasks>
    <defaultFileType>33888b6f-7a8e-4069-b1b6-5c1aa9d0a48d</defaultFileType>
    <modDate class="sql-timestamp">2021-05-10 22:28:28.454</modDate>
  </com.dotmarketing.portlets.folders.model.Folder>
  <com.dotmarketing.portlets.folders.model.Folder>
    <iDate class="sql-timestamp">2021-05-10 21:18:01.634</iDate>
    <type>folder</type>
    <owner>dotcms.org.1</owner>
    <inode>e89160ac-e61a-419f-888b-a75119ec1852</inode>
    <identifier>be19c6e6-41bb-4e93-8aeb-fbe0d35b9836</identifier>
    <name>default</name>
    <sortOrder>0</sortOrder>
    <showOnMenu>false</showOnMenu>
    <hostId>8a7d5e23-da1e-420a-b4f0-471e7da8ea2d</hostId>
    <title>default</title>
    <filesMasks></filesMasks>
    <defaultFileType>33888b6f-7a8e-4069-b1b6-5c1aa9d0a48d</defaultFileType>
    <modDate class="sql-timestamp">2021-05-10 21:18:01.639</modDate>
  </com.dotmarketing.portlets.folders.model.Folder>
  <com.dotmarketing.portlets.folders.model.Folder>
    <iDate class="sql-timestamp">2021-05-10 21:17:40.307</iDate>
    <type>folder</type>
    <owner>dotcms.org.1</owner>
    <inode>2104a9a6-cef7-4346-8af1-a0071fc774b4</inode>
    <identifier>5de8ec6f-739e-48bb-9d5e-6e649da0deff</identifier>
    <name>containers</name>
    <sortOrder>0</sortOrder>
    <showOnMenu>false</showOnMenu>
    <hostId>8a7d5e23-da1e-420a-b4f0-471e7da8ea2d</hostId>
    <title>containers</title>
    <filesMasks></filesMasks>
    <defaultFileType>33888b6f-7a8e-4069-b1b6-5c1aa9d0a48d</defaultFileType>
    <modDate class="sql-timestamp">2021-05-10 21:17:40.313</modDate>
  </com.dotmarketing.portlets.folders.model.Folder>
  <com.dotmarketing.portlets.folders.model.Folder>
    <iDate class="sql-timestamp">2021-05-10 21:17:26.63</iDate>
    <type>folder</type>
    <owner>dotcms.org.1</owner>
    <inode>9011dd4e-75be-46b5-aaa0-31d374184b0f</inode>
    <identifier>42aa92b6-feef-4a40-be54-541c4af7bcc1</identifier>
    <name>application</name>
    <sortOrder>0</sortOrder>
    <showOnMenu>false</showOnMenu>
    <hostId>8a7d5e23-da1e-420a-b4f0-471e7da8ea2d</hostId>
    <title>application</title>
    <filesMasks></filesMasks>
    <defaultFileType>33888b6f-7a8e-4069-b1b6-5c1aa9d0a48d</defaultFileType>
    <modDate class="sql-timestamp">2021-05-10 21:17:26.639</modDate>
  </com.dotmarketing.portlets.folders.model.Folder>
  <com.dotmarketing.portlets.folders.model.Folder>
    <iDate class="sql-timestamp">2020-10-30 18:18:40.231</iDate>
    <type>folder</type>
    <owner>dotcms.org.1</owner>
    <inode>ef1367dd-d484-4283-9abe-18cf5a9b7b33</inode>
    <identifier>993c3b7e-eeb4-4da2-b59d-9402d58d1941</identifier>
    <name>Documents</name>
    <sortOrder>0</sortOrder>
    <showOnMenu>false</showOnMenu>
    <hostId>b91f2b4b-ac64-429e-8a58-5c3f8484a600</hostId>
    <title>Documents</title>
    <filesMasks></filesMasks>
    <defaultFileType>33888b6f-7a8e-4069-b1b6-5c1aa9d0a48d</defaultFileType>
    <modDate class="sql-timestamp">2020-10-30 18:18:40.237</modDate>
  </com.dotmarketing.portlets.folders.model.Folder>
  <com.dotmarketing.portlets.folders.model.Folder>
    <iDate class="sql-timestamp">2020-10-30 17:53:11.201</iDate>
    <type>folder</type>
    <owner>dotcms.org.1</owner>
    <inode>34224e46-429a-4add-afee-fd88b0afe331</inode>
    <identifier>8a9cf0e2-7669-4a2e-869a-e0944d44a706</identifier>
    <name>Documents</name>
    <sortOrder>0</sortOrder>
    <showOnMenu>false</showOnMenu>
    <hostId>8a7d5e23-da1e-420a-b4f0-471e7da8ea2d</hostId>
    <title>Documents</title>
    <filesMasks></filesMasks>
    <defaultFileType>33888b6f-7a8e-4069-b1b6-5c1aa9d0a48d</defaultFileType>
    <modDate class="sql-timestamp">2020-10-30 17:53:11.224</modDate>
  </com.dotmarketing.portlets.folders.model.Folder>
  <com.dotmarketing.portlets.folders.model.Folder>
    <iDate class="sql-timestamp">2020-07-10 20:15:30.96</iDate>
    <type>folder</type>
    <owner>dotcms.org.1</owner>
    <inode>70754d10-4518-4ee3-9829-a1e9add41513</inode>
    <identifier>5231981a-9f47-4bc0-8588-c05d6f281be7</identifier>
    <name>folder2</name>
    <sortOrder>0</sortOrder>
    <showOnMenu>false</showOnMenu>
    <hostId>8a7d5e23-da1e-420a-b4f0-471e7da8ea2d</hostId>
    <title>folder2</title>
    <filesMasks></filesMasks>
    <defaultFileType>33888b6f-7a8e-4069-b1b6-5c1aa9d0a48d</defaultFileType>
    <modDate class="sql-timestamp">2020-07-10 20:15:30.964</modDate>
  </com.dotmarketing.portlets.folders.model.Folder>
  <com.dotmarketing.portlets.folders.model.Folder>
    <iDate class="sql-timestamp">2020-07-10 20:15:20.433</iDate>
    <type>folder</type>
    <owner>dotcms.org.1</owner>
    <inode>83ba72d6-2365-4e7c-983d-22e8ed388373</inode>
    <identifier>d4857d80-075e-4a9a-856f-b54965fefa07</identifier>
    <name>folder1</name>
    <sortOrder>0</sortOrder>
    <showOnMenu>false</showOnMenu>
    <hostId>8a7d5e23-da1e-420a-b4f0-471e7da8ea2d</hostId>
    <title>folder1</title>
    <filesMasks></filesMasks>
    <defaultFileType>33888b6f-7a8e-4069-b1b6-5c1aa9d0a48d</defaultFileType>
    <modDate class="sql-timestamp">2020-07-10 20:15:20.451</modDate>
  </com.dotmarketing.portlets.folders.model.Folder>
  <com.dotmarketing.portlets.folders.model.Folder>
    <iDate class="sql-timestamp">2009-10-08 16:27:18.0</iDate>
    <type>folder</type>
    <owner>system</owner>
    <inode>SYSTEM_FOLDER</inode>
    <identifier>bc9a1d37-dd2d-4d49-a29d-0c9be740bfaf</identifier>
    <name>system folder</name>
    <sortOrder>0</sortOrder>
    <showOnMenu>false</showOnMenu>
    <hostId>SYSTEM_HOST</hostId>
    <title>System folder</title>
    <filesMasks></filesMasks>
    <defaultFileType>33888b6f-7a8e-4069-b1b6-5c1aa9d0a48d</defaultFileType>
    <modDate class="sql-timestamp">2017-03-07 13:25:58.0</modDate>
  </com.dotmarketing.portlets.folders.model.Folder>
</list>