<list>
  <com.dotmarketing.portlets.containers.model.ContainerVersionInfo>
    <identifier>46692a75-2724-4992-964f-7389f7e8e010</identifier>
    <liveInode>dffffacc-a5c9-4fd8-a6c4-721b6be15290</liveInode>
    <workingInode>dffffacc-a5c9-4fd8-a6c4-721b6be15290</workingInode>
    <lockedBy>dotcms.org.1</lockedBy>
    <lockedOn class="sql-timestamp">2021-05-10 22:37:58.304</lockedOn>
    <deleted>false</deleted>
    <versionTs class="sql-timestamp">2021-05-10 22:35:03.86</versionTs>
  </com.dotmarketing.portlets.containers.model.ContainerVersionInfo>
</list>