<list>
  <com.dotmarketing.plugin.model.Plugin>
    <id>com.dotcms.category.fix</id>
    <pluginName>dotCMS import starter fix plugin</pluginName>
    <pluginVersion>1.0</pluginVersion>
    <author>dotCMS</author>
    <firstDeployedDate class="sql-timestamp">2021-05-10 23:23:18.752</firstDeployedDate>
    <lastDeployedDate class="sql-timestamp">2021-05-10 23:23:18.752</lastDeployedDate>
  </com.dotmarketing.plugin.model.Plugin>
  <com.dotmarketing.plugin.model.Plugin>
    <id>com.dotcms.config</id>
    <pluginName>dotCMS Config</pluginName>
    <pluginVersion>1.0</pluginVersion>
    <author>dotCMS</author>
    <firstDeployedDate class="sql-timestamp">2021-05-10 23:23:18.762</firstDeployedDate>
    <lastDeployedDate class="sql-timestamp">2021-05-10 23:23:18.762</lastDeployedDate>
  </com.dotmarketing.plugin.model.Plugin>
  <com.dotmarketing.plugin.model.Plugin>
    <id>com.motiv.cacheBuster</id>
    <pluginName>dotCMS Config</pluginName>
    <pluginVersion>1.0</pluginVersion>
    <author>dotCMS</author>
    <firstDeployedDate class="sql-timestamp">2021-05-10 23:23:18.769</firstDeployedDate>
    <lastDeployedDate class="sql-timestamp">2021-05-10 23:23:18.769</lastDeployedDate>
  </com.dotmarketing.plugin.model.Plugin>
</list>