<list>
  <com.dotmarketing.plugin.model.Plugin>
    <id>com.dotcms.category.fix</id>
    <pluginName>dotCMS import starter fix plugin</pluginName>
    <pluginVersion>1.0</pluginVersion>
    <author>dotCMS</author>
    <firstDeployedDate class="sql-timestamp">2021-05-10 19:54:58.831</firstDeployedDate>
    <lastDeployedDate class="sql-timestamp">2021-05-10 19:54:58.831</lastDeployedDate>
  </com.dotmarketing.plugin.model.Plugin>
  <com.dotmarketing.plugin.model.Plugin>
    <id>com.dotcms.config</id>
    <pluginName>dotCMS Config</pluginName>
    <pluginVersion>1.0</pluginVersion>
    <author>dotCMS</author>
    <firstDeployedDate class="sql-timestamp">2021-05-10 19:54:58.84</firstDeployedDate>
    <lastDeployedDate class="sql-timestamp">2021-05-10 19:54:58.84</lastDeployedDate>
  </com.dotmarketing.plugin.model.Plugin>
  <com.dotmarketing.plugin.model.Plugin>
    <id>com.motiv.cacheBuster</id>
    <pluginName>dotCMS Config</pluginName>
    <pluginVersion>1.0</pluginVersion>
    <author>dotCMS</author>
    <firstDeployedDate class="sql-timestamp">2021-05-10 19:54:58.844</firstDeployedDate>
    <lastDeployedDate class="sql-timestamp">2021-05-10 19:54:58.844</lastDeployedDate>
  </com.dotmarketing.plugin.model.Plugin>
</list>