<list>
  <com.dotmarketing.plugin.model.Plugin>
    <id>com.dotcms.category.fix</id>
    <pluginName>dotCMS import starter fix plugin</pluginName>
    <pluginVersion>1.0</pluginVersion>
    <author>dotCMS</author>
    <firstDeployedDate class="sql-timestamp">2021-05-11 01:39:53.604</firstDeployedDate>
    <lastDeployedDate class="sql-timestamp">2021-05-11 01:39:53.604</lastDeployedDate>
  </com.dotmarketing.plugin.model.Plugin>
  <com.dotmarketing.plugin.model.Plugin>
    <id>com.dotcms.config</id>
    <pluginName>dotCMS Config</pluginName>
    <pluginVersion>1.0</pluginVersion>
    <author>dotCMS</author>
    <firstDeployedDate class="sql-timestamp">2021-05-11 01:39:53.611</firstDeployedDate>
    <lastDeployedDate class="sql-timestamp">2021-05-11 01:39:53.611</lastDeployedDate>
  </com.dotmarketing.plugin.model.Plugin>
  <com.dotmarketing.plugin.model.Plugin>
    <id>com.motiv.cacheBuster</id>
    <pluginName>dotCMS Config</pluginName>
    <pluginVersion>1.0</pluginVersion>
    <author>dotCMS</author>
    <firstDeployedDate class="sql-timestamp">2021-05-11 01:39:53.614</firstDeployedDate>
    <lastDeployedDate class="sql-timestamp">2021-05-11 01:39:53.614</lastDeployedDate>
  </com.dotmarketing.plugin.model.Plugin>
</list>