<list>
  <com.dotmarketing.beans.Identifier>
    <id>051158a0-f6ff-4615-af20-284ce11b2fbc</id>
    <assetName>content.3d71f3b6-cb32-4e40-8dbb-0ceffefbda72</assetName>
    <assetType>contentlet</assetType>
    <parentPath>/</parentPath>
    <hostId>8a7d5e23-da1e-420a-b4f0-471e7da8ea2d</hostId>
  </com.dotmarketing.beans.Identifier>
  <com.dotmarketing.beans.Identifier>
    <id>0fc6e972-b808-4790-aa70-1c474e3e33b5</id>
    <assetName>content.860af880-88ca-4718-ae8a-b3783996ffe9</assetName>
    <assetType>contentlet</assetType>
    <parentPath>/</parentPath>
    <hostId>8a7d5e23-da1e-420a-b4f0-471e7da8ea2d</hostId>
  </com.dotmarketing.beans.Identifier>
  <com.dotmarketing.beans.Identifier>
    <id>1b927236-4857-4763-8ef8-ab36e437fbec</id>
    <assetName>content.e631badb-0867-4471-ab39-26e1f16c6ed1</assetName>
    <assetType>contentlet</assetType>
    <parentPath>/</parentPath>
    <hostId>b91f2b4b-ac64-429e-8a58-5c3f8484a600</hostId>
  </com.dotmarketing.beans.Identifier>
  <com.dotmarketing.beans.Identifier>
    <id>35891a5a-d1fc-4ccd-9f49-8cb3b4219ebf</id>
    <assetName>content.3bbe6f7f-91b6-419c-9e6a-258f95f5272c</assetName>
    <assetType>contentlet</assetType>
    <parentPath>/</parentPath>
    <hostId>8a7d5e23-da1e-420a-b4f0-471e7da8ea2d</hostId>
  </com.dotmarketing.beans.Identifier>
  <com.dotmarketing.beans.Identifier>
    <id>43c595da-591d-445f-a7fa-10955bb41221</id>
    <assetName>content.778299d1-7059-4b55-8ad5-e318364542db</assetName>
    <assetType>contentlet</assetType>
    <parentPath>/</parentPath>
    <hostId>8a7d5e23-da1e-420a-b4f0-471e7da8ea2d</hostId>
  </com.dotmarketing.beans.Identifier>
  <com.dotmarketing.beans.Identifier>
    <id>4413bcd7-4aed-490f-9dc0-fd6739e329c2</id>
    <assetName>golang2.png</assetName>
    <assetType>contentlet</assetType>
    <parentPath>/</parentPath>
    <hostId>8a7d5e23-da1e-420a-b4f0-471e7da8ea2d</hostId>
  </com.dotmarketing.beans.Identifier>
  <com.dotmarketing.beans.Identifier>
    <id>4bae2fbe-7ab3-4b44-a196-1bd444b42eda</id>
    <assetName>content.936162bd-d3b1-4b13-ac76-1dcdf4ecef55</assetName>
    <assetType>contentlet</assetType>
    <parentPath>/</parentPath>
    <hostId>SYSTEM_HOST</hostId>
  </com.dotmarketing.beans.Identifier>
  <com.dotmarketing.beans.Identifier>
    <id>5c76824e-343f-4cef-a41a-e699710e8cdb</id>
    <assetName>content.03961e60-dd06-486a-be75-4efde8def849</assetName>
    <assetType>contentlet</assetType>
    <parentPath>/</parentPath>
    <hostId>8a7d5e23-da1e-420a-b4f0-471e7da8ea2d</hostId>
  </com.dotmarketing.beans.Identifier>
  <com.dotmarketing.beans.Identifier>
    <id>5fe89979-00dd-44db-a866-03840c325e3f</id>
    <assetName>content.c81351fc-74e6-4f73-852d-3c2b757fa93f</assetName>
    <assetType>contentlet</assetType>
    <parentPath>/</parentPath>
    <hostId>8a7d5e23-da1e-420a-b4f0-471e7da8ea2d</hostId>
  </com.dotmarketing.beans.Identifier>
  <com.dotmarketing.beans.Identifier>
    <id>7a4feb4e-6cd1-4f9c-b2f2-344022a4ef96</id>
    <assetName>content.8c9e8c46-7743-4135-86fa-be84c5e7baa9</assetName>
    <assetType>contentlet</assetType>
    <parentPath>/</parentPath>
    <hostId>8a7d5e23-da1e-420a-b4f0-471e7da8ea2d</hostId>
  </com.dotmarketing.beans.Identifier>
  <com.dotmarketing.beans.Identifier>
    <id>7b1abffa-cf87-403f-8348-fd3e652efe2b</id>
    <assetName>content.58d838be-400b-4184-9c22-bc253f515a86</assetName>
    <assetType>contentlet</assetType>
    <parentPath>/</parentPath>
    <hostId>8a7d5e23-da1e-420a-b4f0-471e7da8ea2d</hostId>
  </com.dotmarketing.beans.Identifier>
  <com.dotmarketing.beans.Identifier>
    <id>839092c6-d26a-46d3-a641-57bfc5237c64</id>
    <assetName>content.b4b620fc-f8eb-42b9-bd67-cc75d83017f7</assetName>
    <assetType>contentlet</assetType>
    <parentPath>/</parentPath>
    <hostId>8a7d5e23-da1e-420a-b4f0-471e7da8ea2d</hostId>
  </com.dotmarketing.beans.Identifier>
  <com.dotmarketing.beans.Identifier>
    <id>8a7d5e23-da1e-420a-b4f0-471e7da8ea2d</id>
    <assetName>content.ff462f88-d9e1-4d31-b084-b73cb61976d3</assetName>
    <assetType>contentlet</assetType>
    <parentPath>/</parentPath>
    <hostId>SYSTEM_HOST</hostId>
  </com.dotmarketing.beans.Identifier>
  <com.dotmarketing.beans.Identifier>
    <id>8a9cf0e2-7669-4a2e-869a-e0944d44a706</id>
    <assetName>Documents</assetName>
    <assetType>folder</assetType>
    <parentPath>/</parentPath>
    <hostId>8a7d5e23-da1e-420a-b4f0-471e7da8ea2d</hostId>
  </com.dotmarketing.beans.Identifier>
  <com.dotmarketing.beans.Identifier>
    <id>8be1cb1e-9fd5-42ed-956e-016aa7a4b421</id>
    <assetName>content.28acb739-f01c-4310-a4e2-c15d3e9939f9</assetName>
    <assetType>contentlet</assetType>
    <parentPath>/</parentPath>
    <hostId>b91f2b4b-ac64-429e-8a58-5c3f8484a600</hostId>
  </com.dotmarketing.beans.Identifier>
  <com.dotmarketing.beans.Identifier>
    <id>90ec36f6-2aa2-4288-bfb1-bab0e152eadb</id>
    <assetName>content.e6c32a8f-8dd9-44ad-ba96-2c82b7aebb1d</assetName>
    <assetType>contentlet</assetType>
    <parentPath>/</parentPath>
    <hostId>8a7d5e23-da1e-420a-b4f0-471e7da8ea2d</hostId>
  </com.dotmarketing.beans.Identifier>
  <com.dotmarketing.beans.Identifier>
    <id>993c3b7e-eeb4-4da2-b59d-9402d58d1941</id>
    <assetName>Documents</assetName>
    <assetType>folder</assetType>
    <parentPath>/</parentPath>
    <hostId>b91f2b4b-ac64-429e-8a58-5c3f8484a600</hostId>
  </com.dotmarketing.beans.Identifier>
  <com.dotmarketing.beans.Identifier>
    <id>b91f2b4b-ac64-429e-8a58-5c3f8484a600</id>
    <assetName>content.919ec2be-4eb4-4a25-8156-4c086af4ae03</assetName>
    <assetType>contentlet</assetType>
    <parentPath>/</parentPath>
    <hostId>SYSTEM_HOST</hostId>
  </com.dotmarketing.beans.Identifier>
  <com.dotmarketing.beans.Identifier>
    <id>c3b07e83-07b9-454b-9c4e-64a323636a4a</id>
    <assetName>content.130faaae-ab18-42ad-88bd-4793ed785818</assetName>
    <assetType>contentlet</assetType>
    <parentPath>/</parentPath>
    <hostId>8a7d5e23-da1e-420a-b4f0-471e7da8ea2d</hostId>
  </com.dotmarketing.beans.Identifier>
  <com.dotmarketing.beans.Identifier>
    <id>c885cdf0-83fe-42db-8d8e-88a6596c8c02</id>
    <assetName>content.cf31fb3e-9ad6-43fe-904d-8f7ecc9a278a</assetName>
    <assetType>contentlet</assetType>
    <parentPath>/</parentPath>
    <hostId>8a7d5e23-da1e-420a-b4f0-471e7da8ea2d</hostId>
  </com.dotmarketing.beans.Identifier>
  <com.dotmarketing.beans.Identifier>
    <id>cc7364a8-66f2-4b49-b952-e9ac3c50d262</id>
    <assetName>golang1.png</assetName>
    <assetType>contentlet</assetType>
    <parentPath>/</parentPath>
    <hostId>8a7d5e23-da1e-420a-b4f0-471e7da8ea2d</hostId>
  </com.dotmarketing.beans.Identifier>
  <com.dotmarketing.beans.Identifier>
    <id>d4857d80-075e-4a9a-856f-b54965fefa07</id>
    <assetName>folder1</assetName>
    <assetType>folder</assetType>
    <parentPath>/</parentPath>
    <hostId>8a7d5e23-da1e-420a-b4f0-471e7da8ea2d</hostId>
  </com.dotmarketing.beans.Identifier>
  <com.dotmarketing.beans.Identifier>
    <id>ed2b3802-0d70-46ff-8cdb-ba5a2a1dc907</id>
    <assetName>content.7d645a36-1e1e-4d4b-b88b-a1822a360bfc</assetName>
    <assetType>contentlet</assetType>
    <parentPath>/</parentPath>
    <hostId>8a7d5e23-da1e-420a-b4f0-471e7da8ea2d</hostId>
  </com.dotmarketing.beans.Identifier>
  <com.dotmarketing.beans.Identifier>
    <id>SYSTEM_HOST</id>
    <assetName>system host</assetName>
    <assetType>contentlet</assetType>
    <parentPath>/</parentPath>
    <hostId>SYSTEM_HOST</hostId>
  </com.dotmarketing.beans.Identifier>
  <com.dotmarketing.beans.Identifier>
    <id>1e728d47-ab3e-47e3-92ad-99b1683b8d44</id>
    <assetName>regular-expressions-cheat-sheet-v2.pdf</assetName>
    <assetType>contentlet</assetType>
    <parentPath>/Documents/</parentPath>
    <hostId>8a7d5e23-da1e-420a-b4f0-471e7da8ea2d</hostId>
  </com.dotmarketing.beans.Identifier>
  <com.dotmarketing.beans.Identifier>
    <id>ca82b11a-e7b6-4734-bf41-9f0735b5cf65</id>
    <assetName>design-pattern-scard.pdf</assetName>
    <assetType>contentlet</assetType>
    <parentPath>/Documents/</parentPath>
    <hostId>8a7d5e23-da1e-420a-b4f0-471e7da8ea2d</hostId>
  </com.dotmarketing.beans.Identifier>
  <com.dotmarketing.beans.Identifier>
    <id>dcacf1ed-76ea-4d4b-9ba5-304335e30e24</id>
    <assetName>img4.jpg</assetName>
    <assetType>contentlet</assetType>
    <parentPath>/Documents/</parentPath>
    <hostId>8a7d5e23-da1e-420a-b4f0-471e7da8ea2d</hostId>
  </com.dotmarketing.beans.Identifier>
  <com.dotmarketing.beans.Identifier>
    <id>ed88ee7d-5edb-4918-9891-43d91697c261</id>
    <assetName>img1.jpg</assetName>
    <assetType>contentlet</assetType>
    <parentPath>/Documents/</parentPath>
    <hostId>b91f2b4b-ac64-429e-8a58-5c3f8484a600</hostId>
  </com.dotmarketing.beans.Identifier>
  <com.dotmarketing.beans.Identifier>
    <id>ee46573e-9d27-4dbf-81f1-66e62e975c14</id>
    <assetName>img2.jpg</assetName>
    <assetType>contentlet</assetType>
    <parentPath>/Documents/</parentPath>
    <hostId>b91f2b4b-ac64-429e-8a58-5c3f8484a600</hostId>
  </com.dotmarketing.beans.Identifier>
  <com.dotmarketing.beans.Identifier>
    <id>f3f4ebb6-5e85-4004-9c24-8b303bcdebd9</id>
    <assetName>500x300_OilPaintingBlue_e27a82175763469c96a7fb20a36fe23b.jpg</assetName>
    <assetType>contentlet</assetType>
    <parentPath>/Documents/</parentPath>
    <hostId>8a7d5e23-da1e-420a-b4f0-471e7da8ea2d</hostId>
  </com.dotmarketing.beans.Identifier>
  <com.dotmarketing.beans.Identifier>
    <id>37996e78-c97e-4b94-aeaa-806d821f6293</id>
    <assetName>bulbasaur.jpeg</assetName>
    <assetType>contentlet</assetType>
    <parentPath>/folder1/</parentPath>
    <hostId>8a7d5e23-da1e-420a-b4f0-471e7da8ea2d</hostId>
  </com.dotmarketing.beans.Identifier>
  <com.dotmarketing.beans.Identifier>
    <id>5231981a-9f47-4bc0-8588-c05d6f281be7</id>
    <assetName>folder2</assetName>
    <assetType>folder</assetType>
    <parentPath>/folder1/</parentPath>
    <hostId>8a7d5e23-da1e-420a-b4f0-471e7da8ea2d</hostId>
  </com.dotmarketing.beans.Identifier>
  <com.dotmarketing.beans.Identifier>
    <id>b3eee8aa-f664-46a8-992a-f29915396fe4</id>
    <assetName>charmander.jpeg</assetName>
    <assetType>contentlet</assetType>
    <parentPath>/folder1/</parentPath>
    <hostId>8a7d5e23-da1e-420a-b4f0-471e7da8ea2d</hostId>
  </com.dotmarketing.beans.Identifier>
  <com.dotmarketing.beans.Identifier>
    <id>0bd874cd-32e6-4d0a-9b33-fbfa4c170d8b</id>
    <assetName>squirtle.jpeg</assetName>
    <assetType>contentlet</assetType>
    <parentPath>/folder1/folder2/</parentPath>
    <hostId>8a7d5e23-da1e-420a-b4f0-471e7da8ea2d</hostId>
  </com.dotmarketing.beans.Identifier>
  <com.dotmarketing.beans.Identifier>
    <id>286ea849-e99b-415e-bd5f-b69babae9bb6</id>
    <assetName>pikachu.jpeg</assetName>
    <assetType>contentlet</assetType>
    <parentPath>/folder1/folder2/</parentPath>
    <hostId>8a7d5e23-da1e-420a-b4f0-471e7da8ea2d</hostId>
  </com.dotmarketing.beans.Identifier>
  <com.dotmarketing.beans.Identifier>
    <id>bc9a1d37-dd2d-4d49-a29d-0c9be740bfaf</id>
    <assetName>system folder</assetName>
    <assetType>folder</assetType>
    <parentPath>/System folder</parentPath>
    <hostId>SYSTEM_HOST</hostId>
  </com.dotmarketing.beans.Identifier>
</list>