<list>
  <com.dotmarketing.portlets.workflows.model.WorkflowTask>
    <id>01a70b85-8b3d-47e7-a3ec-b56535afef69</id>
    <creationDate class="sql-timestamp">2021-02-03 20:45:29.269</creationDate>
    <modDate class="sql-timestamp">2021-02-03 20:45:29.271</modDate>
    <createdBy>e7d4e34e-5127-45fc-8123-d48b62d510e3</createdBy>
    <assignedTo>e7d4e34e-5127-45fc-8123-d48b62d510e3</assignedTo>
    <title>sync unpublish</title>
    <description></description>
    <status>ee24a4cb-2d15-4c98-b1bd-6327126451f3</status>
    <webasset>956b7be9-c1a7-4244-8ae6-5390be4e4ce1</webasset>
    <languageId>1</languageId>
  </com.dotmarketing.portlets.workflows.model.WorkflowTask>
  <com.dotmarketing.portlets.workflows.model.WorkflowTask>
    <id>07c11c55-86ed-4936-a9e3-14f2a9b7db78</id>
    <creationDate class="sql-timestamp">2020-10-30 18:08:16.387</creationDate>
    <modDate class="sql-timestamp">2020-10-30 18:08:16.388</modDate>
    <createdBy>e7d4e34e-5127-45fc-8123-d48b62d510e3</createdBy>
    <assignedTo>e7d4e34e-5127-45fc-8123-d48b62d510e3</assignedTo>
    <title>img4.jpg</title>
    <description></description>
    <status>dc3c9cd0-8467-404b-bf95-cb7df3fbc293</status>
    <webasset>dcacf1ed-76ea-4d4b-9ba5-304335e30e24</webasset>
    <languageId>1</languageId>
  </com.dotmarketing.portlets.workflows.model.WorkflowTask>
  <com.dotmarketing.portlets.workflows.model.WorkflowTask>
    <id>07fefa80-c2c5-4c69-b716-016a35901e8d</id>
    <creationDate class="sql-timestamp">2020-10-30 18:18:59.998</creationDate>
    <modDate class="sql-timestamp">2020-10-30 18:18:59.999</modDate>
    <createdBy>e7d4e34e-5127-45fc-8123-d48b62d510e3</createdBy>
    <assignedTo>e7d4e34e-5127-45fc-8123-d48b62d510e3</assignedTo>
    <title>img1.jpg</title>
    <description></description>
    <status>dc3c9cd0-8467-404b-bf95-cb7df3fbc293</status>
    <webasset>ed88ee7d-5edb-4918-9891-43d91697c261</webasset>
    <languageId>1</languageId>
  </com.dotmarketing.portlets.workflows.model.WorkflowTask>
  <com.dotmarketing.portlets.workflows.model.WorkflowTask>
    <id>0c58221f-f3ea-4e36-a16a-f10795900db7</id>
    <creationDate class="sql-timestamp">2020-07-10 20:16:01.79</creationDate>
    <modDate class="sql-timestamp">2020-07-10 20:16:01.79</modDate>
    <createdBy>e7d4e34e-5127-45fc-8123-d48b62d510e3</createdBy>
    <assignedTo>e7d4e34e-5127-45fc-8123-d48b62d510e3</assignedTo>
    <title>Charmander.jpeg</title>
    <status>dc3c9cd0-8467-404b-bf95-cb7df3fbc293</status>
    <webasset>b3eee8aa-f664-46a8-992a-f29915396fe4</webasset>
    <languageId>1</languageId>
  </com.dotmarketing.portlets.workflows.model.WorkflowTask>
  <com.dotmarketing.portlets.workflows.model.WorkflowTask>
    <id>174b7cdd-2a2b-4bff-8c9b-e7fef23a341b</id>
    <creationDate class="sql-timestamp">2020-10-30 18:06:00.77</creationDate>
    <modDate class="sql-timestamp">2020-10-30 18:06:00.771</modDate>
    <createdBy>e7d4e34e-5127-45fc-8123-d48b62d510e3</createdBy>
    <assignedTo>e7d4e34e-5127-45fc-8123-d48b62d510e3</assignedTo>
    <title>design-pattern-scard.pdf</title>
    <description></description>
    <status>dc3c9cd0-8467-404b-bf95-cb7df3fbc293</status>
    <webasset>ca82b11a-e7b6-4734-bf41-9f0735b5cf65</webasset>
    <languageId>1</languageId>
  </com.dotmarketing.portlets.workflows.model.WorkflowTask>
  <com.dotmarketing.portlets.workflows.model.WorkflowTask>
    <id>1b9bc1d0-39e6-4401-a203-be25d0680c4f</id>
    <creationDate class="sql-timestamp">2020-10-30 18:06:56.63</creationDate>
    <modDate class="sql-timestamp">2020-10-30 18:06:56.631</modDate>
    <createdBy>e7d4e34e-5127-45fc-8123-d48b62d510e3</createdBy>
    <assignedTo>e7d4e34e-5127-45fc-8123-d48b62d510e3</assignedTo>
    <title>regular-expressions-cheat-sheet-v2.pdf</title>
    <description></description>
    <status>dc3c9cd0-8467-404b-bf95-cb7df3fbc293</status>
    <webasset>1e728d47-ab3e-47e3-92ad-99b1683b8d44</webasset>
    <languageId>1</languageId>
  </com.dotmarketing.portlets.workflows.model.WorkflowTask>
  <com.dotmarketing.portlets.workflows.model.WorkflowTask>
    <id>20eaab53-ea73-4001-99ef-f499a053f077</id>
    <creationDate class="sql-timestamp">2020-08-18 18:46:54.345</creationDate>
    <modDate class="sql-timestamp">2020-08-18 18:46:54.345</modDate>
    <createdBy>0cc07fcf-f6d1-45bb-8f1c-32542dfa9b02</createdBy>
    <assignedTo>0cc07fcf-f6d1-45bb-8f1c-32542dfa9b02</assignedTo>
    <title>Test2</title>
    <description></description>
    <status>dc3c9cd0-8467-404b-bf95-cb7df3fbc293</status>
    <webasset>8be1cb1e-9fd5-42ed-956e-016aa7a4b421</webasset>
    <languageId>1</languageId>
  </com.dotmarketing.portlets.workflows.model.WorkflowTask>
  <com.dotmarketing.portlets.workflows.model.WorkflowTask>
    <id>21c75477-957c-47b7-8971-c04fc5f6038e</id>
    <creationDate class="sql-timestamp">2020-10-30 18:07:43.843</creationDate>
    <modDate class="sql-timestamp">2020-10-30 18:07:43.843</modDate>
    <createdBy>e7d4e34e-5127-45fc-8123-d48b62d510e3</createdBy>
    <assignedTo>e7d4e34e-5127-45fc-8123-d48b62d510e3</assignedTo>
    <title>500x300_OilPaintingBlue_e27a82175763469c96a7fb20a36fe23b.jpg</title>
    <description></description>
    <status>dc3c9cd0-8467-404b-bf95-cb7df3fbc293</status>
    <webasset>f3f4ebb6-5e85-4004-9c24-8b303bcdebd9</webasset>
    <languageId>1</languageId>
  </com.dotmarketing.portlets.workflows.model.WorkflowTask>
  <com.dotmarketing.portlets.workflows.model.WorkflowTask>
    <id>248b9284-bddb-4fcd-b294-d4be05c2e1b7</id>
    <creationDate class="sql-timestamp">2020-10-30 18:20:03.592</creationDate>
    <modDate class="sql-timestamp">2020-10-30 18:20:03.593</modDate>
    <createdBy>e7d4e34e-5127-45fc-8123-d48b62d510e3</createdBy>
    <assignedTo>e7d4e34e-5127-45fc-8123-d48b62d510e3</assignedTo>
    <title>Dep3 Test1</title>
    <description></description>
    <status>dc3c9cd0-8467-404b-bf95-cb7df3fbc293</status>
    <webasset>c885cdf0-83fe-42db-8d8e-88a6596c8c02</webasset>
    <languageId>1</languageId>
  </com.dotmarketing.portlets.workflows.model.WorkflowTask>
  <com.dotmarketing.portlets.workflows.model.WorkflowTask>
    <id>4c2adadf-e101-4ded-9445-d787fbefcfcb</id>
    <creationDate class="sql-timestamp">2020-10-30 17:52:19.084</creationDate>
    <modDate class="sql-timestamp">2020-10-30 17:52:35.69</modDate>
    <createdBy>e7d4e34e-5127-45fc-8123-d48b62d510e3</createdBy>
    <assignedTo>e7d4e34e-5127-45fc-8123-d48b62d510e3</assignedTo>
    <title>golang2.png</title>
    <description></description>
    <status>ee24a4cb-2d15-4c98-b1bd-6327126451f3</status>
    <webasset>4413bcd7-4aed-490f-9dc0-fd6739e329c2</webasset>
    <languageId>1</languageId>
  </com.dotmarketing.portlets.workflows.model.WorkflowTask>
  <com.dotmarketing.portlets.workflows.model.WorkflowTask>
    <id>60f15657-c3b7-4f98-8384-793061367872</id>
    <creationDate class="sql-timestamp">2020-07-10 20:16:01.638</creationDate>
    <modDate class="sql-timestamp">2020-07-10 20:16:01.639</modDate>
    <createdBy>e7d4e34e-5127-45fc-8123-d48b62d510e3</createdBy>
    <assignedTo>e7d4e34e-5127-45fc-8123-d48b62d510e3</assignedTo>
    <title>Bulbasaur.jpeg</title>
    <status>dc3c9cd0-8467-404b-bf95-cb7df3fbc293</status>
    <webasset>37996e78-c97e-4b94-aeaa-806d821f6293</webasset>
    <languageId>1</languageId>
  </com.dotmarketing.portlets.workflows.model.WorkflowTask>
  <com.dotmarketing.portlets.workflows.model.WorkflowTask>
    <id>6df3e107-99f4-44e3-846d-4ae862f975a7</id>
    <creationDate class="sql-timestamp">2020-07-10 20:16:20.133</creationDate>
    <modDate class="sql-timestamp">2020-07-10 20:16:20.133</modDate>
    <createdBy>e7d4e34e-5127-45fc-8123-d48b62d510e3</createdBy>
    <assignedTo>e7d4e34e-5127-45fc-8123-d48b62d510e3</assignedTo>
    <title>Squirtle.jpeg</title>
    <status>dc3c9cd0-8467-404b-bf95-cb7df3fbc293</status>
    <webasset>0bd874cd-32e6-4d0a-9b33-fbfa4c170d8b</webasset>
    <languageId>1</languageId>
  </com.dotmarketing.portlets.workflows.model.WorkflowTask>
  <com.dotmarketing.portlets.workflows.model.WorkflowTask>
    <id>78b91d0e-eeaa-43f0-82e7-836839c13190</id>
    <creationDate class="sql-timestamp">2020-07-10 20:18:17.237</creationDate>
    <modDate class="sql-timestamp">2020-07-10 20:18:17.238</modDate>
    <createdBy>e7d4e34e-5127-45fc-8123-d48b62d510e3</createdBy>
    <assignedTo>e7d4e34e-5127-45fc-8123-d48b62d510e3</assignedTo>
    <title>sync1</title>
    <description></description>
    <status>dc3c9cd0-8467-404b-bf95-cb7df3fbc293</status>
    <webasset>35891a5a-d1fc-4ccd-9f49-8cb3b4219ebf</webasset>
    <languageId>1</languageId>
  </com.dotmarketing.portlets.workflows.model.WorkflowTask>
  <com.dotmarketing.portlets.workflows.model.WorkflowTask>
    <id>7f33be85-49c2-4114-8676-75927fb66ff4</id>
    <creationDate class="sql-timestamp">2020-10-30 17:50:53.317</creationDate>
    <modDate class="sql-timestamp">2020-10-30 17:51:24.482</modDate>
    <createdBy>e7d4e34e-5127-45fc-8123-d48b62d510e3</createdBy>
    <assignedTo>e7d4e34e-5127-45fc-8123-d48b62d510e3</assignedTo>
    <title>golang1.png</title>
    <description></description>
    <status>ee24a4cb-2d15-4c98-b1bd-6327126451f3</status>
    <webasset>cc7364a8-66f2-4b49-b952-e9ac3c50d262</webasset>
    <languageId>1</languageId>
  </com.dotmarketing.portlets.workflows.model.WorkflowTask>
  <com.dotmarketing.portlets.workflows.model.WorkflowTask>
    <id>8839ec76-8f5d-41c9-b471-70eb3ec62c2f</id>
    <creationDate class="sql-timestamp">2020-07-10 20:16:20.059</creationDate>
    <modDate class="sql-timestamp">2020-07-10 20:16:20.06</modDate>
    <createdBy>e7d4e34e-5127-45fc-8123-d48b62d510e3</createdBy>
    <assignedTo>e7d4e34e-5127-45fc-8123-d48b62d510e3</assignedTo>
    <title>Pikachu.jpeg</title>
    <status>dc3c9cd0-8467-404b-bf95-cb7df3fbc293</status>
    <webasset>286ea849-e99b-415e-bd5f-b69babae9bb6</webasset>
    <languageId>1</languageId>
  </com.dotmarketing.portlets.workflows.model.WorkflowTask>
  <com.dotmarketing.portlets.workflows.model.WorkflowTask>
    <id>8ffe96fc-828d-417f-a8e7-863d32f759dc</id>
    <creationDate class="sql-timestamp">2020-10-30 18:19:16.397</creationDate>
    <modDate class="sql-timestamp">2020-10-30 18:19:16.398</modDate>
    <createdBy>e7d4e34e-5127-45fc-8123-d48b62d510e3</createdBy>
    <assignedTo>e7d4e34e-5127-45fc-8123-d48b62d510e3</assignedTo>
    <title>img2.jpg</title>
    <description></description>
    <status>dc3c9cd0-8467-404b-bf95-cb7df3fbc293</status>
    <webasset>ee46573e-9d27-4dbf-81f1-66e62e975c14</webasset>
    <languageId>1</languageId>
  </com.dotmarketing.portlets.workflows.model.WorkflowTask>
  <com.dotmarketing.portlets.workflows.model.WorkflowTask>
    <id>92449f4f-ec4a-403b-ae4e-6651dcae8418</id>
    <creationDate class="sql-timestamp">2020-10-30 18:20:27.873</creationDate>
    <modDate class="sql-timestamp">2020-10-30 18:22:43.583</modDate>
    <createdBy>e7d4e34e-5127-45fc-8123-d48b62d510e3</createdBy>
    <assignedTo>e7d4e34e-5127-45fc-8123-d48b62d510e3</assignedTo>
    <title>Dep3 Test2</title>
    <description></description>
    <status>ee24a4cb-2d15-4c98-b1bd-6327126451f3</status>
    <webasset>c3b07e83-07b9-454b-9c4e-64a323636a4a</webasset>
    <languageId>1</languageId>
  </com.dotmarketing.portlets.workflows.model.WorkflowTask>
  <com.dotmarketing.portlets.workflows.model.WorkflowTask>
    <id>9f04c307-0dee-4d34-a0a0-3b7f9fd4ed2d</id>
    <creationDate class="sql-timestamp">2020-07-10 20:18:28.074</creationDate>
    <modDate class="sql-timestamp">2020-07-10 20:18:28.074</modDate>
    <createdBy>e7d4e34e-5127-45fc-8123-d48b62d510e3</createdBy>
    <assignedTo>e7d4e34e-5127-45fc-8123-d48b62d510e3</assignedTo>
    <title>sync2</title>
    <description></description>
    <status>dc3c9cd0-8467-404b-bf95-cb7df3fbc293</status>
    <webasset>90ec36f6-2aa2-4288-bfb1-bab0e152eadb</webasset>
    <languageId>1</languageId>
  </com.dotmarketing.portlets.workflows.model.WorkflowTask>
  <com.dotmarketing.portlets.workflows.model.WorkflowTask>
    <id>ba6a834c-01cc-4de1-8baf-fd3a45d04da0</id>
    <creationDate class="sql-timestamp">2020-10-30 18:15:50.988</creationDate>
    <modDate class="sql-timestamp">2020-10-30 18:21:38.836</modDate>
    <createdBy>e7d4e34e-5127-45fc-8123-d48b62d510e3</createdBy>
    <assignedTo>e7d4e34e-5127-45fc-8123-d48b62d510e3</assignedTo>
    <title>Dep1 Test2</title>
    <description></description>
    <status>dc3c9cd0-8467-404b-bf95-cb7df3fbc293</status>
    <webasset>43c595da-591d-445f-a7fa-10955bb41221</webasset>
    <languageId>1</languageId>
  </com.dotmarketing.portlets.workflows.model.WorkflowTask>
  <com.dotmarketing.portlets.workflows.model.WorkflowTask>
    <id>be47281c-a875-458d-b476-685abe81eb16</id>
    <creationDate class="sql-timestamp">2020-10-30 18:15:11.769</creationDate>
    <modDate class="sql-timestamp">2020-10-30 18:21:23.419</modDate>
    <createdBy>e7d4e34e-5127-45fc-8123-d48b62d510e3</createdBy>
    <assignedTo>e7d4e34e-5127-45fc-8123-d48b62d510e3</assignedTo>
    <title>Dep1 Test1</title>
    <description></description>
    <status>ee24a4cb-2d15-4c98-b1bd-6327126451f3</status>
    <webasset>051158a0-f6ff-4615-af20-284ce11b2fbc</webasset>
    <languageId>1</languageId>
  </com.dotmarketing.portlets.workflows.model.WorkflowTask>
  <com.dotmarketing.portlets.workflows.model.WorkflowTask>
    <id>d05bcdbe-97cc-446a-b1c4-b38a30db05d2</id>
    <creationDate class="sql-timestamp">2020-08-18 18:44:47.96</creationDate>
    <modDate class="sql-timestamp">2020-08-18 18:44:47.961</modDate>
    <createdBy>0cc07fcf-f6d1-45bb-8f1c-32542dfa9b02</createdBy>
    <assignedTo>0cc07fcf-f6d1-45bb-8f1c-32542dfa9b02</assignedTo>
    <title>Test1</title>
    <description></description>
    <status>dc3c9cd0-8467-404b-bf95-cb7df3fbc293</status>
    <webasset>1b927236-4857-4763-8ef8-ab36e437fbec</webasset>
    <languageId>1</languageId>
  </com.dotmarketing.portlets.workflows.model.WorkflowTask>
  <com.dotmarketing.portlets.workflows.model.WorkflowTask>
    <id>d1a2bc67-f855-44fc-b530-d7f75b44be25</id>
    <creationDate class="sql-timestamp">2020-10-30 18:16:49.619</creationDate>
    <modDate class="sql-timestamp">2020-10-30 18:22:00.654</modDate>
    <createdBy>e7d4e34e-5127-45fc-8123-d48b62d510e3</createdBy>
    <assignedTo>e7d4e34e-5127-45fc-8123-d48b62d510e3</assignedTo>
    <title>Dep2 Test1</title>
    <description></description>
    <status>dc3c9cd0-8467-404b-bf95-cb7df3fbc293</status>
    <webasset>5fe89979-00dd-44db-a866-03840c325e3f</webasset>
    <languageId>1</languageId>
  </com.dotmarketing.portlets.workflows.model.WorkflowTask>
  <com.dotmarketing.portlets.workflows.model.WorkflowTask>
    <id>fc4232c1-68b8-4e46-b14d-a1c556223c01</id>
    <creationDate class="sql-timestamp">2020-10-30 18:17:39.825</creationDate>
    <modDate class="sql-timestamp">2020-10-30 18:22:28.916</modDate>
    <createdBy>e7d4e34e-5127-45fc-8123-d48b62d510e3</createdBy>
    <assignedTo>e7d4e34e-5127-45fc-8123-d48b62d510e3</assignedTo>
    <title>Dep2 Test2</title>
    <description></description>
    <status>ee24a4cb-2d15-4c98-b1bd-6327126451f3</status>
    <webasset>5c76824e-343f-4cef-a41a-e699710e8cdb</webasset>
    <languageId>1</languageId>
  </com.dotmarketing.portlets.workflows.model.WorkflowTask>
</list>