<list>
  <com.dotmarketing.plugin.model.Plugin>
    <id>com.dotcms.category.fix</id>
    <pluginName>dotCMS import starter fix plugin</pluginName>
    <pluginVersion>1.0</pluginVersion>
    <author>dotCMS</author>
    <firstDeployedDate class="sql-timestamp">2021-02-03 18:55:54.185</firstDeployedDate>
    <lastDeployedDate class="sql-timestamp">2021-02-03 18:55:54.185</lastDeployedDate>
  </com.dotmarketing.plugin.model.Plugin>
  <com.dotmarketing.plugin.model.Plugin>
    <id>com.dotcms.config</id>
    <pluginName>dotCMS Config</pluginName>
    <pluginVersion>1.0</pluginVersion>
    <author>dotCMS</author>
    <firstDeployedDate class="sql-timestamp">2021-02-03 18:55:54.2</firstDeployedDate>
    <lastDeployedDate class="sql-timestamp">2021-02-03 18:55:54.2</lastDeployedDate>
  </com.dotmarketing.plugin.model.Plugin>
</list>