{"content":"/*! jQuery v1.9.1 | (c) 2005, 2012 jQuery Foundation, Inc. | jquery.org/license\n//@ sourceMappingURL=jquery.min.map\n*/(function(e,t){var n,r,i=typeof t,o=e.document,a=e.location,s=e.jQuery,u=e.$,l={},c=[],p=\"1.9.1\",f=c.concat,d=c.push,h=c.slice,g=c.indexOf,m=l.toString,y=l.hasOwnProperty,v=p.trim,b=function(e,t){return new b.fn.init(e,t,r)},x=/[+-]?(?:\\d*\\.|)\\d+(?:[eE][+-]?\\d+|)/.source,w=/\\S+/g,T=/^[\\s\\uFEFF\\xA0]+|[\\s\\uFEFF\\xA0]+$/g,N=/^(?:(<[\\w\\W]+>)[^>]*|#([\\w-]*))$/,C=/^<(\\w+)\\s*\\/?>(?:<\\/\\1>|)$/,k=/^[\\],:{}\\s]*$/,E=/(?:^|:|,)(?:\\s*\\[)+/g,S=/\\\\(?:[\"\\\\\\/bfnrt]|u[\\da-fA-F]{4})/g,A=/\"[^\"\\\\\\r\\n]*\"|true|false|null|-?(?:\\d+\\.|)\\d+(?:[eE][+-]?\\d+|)/g,j=/^-ms-/,D=/-([\\da-z])/gi,L=function(e,t){return t.toUpperCase()},H=function(e){(o.addEventListener||\"load\"===e.type||\"complete\"===o.readyState)&&(q(),b.ready())},q=function(){o.addEventListener?(o.removeEventListener(\"DOMContentLoaded\",H,!1),e.removeEventListener(\"load\",H,!1)):(o.detachEvent(\"onreadystatechange\",H),e.detachEvent(\"onload\",H))};b.fn=b.prototype={jquery:p,constructor:b,init:function(e,n,r){var i,a;if(!e)return this;if(\"string\"==typeof e){if(i=\"<\"===e.charAt(0)&&\">\"===e.charAt(e.length-1)&&e.length>=3?[null,e,null]:N.exec(e),!i||!i[1]&&n)return!n||n.jquery?(n||r).find(e):this.constructor(n).find(e);if(i[1]){if(n=n instanceof b?n[0]:n,b.merge(this,b.parseHTML(i[1],n&&n.nodeType?n.ownerDocument||n:o,!0)),C.test(i[1])&&b.isPlainObject(n))for(i in n)b.isFunction(this[i])?this[i](n[i]):this.attr(i,n[i]);return this}if(a=o.getElementById(i[2]),a&&a.parentNode){if(a.id!==i[2])return r.find(e);this.length=1,this[0]=a}return this.context=o,this.selector=e,this}return e.nodeType?(this.context=this[0]=e,this.length=1,this):b.isFunction(e)?r.ready(e):(e.selector!==t&&(this.selector=e.selector,this.context=e.context),b.makeArray(e,this))},selector:\"\",length:0,size:function(){return this.length},toArray:function(){return h.call(this)},get:function(e){return null==e?this.toArray():0>e?this[this.length+e]:this[e]},pushStack:function(e){var t=b.merge(this.constructor(),e);return t.prevObject=this,t.context=this.context,t},each:function(e,t){return b.each(this,e,t)},ready:function(e){return b.ready.promise().done(e),this},slice:function(){return this.pushStack(h.apply(this,arguments))},first:function(){return this.eq(0)},last:function(){return this.eq(-1)},eq:function(e){var t=this.length,n=+e+(0>e?t:0);return this.pushStack(n>=0&&t>n?[this[n]]:[])},map:function(e){return this.pushStack(b.map(this,function(t,n){return e.call(t,n,t)}))},end:function(){return this.prevObject||this.constructor(null)},push:d,sort:[].sort,splice:[].splice},b.fn.init.prototype=b.fn,b.extend=b.fn.extend=function(){var e,n,r,i,o,a,s=arguments[0]||{},u=1,l=arguments.length,c=!1;for(\"boolean\"==typeof s&&(c=s,s=arguments[1]||{},u=2),\"object\"==typeof s||b.isFunction(s)||(s={}),l===u&&(s=this,--u);l>u;u++)if(null!=(o=arguments[u]))for(i in o)e=s[i],r=o[i],s!==r&&(c&&r&&(b.isPlainObject(r)||(n=b.isArray(r)))?(n?(n=!1,a=e&&b.isArray(e)?e:[]):a=e&&b.isPlainObject(e)?e:{},s[i]=b.extend(c,a,r)):r!==t&&(s[i]=r));return s},b.extend({noConflict:function(t){return e.$===b&&(e.$=u),t&&e.jQuery===b&&(e.jQuery=s),b},isReady:!1,readyWait:1,holdReady:function(e){e?b.readyWait++:b.ready(!0)},ready:function(e){if(e===!0?!--b.readyWait:!b.isReady){if(!o.body)return setTimeout(b.ready);b.isReady=!0,e!==!0&&--b.readyWait>0||(n.resolveWith(o,[b]),b.fn.trigger&&b(o).trigger(\"ready\").off(\"ready\"))}},isFunction:function(e){return\"function\"===b.type(e)},isArray:Array.isArray||function(e){return\"array\"===b.type(e)},isWindow:function(e){return null!=e&&e==e.window},isNumeric:function(e){return!isNaN(parseFloat(e))&&isFinite(e)},type:function(e){return null==e?e+\"\":\"object\"==typeof e||\"function\"==typeof e?l[m.call(e)]||\"object\":typeof e},isPlainObject:function(e){if(!e||\"object\"!==b.type(e)||e.nodeType||b.isWindow(e))return!1;try{if(e.constructor&&!y.call(e,\"constructor\")&&!y.call(e.constructor.prototype,\"isPrototypeOf\"))return!1}catch(n){return!1}var r;for(r in e);return r===t||y.call(e,r)},isEmptyObject:function(e){var t;for(t in e)return!1;return!0},error:function(e){throw Error(e)},parseHTML:function(e,t,n){if(!e||\"string\"!=typeof e)return null;\"boolean\"==typeof t&&(n=t,t=!1),t=t||o;var r=C.exec(e),i=!n&&[];return r?[t.createElement(r[1])]:(r=b.buildFragment([e],t,i),i&&b(i).remove(),b.merge([],r.childNodes))},parseJSON:function(n){return e.JSON&&e.JSON.parse?e.JSON.parse(n):null===n?n:\"string\"==typeof n&&(n=b.trim(n),n&&k.test(n.replace(S,\"@\").replace(A,\"]\").replace(E,\"\")))?Function(\"return \"+n)():(b.error(\"Invalid JSON: \"+n),t)},parseXML:function(n){var r,i;if(!n||\"string\"!=typeof n)return null;try{e.DOMParser?(i=new DOMParser,r=i.parseFromString(n,\"text/xml\")):(r=new ActiveXObject(\"Microsoft.XMLDOM\"),r.async=\"false\",r.loadXML(n))}catch(o){r=t}return r&&r.documentElement&&!r.getElementsByTagName(\"parsererror\").length||b.error(\"Invalid XML: \"+n),r},noop:function(){},globalEval:function(t){t&&b.trim(t)&&(e.execScript||function(t){e.eval.call(e,t)})(t)},camelCase:function(e){return e.replace(j,\"ms-\").replace(D,L)},nodeName:function(e,t){","contentType":"text/plain; charset=ISO-8859-1","fileSize":92629,"length":92629}