<list>
  <com.dotmarketing.portlets.structure.model.Relationship>
    <iDate>2020-10-30 19:11:53.481 UTC</iDate>
    <type>relationship</type>
    <owner></owner>
    <inode>1b23967c-426d-4967-9f33-40e4dbedc00b</inode>
    <parentStructureInode>b4c5f972-b0fd-4b32-8688-f4c6de288e52</parentStructureInode>
    <childStructureInode>103d28c0-b9a7-4ada-8451-a28f20a67cba</childStructureInode>
    <childRelationName>dep1todep2</childRelationName>
    <relationTypeValue>Dependency1.dep1todep2</relationTypeValue>
    <cardinality>1</cardinality>
    <parentRequired>false</parentRequired>
    <childRequired>false</childRequired>
    <fixed>false</fixed>
  </com.dotmarketing.portlets.structure.model.Relationship>
  <com.dotmarketing.portlets.structure.model.Relationship>
    <iDate>2020-10-30 19:11:53.481 UTC</iDate>
    <type>relationship</type>
    <owner></owner>
    <inode>cd7fcd0e-9253-4357-9432-511a7b335204</inode>
    <parentStructureInode>103d28c0-b9a7-4ada-8451-a28f20a67cba</parentStructureInode>
    <childStructureInode>96227075-ebef-4e56-b5db-16059ce0ee75</childStructureInode>
    <childRelationName>dep2todep3</childRelationName>
    <relationTypeValue>Dependency2.dep2todep3</relationTypeValue>
    <cardinality>1</cardinality>
    <parentRequired>false</parentRequired>
    <childRequired>false</childRequired>
    <fixed>false</fixed>
  </com.dotmarketing.portlets.structure.model.Relationship>
  <com.dotmarketing.portlets.structure.model.Relationship>
    <iDate>2020-10-30 19:11:53.481 UTC</iDate>
    <type>relationship</type>
    <owner></owner>
    <inode>d4c78ca0-67ee-4ee3-b907-3544ff413c27</inode>
    <parentStructureInode>a0ba0feb-440e-4881-8275-91f312bedb32</parentStructureInode>
    <childStructureInode>2a3e91e4-fbbf-4876-8c5b-2233c1739b05</childStructureInode>
    <childRelationName>relationships</childRelationName>
    <relationTypeValue>Kitchensink.relationships</relationTypeValue>
    <cardinality>1</cardinality>
    <parentRequired>false</parentRequired>
    <childRequired>false</childRequired>
    <fixed>false</fixed>
  </com.dotmarketing.portlets.structure.model.Relationship>
</list>