<list>
  <com.dotmarketing.plugin.model.Plugin>
    <id>com.dotcms.category.fix</id>
    <pluginName>dotCMS import starter fix plugin</pluginName>
    <pluginVersion>1.0</pluginVersion>
    <author>dotCMS</author>
    <firstDeployedDate class="sql-timestamp">2020-10-30 16:33:47.679</firstDeployedDate>
    <lastDeployedDate class="sql-timestamp">2020-10-30 16:33:47.679</lastDeployedDate>
  </com.dotmarketing.plugin.model.Plugin>
  <com.dotmarketing.plugin.model.Plugin>
    <id>com.dotcms.config</id>
    <pluginName>dotCMS Config</pluginName>
    <pluginVersion>1.0</pluginVersion>
    <author>dotCMS</author>
    <firstDeployedDate class="sql-timestamp">2020-10-30 16:33:47.699</firstDeployedDate>
    <lastDeployedDate class="sql-timestamp">2020-10-30 16:33:47.699</lastDeployedDate>
  </com.dotmarketing.plugin.model.Plugin>
</list>