<list>
  <com.dotmarketing.beans.Tree>
    <parent>20cdf9f1-bf66-4303-92e0-8822f8081cfc</parent>
    <child>2baa164d-3cb4-4e0c-a4af-bb52692aa36f</child>
    <relationType>child</relationType>
    <treeOrder>0</treeOrder>
  </com.dotmarketing.beans.Tree>
  <com.dotmarketing.beans.Tree>
    <parent>20cdf9f1-bf66-4303-92e0-8822f8081cfc</parent>
    <child>416f7ef1-b712-4317-a149-22bc3f354f5a</child>
    <relationType>child</relationType>
    <treeOrder>0</treeOrder>
  </com.dotmarketing.beans.Tree>
  <com.dotmarketing.beans.Tree>
    <parent>20cdf9f1-bf66-4303-92e0-8822f8081cfc</parent>
    <child>86235456-30f7-411f-839a-fa956ee1dff1</child>
    <relationType>child</relationType>
    <treeOrder>0</treeOrder>
  </com.dotmarketing.beans.Tree>
  <com.dotmarketing.beans.Tree>
    <parent>20cdf9f1-bf66-4303-92e0-8822f8081cfc</parent>
    <child>a2930407-f9ab-4198-a592-e5c5f0cc408a</child>
    <relationType>child</relationType>
    <treeOrder>0</treeOrder>
  </com.dotmarketing.beans.Tree>
  <com.dotmarketing.beans.Tree>
    <parent>bba0fcba-eb79-46dc-ae36-fe2f3d9cf1e7</parent>
    <child>804e0e3b-e914-48ae-a977-3eedcd8f430e</child>
    <relationType>child</relationType>
    <treeOrder>0</treeOrder>
  </com.dotmarketing.beans.Tree>
  <com.dotmarketing.beans.Tree>
    <parent>d1e963ee-b6ba-4ca6-b060-5f696437a328</parent>
    <child>416f7ef1-b712-4317-a149-22bc3f354f5a</child>
    <relationType>child</relationType>
    <treeOrder>0</treeOrder>
  </com.dotmarketing.beans.Tree>
  <com.dotmarketing.beans.Tree>
    <parent>d1e963ee-b6ba-4ca6-b060-5f696437a328</parent>
    <child>a2930407-f9ab-4198-a592-e5c5f0cc408a</child>
    <relationType>child</relationType>
    <treeOrder>0</treeOrder>
  </com.dotmarketing.beans.Tree>
  <com.dotmarketing.beans.Tree>
    <parent>d1e963ee-b6ba-4ca6-b060-5f696437a328</parent>
    <child>aaee9776-8fb7-4501-8048-844912a20405</child>
    <relationType>child</relationType>
    <treeOrder>0</treeOrder>
  </com.dotmarketing.beans.Tree>
  <com.dotmarketing.beans.Tree>
    <parent>ede13663-ff06-4d01-ab99-a8976e995010</parent>
    <child>0f16a19b-2da9-476e-86bf-613a00b2876f</child>
    <relationType>child</relationType>
    <treeOrder>0</treeOrder>
  </com.dotmarketing.beans.Tree>
  <com.dotmarketing.beans.Tree>
    <parent>ede13663-ff06-4d01-ab99-a8976e995010</parent>
    <child>416f7ef1-b712-4317-a149-22bc3f354f5a</child>
    <relationType>child</relationType>
    <treeOrder>0</treeOrder>
  </com.dotmarketing.beans.Tree>
  <com.dotmarketing.beans.Tree>
    <parent>ede13663-ff06-4d01-ab99-a8976e995010</parent>
    <child>6cb7cab1-b6a5-45a3-94cf-7b2a5de4d7bf</child>
    <relationType>child</relationType>
    <treeOrder>0</treeOrder>
  </com.dotmarketing.beans.Tree>
  <com.dotmarketing.beans.Tree>
    <parent>ede13663-ff06-4d01-ab99-a8976e995010</parent>
    <child>9010317a-4985-425f-aa8d-ea609ce10fff</child>
    <relationType>child</relationType>
    <treeOrder>0</treeOrder>
  </com.dotmarketing.beans.Tree>
  <com.dotmarketing.beans.Tree>
    <parent>ede13663-ff06-4d01-ab99-a8976e995010</parent>
    <child>a97fd83a-4c63-4c61-a8dc-8b6d44e433ae</child>
    <relationType>child</relationType>
    <treeOrder>0</treeOrder>
  </com.dotmarketing.beans.Tree>
  <com.dotmarketing.beans.Tree>
    <parent>ede13663-ff06-4d01-ab99-a8976e995010</parent>
    <child>ce2f19ca-344b-40ff-9397-5d5b728f477a</child>
    <relationType>child</relationType>
    <treeOrder>0</treeOrder>
  </com.dotmarketing.beans.Tree>
  <com.dotmarketing.beans.Tree>
    <parent>26020a5c-3b85-4ad8-85e8-0cf2893aedc0</parent>
    <child>320e8acc-29f2-4ae6-b5f2-d13fc8abca84</child>
    <relationType>Parent_News-Child_Youtube</relationType>
    <treeOrder>1</treeOrder>
  </com.dotmarketing.beans.Tree>
</list>