<list>
  <com.dotmarketing.portlets.links.model.LinkVersionInfo>
    <identifier>14343a01-11c1-4d98-a2a1-2fc8cfcd92ea</identifier>
    <liveInode>32d4669c-0c9e-422a-871a-4babe5d1bb3d</liveInode>
    <workingInode>32d4669c-0c9e-422a-871a-4babe5d1bb3d</workingInode>
    <lockedOn class="sql-timestamp">2017-03-08 16:08:55.023</lockedOn>
    <deleted>false</deleted>
    <versionTs class="sql-timestamp">2015-02-05 02:39:37.231</versionTs>
  </com.dotmarketing.portlets.links.model.LinkVersionInfo>
  <com.dotmarketing.portlets.links.model.LinkVersionInfo>
    <identifier>4d7112b5-3efe-40b0-acff-912cc44b483e</identifier>
    <workingInode>b1bb57cf-6f98-486d-a3b9-83f96d3dab22</workingInode>
    <lockedBy>dotcms.org.1</lockedBy>
    <lockedOn class="sql-timestamp">2018-07-24 17:16:21.622</lockedOn>
    <deleted>true</deleted>
    <versionTs class="sql-timestamp">2021-02-02 20:32:57.22</versionTs>
  </com.dotmarketing.portlets.links.model.LinkVersionInfo>
  <com.dotmarketing.portlets.links.model.LinkVersionInfo>
    <identifier>b12f30da-0f0c-4376-88a0-a17d1ffe39f9</identifier>
    <liveInode>68659046-6baf-4e61-b34c-98ca9b6f8e41</liveInode>
    <workingInode>68659046-6baf-4e61-b34c-98ca9b6f8e41</workingInode>
    <lockedOn class="sql-timestamp">2015-02-05 02:40:29.334</lockedOn>
    <deleted>false</deleted>
    <versionTs class="sql-timestamp">2014-10-02 13:56:39.587</versionTs>
  </com.dotmarketing.portlets.links.model.LinkVersionInfo>
</list>