<list>
  <com.dotmarketing.plugin.model.Plugin>
    <id>com.dotcms.category.fix</id>
    <pluginName>dotCMS import starter fix plugin</pluginName>
    <pluginVersion>1.0</pluginVersion>
    <author>dotCMS</author>
    <firstDeployedDate class="sql-timestamp">2021-02-02 18:39:42.788</firstDeployedDate>
    <lastDeployedDate class="sql-timestamp">2021-02-02 18:39:42.788</lastDeployedDate>
  </com.dotmarketing.plugin.model.Plugin>
  <com.dotmarketing.plugin.model.Plugin>
    <id>com.dotcms.config</id>
    <pluginName>dotCMS Config</pluginName>
    <pluginVersion>1.0</pluginVersion>
    <author>dotCMS</author>
    <firstDeployedDate class="sql-timestamp">2021-02-02 18:39:42.798</firstDeployedDate>
    <lastDeployedDate class="sql-timestamp">2021-02-02 18:39:42.798</lastDeployedDate>
  </com.dotmarketing.plugin.model.Plugin>
</list>