<list>
  <com.dotmarketing.beans.ContainerStructure>
    <id>025fd4a1-015c-4551-993e-f60f8f84440f</id>
    <structureId>d2a77f80-2628-4819-bfe9-e9916eb6ba70</structureId>
    <containerInode>fbd1cdbf-85ce-481d-ba5b-58150d1d9aec</containerInode>
    <containerId>fc193c82-8c32-4abe-ba8a-49522328c93e</containerId>
    <code>&lt;div class=&quot;media&quot;&gt;&#xd;
    &lt;a href=&quot;/locations/$urlTitle&quot; class=&quot;pull-left icon-badge&quot;&gt;&#xd;
        &lt;i class=&quot;fa fa-map-marker fa-3x&quot;&gt;&lt;/i&gt;&#xd;
    &lt;/a&gt;&#xd;
    &lt;div class=&quot;media-body&quot;&gt;&#xd;
        &lt;a href=&quot;/locations/$urlTitle&quot;&gt;&#xd;
        	&lt;div class=&quot;media-heading&quot;&gt;$!{title}&lt;/div&gt;&#xd;
		&lt;/a&gt;&#xd;
		&lt;address&gt;&#xd;
			$address1&#xd;
			#if ($UtilMethods.isSet($address2))&#xd;
				$address2&lt;br/&gt;&#xd;
			#end&#xd;
			$city, &#xd;
			$state $zip&#xd;
			#if($country != &quot;United States&quot; &amp;&amp; $country != &quot;Canada&quot;)&#xd;
				$country&#xd;
			#end&#xd;
		&lt;/address&gt;&#xd;
	&lt;/div&gt;&#xd;
&lt;/div&gt;&#xd;
&#xd;
&lt;hr&gt;</code>
  </com.dotmarketing.beans.ContainerStructure>
  <com.dotmarketing.beans.ContainerStructure>
    <id>13c2d543-802b-44c3-a27e-9d994d4fa4e6</id>
    <structureId>d2a77f80-2628-4819-bfe9-e9916eb6ba70</structureId>
    <containerInode>6a4bcd45-070e-4549-a98b-62c6dfc39ea0</containerInode>
    <containerId>bf26b7b2-7a97-4bb6-9887-834ea03341db</containerId>
    <code>&lt;div class=&quot;media&quot;&gt;&#xd;
    &lt;span class=&quot;label label-default pull-right&quot;&gt;Location&lt;/span&gt;&#xd;
    &lt;a href=&quot;/locations/$urlTitle&quot; class=&quot;pull-left icon-badge&quot;&gt;&#xd;
        &lt;i class=&quot;fa fa-map-marker fa-3x&quot;&gt;&lt;/i&gt;&#xd;
    &lt;/a&gt;&#xd;
    &lt;div class=&quot;media-body&quot;&gt;&#xd;
        &lt;a href=&quot;/locations/$urlTitle&quot;&gt;&#xd;
        	&lt;div class=&quot;media-heading&quot;&gt;$!{title}&lt;/div&gt;&#xd;
		&lt;/a&gt;&#xd;
		&lt;address&gt;&#xd;
			$address1&#xd;
			#if ($UtilMethods.isSet($address2))&#xd;
				$address2&lt;br/&gt;&#xd;
			#end&#xd;
			$city, &#xd;
			$state $zip&#xd;
			#if($country != &quot;United States&quot; &amp;&amp; $country != &quot;Canada&quot;)&#xd;
				$country&#xd;
			#end&#xd;
		&lt;/address&gt;&#xd;
	&lt;/div&gt;&#xd;
&lt;/div&gt;&#xd;
&#xd;
&lt;hr&gt;</code>
  </com.dotmarketing.beans.ContainerStructure>
  <com.dotmarketing.beans.ContainerStructure>
    <id>14d82cd6-1330-4892-b9db-a87ab97b0a84</id>
    <structureId>2182e848-0240-4931-b63d-824962b66007</structureId>
    <containerInode>6a4bcd45-070e-4549-a98b-62c6dfc39ea0</containerInode>
    <containerId>bf26b7b2-7a97-4bb6-9887-834ea03341db</containerId>
    <code>&lt;div class=&quot;media&quot;&gt;&#xd;
    #if ($UtilMethods.isSet(${fileBinaryFileURI}))&#xd;
      #set ($filePath = $!{fileBinaryFileURI} + &apos;/&apos; + $!{fileBinaryFileTitle})&#xd;
    #else&#xd;
      #set ($filePath = $url)&#xd;
    #end&#xd;
    #if ($UtilMethods.getFileExtension($filePath) != &apos;mp3&apos;)&#xd;
&#xd;
      #if ($UtilMethods.isImage($filePath))&#xd;
          &lt;a href=&quot;${filePath}&quot; class=&quot;js-fancybox-img thumb image-thumb&quot; title=&quot;$!{title}&quot;&gt;&#xd;
            #if ($UtilMethods.isImage($file))&#xd;
              &lt;img src=&quot;/contentAsset/resize-image/${ContentIdentifier}/file/w/400&quot; alt=&quot;$!{title}&quot; /&gt;&#xd;
            #else&#xd;
              &lt;img src=&quot;/contentAsset/resize-image/${ContentIdentifier}/thumbnail/w/400&quot; alt=&quot;$!{title}&quot; /&gt;&#xd;
            #end&#xd;
          &lt;/a&gt;&#xd;
      #else&#xd;
        #if ($UtilMethods.isSet(${fileBinaryFileURI}))&#xd;
            &lt;a href=&quot;#$!{ContentIdentifier}&quot; class=&quot;js-fancybox-media-file thumb media-thumb&quot; title=&quot;$!{title}&quot;&gt;&#xd;
              #if ($UtilMethods.isSet(${thumbnailBinaryFileURI}))&#xd;
                &lt;img src=&quot;/contentAsset/resize-image/${ContentIdentifier}/thumbnail/w/400&quot; alt=&quot;$!{title}&quot; /&gt;&#xd;
              #else&#xd;
                $!{title}&#xd;
              #end&#xd;
            &lt;/a&gt;&#xd;
            &lt;div class=&quot;hidden&quot;&gt;&#xd;
              &lt;video id=&quot;$!{ContentIdentifier}&quot; class=&quot;video-js vjs-default-skin vjs-big-play-centered&quot;&#xd;
                controls preload=&quot;auto&quot; width=&quot;640&quot; height=&quot;480&quot;&#xd;
                poster=&quot;/contentAsset/resize-image/${ContentIdentifier}/thumbnail/w/640&quot;&#xd;
                data-setup=&apos;{ &quot;controls&quot;: true, &quot;autoplay&quot;: false, &quot;preload&quot;: &quot;metadata&quot; }&apos;&gt;&#xd;
                &lt;source src=&quot;$!{filePath}&quot; type=&apos;video/$!{UtilMethods.getFileExtension($filePath)}&apos; /&gt;&#xd;
              &lt;/video&gt;&#xd;
            &lt;/div&gt;&#xd;
        #else&#xd;
            &lt;a href=&quot;$!{filePath}&quot; class=&quot;js-fancybox-media-link thumb media-thumb&quot; title=&quot;$!{title}&quot;&gt;&#xd;
              #if ($UtilMethods.isSet(${thumbnailBinaryFileURI}))&#xd;
                &lt;img src=&quot;/contentAsset/resize-image/${ContentIdentifier}/thumbnail/w/400&quot; alt=&quot;$!{title}&quot; /&gt;&#xd;
              #else&#xd;
                $!{title}&#xd;
              #end&#xd;
            &lt;/a&gt;&#xd;
        #end&#xd;
      #end&#xd;
&#xd;
    #else&#xd;
        &lt;a href=&quot;#$!{ContentIdentifier}&quot; class=&quot;js-fancybox-media-file thumb media-thumb&quot; title=&quot;$!{title}&quot;&gt;&#xd;
          #if ($UtilMethods.isSet(${thumbnailBinaryFileURI}))&#xd;
            &lt;img src=&quot;/contentAsset/resize-image/${ContentIdentifier}/thumbnail/w/400&quot; alt=&quot;$!{title}&quot; /&gt;&#xd;
          #else&#xd;
            $!{title}&#xd;
          #end&#xd;
        &lt;/a&gt;&#xd;
        &lt;div class=&quot;hidden&quot;&gt;&#xd;
          &lt;audio id=&quot;$!{ContentIdentifier}&quot; class=&quot;video-js vjs-default-skin vjs-big-play-centered&quot;&#xd;
            controls preload=&quot;auto&quot; width=&quot;640&quot; height=&quot;480&quot;&gt;&#xd;
            &lt;source src=&quot;$!{filePath}&quot; type=&apos;audio/$!{UtilMethods.getFileExtension($filePath)}&apos; /&gt;&#xd;
          &lt;/audio&gt;&#xd;
        &lt;/div&gt;&#xd;
    #end&#xd;
&lt;/div&gt;&#xd;
&#xd;
&lt;hr&gt;</code>
  </com.dotmarketing.beans.ContainerStructure>
  <com.dotmarketing.beans.ContainerStructure>
    <id>193a77ba-9b84-4440-b44c-30894ce32e42</id>
    <structureId>9ea36ae1-7775-48ae-99fe-f4ebca03a3de</structureId>
    <containerInode>fbd1cdbf-85ce-481d-ba5b-58150d1d9aec</containerInode>
    <containerId>fc193c82-8c32-4abe-ba8a-49522328c93e</containerId>
    <code>&lt;script&gt;&#xd;
    $(document).ready(function() {&#xd;
&#xd;
        jQuery.getJSON(&quot;https://query.yahooapis.com/v1/public/yql?q=select%20*%20from%20yahoo.finance.quotes%20where%20symbol%20in%20(%22$!{tickerSymbol}%22)&amp;format=json&amp;env=store%3A%2F%2Fdatatables.org%2Falltableswithkeys&amp;callback=?&quot;,&#xd;
        function(data) {&#xd;
	      //var q = (data.query.results.quote.PreviousClose);&#xd;
	      var x = (data.query.results.quote.Change);&#xd;
	      var y = (data.query.results.quote.PercentChange);&#xd;
	&#xd;
	      //jQuery(&quot;#price$!{tickerSymbol}SM&quot;).append(q);&#xd;
	&#xd;
	      if (x.indexOf(&quot;-&quot;) != -1) {&#xd;
	        var x = &quot;&lt;span class=\&quot;down\&quot;&gt;&amp;nbsp;(&quot; + y + &quot;)&lt;/span&gt;&quot;;&#xd;
	      } else if (x.indexOf(&quot;+&quot;) != -1) {&#xd;
	        var x = &quot;&lt;span class=\&quot;up\&quot;&gt;&amp;nbsp;(&quot; + y + &quot;)&lt;/span&gt;&quot;;&#xd;
	      } else {&#xd;
	        var x = &quot;&lt;span&gt;&amp;nbsp;(&quot; + y + &quot;)&lt;/span&gt;&quot;;&#xd;
	      }&#xd;
	      jQuery(&quot;#change$!{tickerSymbol}SM&quot;).append(x);&#xd;
	    });&#xd;
&#xd;
	});&#xd;
&lt;/script&gt;&#xd;
&#xd;
&lt;table class=&quot;table&quot;&gt;&#xd;
	&lt;tr&gt;&#xd;
		&lt;td&gt;$!{tickerSymbol}&lt;/td&gt;&#xd;
		&lt;td style=&quot;text-align: right;&quot;&gt;&#xd;
			&lt;!--&lt;span class=&quot;price&quot; id=&quot;price$!{tickerSymbol}SM&quot;&gt;&lt;/span&gt;--&gt;&#xd;
       		&lt;span id=&quot;change$!{tickerSymbol}SM&quot;&gt;&lt;/span&gt;&#xd;
       	&lt;/td&gt;&#xd;
	&lt;/tr&gt;&#xd;
&lt;/table&gt;&#xd;
&#xd;
&#xd;
&lt;hr&gt;</code>
  </com.dotmarketing.beans.ContainerStructure>
  <com.dotmarketing.beans.ContainerStructure>
    <id>1c437426-24d8-4b23-83cf-4713b8661c47</id>
    <structureId>2a3e91e4-fbbf-4876-8c5b-2233c1739b05</structureId>
    <containerInode>885060ee-0f08-43bc-9147-0d4ab0aa5cbc</containerInode>
    <containerId>5363c6c6-5ba0-4946-b7af-cf875188ac2e</containerId>
    <code>#dotedit($CONTENT_INODE, $body)</code>
  </com.dotmarketing.beans.ContainerStructure>
  <com.dotmarketing.beans.ContainerStructure>
    <id>2b327a7c-b93d-4d1c-bfa0-b07892ebb193</id>
    <structureId>f6259cc9-5d78-453e-8167-efd7b72b2e96</structureId>
    <containerInode>fbd1cdbf-85ce-481d-ba5b-58150d1d9aec</containerInode>
    <containerId>fc193c82-8c32-4abe-ba8a-49522328c93e</containerId>
    <code>&lt;div class=&quot;media&quot;&gt;&#xd;
    &lt;a class=&quot;pull-left&quot; href=&quot;/news-events/events/$urlTitle&quot;&gt;&#xd;
          &lt;div class=&quot;date-badge&quot;&gt;&#xd;
      		&lt;span class=&quot;date-month&quot;&gt;$date.format(&apos;MMM&apos;, ${startDate})&lt;/span&gt;&#xd;
      		&lt;span class=&quot;date-day&quot;&gt;$date.format(&apos;d&apos;, ${startDate})&lt;/span&gt;&#xd;
      	&lt;/div&gt;&#xd;
	&lt;/a&gt;&#xd;
	&lt;div class=&quot;media-body&quot;&gt;&#xd;
    	&lt;div class=&quot;media-heading&quot;&gt;&lt;a href=&quot;/news-events/events/$urlTitle&quot;&gt;$title&lt;/a&gt;&lt;/div&gt;&#xd;
	&lt;/div&gt;&#xd;
&lt;/div&gt;&#xd;
&#xd;
&lt;hr&gt;</code>
  </com.dotmarketing.beans.ContainerStructure>
  <com.dotmarketing.beans.ContainerStructure>
    <id>303e18cc-b024-4dbb-a160-284a57cce5b2</id>
    <structureId>799f176a-d32e-4844-a07c-1b5fcd107578</structureId>
    <containerInode>467cc266-7931-42e4-ae20-4a8056fe6ee9</containerInode>
    <containerId>d5f5f4ee-067e-4d72-addd-afd80989f684</containerId>
    <code>&lt;span class=&quot;label label-default pull-right&quot;&gt;Blog&lt;/span&gt;&#xd;
&lt;a href=&quot;/blogs/$urlTitle&quot; class=&quot;media-heading&quot;&gt;$title&lt;/a&gt;&#xd;
&lt;div class=&quot;media-subheading&quot;&gt;&#xd;
    &lt;time datetime=&quot;$date.format(&apos;yyyy-MM-dd&apos;,$sysPublishDate)T$date.format(&apos;hh:mm:ss&apos;,$sysPublishDate)&quot; class=&quot;date&quot;&gt;$date.format(&apos;MMM dd yyyy&apos;, $sysPublishDate)&lt;/time&gt;&#xd;
    &lt;span class=&quot;author&quot;&gt;by: $author&lt;/span&gt;&#xd;
&lt;/div&gt;&#xd;
&#xd;
&lt;hr&gt;</code>
  </com.dotmarketing.beans.ContainerStructure>
  <com.dotmarketing.beans.ContainerStructure>
    <id>3341e77a-6129-4b38-939b-c60e08561568</id>
    <structureId>2a3e91e4-fbbf-4876-8c5b-2233c1739b05</structureId>
    <containerInode>a7445635-14a4-47fc-a9ae-5ff4c80acffe</containerInode>
    <containerId>5eb11b21-6b13-4fb8-a823-1de20bba56c0</containerId>
    <code>#dotedit($CONTENT_INODE, $body)</code>
  </com.dotmarketing.beans.ContainerStructure>
  <com.dotmarketing.beans.ContainerStructure>
    <id>37e0a2e1-ab3d-4830-a402-57cec7565c0a</id>
    <structureId>2a3e91e4-fbbf-4876-8c5b-2233c1739b05</structureId>
    <containerInode>fbd1cdbf-85ce-481d-ba5b-58150d1d9aec</containerInode>
    <containerId>fc193c82-8c32-4abe-ba8a-49522328c93e</containerId>
    <code>#dotedit($CONTENT_INODE, $body)</code>
  </com.dotmarketing.beans.ContainerStructure>
  <com.dotmarketing.beans.ContainerStructure>
    <id>3a4c133c-d7b4-42ce-bc34-af8a2e3e5f3b</id>
    <structureId>28039964-5615-4ccf-bb96-ded62adbcc6a</structureId>
    <containerInode>fbd1cdbf-85ce-481d-ba5b-58150d1d9aec</containerInode>
    <containerId>fc193c82-8c32-4abe-ba8a-49522328c93e</containerId>
    <code>&lt;a href=&quot;/news/$urlTitle&quot;&gt;$title&lt;/a&gt;&#xd;
&#xd;
&lt;hr&gt;</code>
  </com.dotmarketing.beans.ContainerStructure>
  <com.dotmarketing.beans.ContainerStructure>
    <id>40fe1a61-21ba-4263-ad50-3b2685cd529d</id>
    <structureId>2a3e91e4-fbbf-4876-8c5b-2233c1739b05</structureId>
    <containerInode>3ba890c5-670c-467d-890d-bd8e9b9bb5ef</containerInode>
    <containerId>d71d56b4-0a8b-4bb2-be15-ffa5a23366ea</containerId>
    <code>$!{body}</code>
  </com.dotmarketing.beans.ContainerStructure>
  <com.dotmarketing.beans.ContainerStructure>
    <id>42cec839-cf41-4bfc-924f-3b671df6c296</id>
    <structureId>f6259cc9-5d78-453e-8167-efd7b72b2e96</structureId>
    <containerInode>467cc266-7931-42e4-ae20-4a8056fe6ee9</containerInode>
    <containerId>d5f5f4ee-067e-4d72-addd-afd80989f684</containerId>
    <code>#if($UtilMethods.isSet($recurrenceStartDate) &amp;&amp; $UtilMethods.isSet($recurrenceEndDate))&#xd;
    #set($vcalendarUrl = &quot;/dotCMS/downloadVCalendar?id=$ContentIdentifier&amp;recurrenceStartDate=$date.format(&apos;dd/MM/yyyy HH:mm:ss&apos;,$startDate)&amp;recurrenceEndDate=$date.format(&apos;dd/MM/yyyy HH:mm:ss&apos;,$endDate)&quot;)&#xd;
#else&#xd;
    #set($vcalendarUrl = &quot;/dotCMS/downloadVCalendar?id=${content.ContentIdentifier}&quot;)&#xd;
#end&#xd;
&#xd;
&#xd;
&lt;div class=&quot;media&quot;&gt;&#xd;
    &lt;a class=&quot;pull-left&quot; href=&quot;/news-events/events/$urlTitle&quot;&gt;&#xd;
          &lt;div class=&quot;date-badge&quot;&gt;&#xd;
      		&lt;span class=&quot;date-month&quot;&gt;$date.format(&apos;MMM&apos;, ${startDate})&lt;/span&gt;&#xd;
      		&lt;span class=&quot;date-day&quot;&gt;$date.format(&apos;d&apos;, ${startDate})&lt;/span&gt;&#xd;
      	&lt;/div&gt;&#xd;
	&lt;/a&gt;&#xd;
	&lt;div class=&quot;media-body&quot;&gt;&#xd;
		&lt;span class=&quot;label label-default pull-right&quot;&gt;Event&lt;/span&gt;&#xd;
    	&lt;div class=&quot;media-heading&quot;&gt;&lt;a href=&quot;/news-events/events/$urlTitle&quot;&gt;$title&lt;/a&gt;&lt;/div&gt;&#xd;
		&lt;div class=&quot;media-subheading&quot; datetime=&quot;$date.format(&apos;yyyy-M-dd&apos;,$event.startDate)&quot;&gt;&#xd;
			#set($startDateV = $date.format(&apos;MMMM d, h:mm a&apos;, ${startDate}))&#xd;
			#set($endDateV = $date.format(&apos;MMMM d, h:mm a&apos;, ${endDate}))&#xd;
			&#xd;
			#if($startDate == $endDate)&#xd;
				&lt;time&gt;$startDateV&lt;/time&gt;&#xd;
			#elseif($date.format(&apos;EEE, MMMM d yyyy&apos;,$startDateV) == $date.format(&apos;EEE, MMMM d yyyy&apos;,$endDateV))&#xd;
				#if($date.format(&apos;h:mm a&apos;,$startDate) == &apos;12:00 AM&apos; &amp;&amp; $date.format(&apos;h:mm a&apos;,$endDate) == &apos;11:59 PM&apos; )&#xd;
					$date.format(&apos;MMMM d&apos;, ${endDate}) (all day event)&#xd;
				#else&#xd;
					$startDateV - $date.format(&apos;h:mm a&apos;,$endDate)&#xd;
				#end&#xd;
			#else&#xd;
				$startDateV - $endDateV&#xd;
			#end&#xd;
		&lt;/div&gt;&#xd;
		&lt;!-- $UtilMethods.prettyShortenString(&quot;$description&quot;, 200) --&gt;&#xd;
	&lt;/div&gt;&#xd;
&lt;/div&gt;&#xd;
&#xd;
&lt;hr&gt;</code>
  </com.dotmarketing.beans.ContainerStructure>
  <com.dotmarketing.beans.ContainerStructure>
    <id>556b4fe2-bcb8-4f8e-abe7-8658e5347731</id>
    <structureId>4c441ada-944a-43af-a653-9bb4f3f0cb2b</structureId>
    <containerInode>ac39a888-5968-4465-bbfd-d6aa16998b3a</containerInode>
    <containerId>6a12bbda-0ae2-4121-a98b-ad8069eaff3a</containerId>
    <code>## NUMBER OF RESULTS&#xd;
#if($EDIT_MODE)&#xd;
    #set($NUMBER_OF_RESULTS = &quot;4&quot;)&#xd;
#else &#xd;
    #set($NUMBER_OF_RESULTS = &quot;1&quot;)&#xd;
#end&#xd;
&#xd;
&#xd;
#if($EDIT_MODE)&#xd;
	&lt;div class=&quot;alert alert-success&quot;&gt;The banners are personalized based on tags and/or personas assigned to the visitor.&lt;/div&gt;&#xd;
	&lt;div class=&quot;carousel-edit-mode&quot;&gt;&#xd;
#else&#xd;
	#set($slidesList = $contents.getEmptyList())&#xd;
	&lt;div id=&quot;carousel-home&quot; class=&quot;carousel-default carousel carousel-banner slide hidden-xs blue-gradient&quot; data-ride=&quot;carousel&quot; style=&quot; margin-bottom: 40px;&quot;&gt;&#xd;
		&lt;!-- Wrapper for slides --&gt;&#xd;
		&lt;div class=&quot;carousel-inner&quot;&gt;&#xd;
#end&#xd;
&#xd;
&#xd;
&#xd;
#foreach($con in $dotcontent.pullPersonalized(&quot;+contentType:Banner +(conhost:48190c8c-42c4-46af-8d1a-0cd5db894797 conhost:SYSTEM_HOST)&quot;,1))&#xd;
&#xd;
	#if($EDIT_MODE)&#xd;
		&lt;div style=&quot;margin: 20px 10px;float:left;width: 250px;min-height: 275px;border: 1px solid #ddd;background: $con.backgroundColor;&quot;&gt;&#xd;
			#editContentlet($con.inode)&#xd;
			&lt;div style=&quot;height: 150px;width:250px;overflow: hidden;&quot;&gt;&lt;img src=&quot;/dA/$con.shorty/image/300h/jpegp/$con.image.name&quot; alt=&quot;$!{con.title}&quot; style=&quot;width:250px;&quot;&gt;&lt;/div&gt;&#xd;
			&lt;div style=&quot;padding: 10px;margin-bottom:20px;color:$!{con.textColor.selectValue};&quot;&gt;&#xd;
				&lt;b&gt;$!{con.title}&lt;/b&gt;&lt;br&gt;&#xd;
				&lt;i&gt;Layout: $con.layout&lt;/i&gt;&#xd;
			&lt;/div&gt;&#xd;
		&lt;/div&gt;&#xd;
	#else&#xd;
&#xd;
		#if($velocityCount &gt; 1)&#xd;
			#set($classItem = &apos;item layout&apos; + $con.layout)&#xd;
		#else&#xd;
			#set($classItem = &apos;item active layout&apos; + $con.layout)&#xd;
		#end&#xd;
		&#xd;
		#if($con.layout == 1)&#xd;
			&lt;div class=&quot;$!{classItem}&quot; style=&quot;background: $con.backgroundColor;&quot;&gt;&#xd;
				&lt;div class=&quot;container&quot;&gt;&#xd;
					&lt;div class=&quot;row flex-row-reverse&quot;&gt;&#xd;
						&lt;div class=&quot;col-md-6&quot;&gt;&#xd;
							&lt;img src=&quot;/dA/$con.shorty/image/600h/jpeg/$con.image.name&quot; alt=&quot;$!{con.title}&quot; style=&quot;float:right;&quot;&gt;&#xd;
						&lt;/div&gt;&#xd;
						&lt;div class=&quot;col-md-6 banner-caption&quot; style=&quot;color: $!{con.textColor.selectValue};&quot;&gt;&#xd;
							$!{con.caption1}&#xd;
						&lt;/div&gt;&#xd;
					&lt;/div&gt;&#xd;
				&lt;/div&gt;&#xd;
			&lt;/div&gt;&#xd;
		#elseif($con.layout == 2)&#xd;
			&lt;div class=&quot;$!{classItem}&quot; style=&quot;background: $con.backgroundColor;&quot;&gt;&#xd;
				&lt;div class=&quot;container&quot;&gt;&#xd;
					&lt;div class=&quot;row flex-row-reverse&quot;&gt;&#xd;
						&lt;div class=&quot;col-md-6 banner-caption&quot; style=&quot;color: $!{con.textColor.selectValue};&quot;&gt;&#xd;
							$!{con.caption1}&#xd;
						&lt;/div&gt;&#xd;
						&lt;div class=&quot;col-md-6&quot;&gt;&#xd;
							&lt;img src=&quot;/dA/$con.shorty/image/600h/jpeg/$con.image.name&quot; alt=&quot;$!{con.title}&quot; style=&quot;float:left;&quot;&gt;&#xd;
						&lt;/div&gt;&#xd;
					&lt;/div&gt;&#xd;
				&lt;/div&gt;&#xd;
			&lt;/div&gt;&#xd;
		#elseif($con.layout == 3)&#xd;
			&lt;div class=&quot;$!{classItem}&quot; style=&quot;background: $con.backgroundColor url(&apos;/dA/$con.shorty/image/1200h/jpeg/$con.image.name&apos;) no-repeat center center;background-size:cover;&quot;&gt;&#xd;
				&lt;div class=&quot;container&quot;&gt;&#xd;
					&lt;div class=&quot;row flex-row-reverse&quot;&gt;&#xd;
						&lt;div class=&quot;col-md-8 banner-caption&quot;&gt;&#xd;
							&lt;div style=&quot;height:370px;margin-top: 80px; color: $!{con.textColor.selectValue};&quot;&gt;&#xd;
								$con.caption1&#xd;
							&lt;/div&gt;&#xd;
						&lt;/div&gt;&#xd;
					&lt;/div&gt;&#xd;
				&lt;/div&gt;&#xd;
			&lt;/div&gt;&#xd;
		#elseif($con.layout == 4)&#xd;
			&lt;div class=&quot;$!{classItem}&quot;&gt;&#xd;
				&lt;div class=&quot;bg-wrapper&quot; style=&quot;background-color: $con.backgroundColor; background-image: url(&apos;/dA/$con.shorty/image/1200h/jpegp/$con.image.name&apos;); background-size:cover;&quot;&gt;&#xd;
					&lt;div class=&quot;container&quot;&gt;&#xd;
						&lt;div class=&quot;row flex-row-reverse&quot;&gt;&#xd;
							&lt;div class=&quot;col-md-7 col-md-offset-5 banner-caption&quot; style=&quot;margin-top: 120px;color: $!{con.textColor.selectValue};&quot;&gt;&#xd;
								$!{con.caption1}&#xd;
							&lt;/div&gt;&#xd;
						&lt;/div&gt;&#xd;
					&lt;/div&gt;&#xd;
				&lt;/div&gt;&#xd;
			&lt;/div&gt;&#xd;
		#end&#xd;
		&#xd;
	#end&#xd;
	#set($dummy = $slidesList.add(&quot;$!{con.ContentIdentifier}&quot;))&#xd;
#end&#xd;
&#xd;
#if($EDIT_MODE)&#xd;
    &lt;/div&gt;&#xd;
#else&#xd;
		&lt;/div&gt;&#xd;
&#xd;
		#if($NUMBER_OF_RESULTS != 1)&#xd;
			&lt;!-- Indicators --&gt;&#xd;
			&lt;ol class=&quot;carousel-indicators&quot;&gt;&#xd;
				#set($classIndicator = &apos; class=&quot;active&quot;&apos;)&#xd;
				#foreach($slide in $slidesList)&#xd;
					#if($velocityCount &gt; 1)&#xd;
						#set($classIndicator = &apos;&apos;)&#xd;
					#end&#xd;
					&lt;li data-target=&quot;#carousel-home&quot; data-slide-to=&quot;$math.sub($velocityCount, 1)&quot;$!{classIndicator}&gt;&lt;/li&gt;&#xd;
				#end&#xd;
			&lt;/ol&gt;&#xd;
			&#xd;
			&lt;!-- Controls --&gt;&#xd;
			&lt;a class=&quot;left carousel-control&quot; href=&quot;#carousel-home&quot; data-slide=&quot;prev&quot;&gt;&#xd;
				&lt;span class=&quot;fa fa-angle-left fa-2x&quot;&gt;&lt;/span&gt;&#xd;
			&lt;/a&gt;&#xd;
			&lt;a class=&quot;right carousel-control&quot; href=&quot;#carousel-home&quot; data-slide=&quot;next&quot;&gt;&#xd;
				&lt;span class=&quot;fa fa-angle-right fa-2x&quot;&gt;&lt;/span&gt;&#xd;
			&lt;/a&gt;&#xd;
		#end&#xd;
	&lt;/div&gt;&#xd;
#end</code>
  </com.dotmarketing.beans.ContainerStructure>
  <com.dotmarketing.beans.ContainerStructure>
    <id>575a45b8-75a0-4449-b3bf-d319d6bb106d</id>
    <structureId>799f176a-d32e-4844-a07c-1b5fcd107578</structureId>
    <containerInode>6a4bcd45-070e-4549-a98b-62c6dfc39ea0</containerInode>
    <containerId>bf26b7b2-7a97-4bb6-9887-834ea03341db</containerId>
    <code>&lt;span class=&quot;label label-default pull-right&quot;&gt;Blog&lt;/span&gt;&#xd;
&lt;a href=&quot;/blogs/$urlTitle&quot; class=&quot;media-heading&quot;&gt;$title&lt;/a&gt;&#xd;
&lt;div class=&quot;media-subheading&quot;&gt;&#xd;
    &lt;time datetime=&quot;$date.format(&apos;yyyy-MM-dd&apos;,$sysPublishDate)T$date.format(&apos;hh:mm:ss&apos;,$sysPublishDate)&quot; class=&quot;date&quot;&gt;$date.format(&apos;MMM dd yyyy&apos;, $sysPublishDate)&lt;/time&gt;&#xd;
    &lt;span class=&quot;author&quot;&gt;by: $author&lt;/span&gt;&#xd;
&lt;/div&gt;&#xd;
&#xd;
&lt;hr&gt;</code>
  </com.dotmarketing.beans.ContainerStructure>
  <com.dotmarketing.beans.ContainerStructure>
    <id>5fa786dc-b9c4-4dc8-bd23-567bd8ca6f25</id>
    <structureId>2a3e91e4-fbbf-4876-8c5b-2233c1739b05</structureId>
    <containerInode>6a4bcd45-070e-4549-a98b-62c6dfc39ea0</containerInode>
    <containerId>bf26b7b2-7a97-4bb6-9887-834ea03341db</containerId>
    <code>#dotedit($CONTENT_INODE, $body)</code>
  </com.dotmarketing.beans.ContainerStructure>
  <com.dotmarketing.beans.ContainerStructure>
    <id>65a8551f-5aab-4cb0-b7d4-4c695b5182af</id>
    <structureId>2a3e91e4-fbbf-4876-8c5b-2233c1739b05</structureId>
    <containerInode>8cbcb97e-8e04-4691-8555-da82c3dc4a91</containerInode>
    <containerId>a6e9652b-8183-4c09-b775-26196b09a300</containerId>
    <code>#dotedit($CONTENT_INODE, $body)</code>
  </com.dotmarketing.beans.ContainerStructure>
  <com.dotmarketing.beans.ContainerStructure>
    <id>6b72b1b7-8a9f-49bf-8202-39016787eb18</id>
    <structureId>d8262b9f-84ea-46f9-88c4-0c8959271d67</structureId>
    <containerInode>467cc266-7931-42e4-ae20-4a8056fe6ee9</containerInode>
    <containerId>d5f5f4ee-067e-4d72-addd-afd80989f684</containerId>
    <code>&lt;div class=&quot;media&quot;&gt;&#xd;
    &lt;span class=&quot;label label-default pull-right&quot;&gt;Document&lt;/span&gt;&#xd;
&#xd;
    &lt;div class=&quot;media-heading&quot;&gt;&#xd;
        #if ($UtilMethods.isSet(${fileAssetBinaryFileURI})) &#xd;
        	&lt;a href=&quot;$!{fileAssetBinaryFileURI}?force_download=1&amp;filename=$!{fileAssetBinaryFileTitle}&quot;&gt;${title}&lt;/a&gt; &#xd;
		#end &#xd;
    &lt;/div&gt;&#xd;
    #if ($UtilMethods.isSet($description1))&#xd;
      &lt;div class=&quot;media-subheading&quot;&gt;$UtilMethods.prettyShortenString(&quot;$description1&quot;, 125)&lt;/div&gt;&#xd;
    #end&#xd;
&lt;/div&gt;&#xd;
&#xd;
&lt;hr&gt;</code>
  </com.dotmarketing.beans.ContainerStructure>
  <com.dotmarketing.beans.ContainerStructure>
    <id>6f69ecac-95ca-47ad-a6e9-6b5ca8a79781</id>
    <structureId>799f176a-d32e-4844-a07c-1b5fcd107578</structureId>
    <containerInode>fbd1cdbf-85ce-481d-ba5b-58150d1d9aec</containerInode>
    <containerId>fc193c82-8c32-4abe-ba8a-49522328c93e</containerId>
    <code>&lt;a href=&quot;/blogs/$urlTitle&quot; class=&quot;media-heading&quot;&gt;$title&lt;/a&gt;&#xd;
&#xd;
&lt;hr&gt;</code>
  </com.dotmarketing.beans.ContainerStructure>
  <com.dotmarketing.beans.ContainerStructure>
    <id>7035afdc-103b-4c11-b2f5-e93a24b9cd42</id>
    <structureId>f6259cc9-5d78-453e-8167-efd7b72b2e96</structureId>
    <containerInode>6a4bcd45-070e-4549-a98b-62c6dfc39ea0</containerInode>
    <containerId>bf26b7b2-7a97-4bb6-9887-834ea03341db</containerId>
    <code>#if($UtilMethods.isSet($recurrenceStartDate) &amp;&amp; $UtilMethods.isSet($recurrenceEndDate))&#xd;
    #set($vcalendarUrl = &quot;/dotCMS/downloadVCalendar?id=$ContentIdentifier&amp;recurrenceStartDate=$date.format(&apos;dd/MM/yyyy HH:mm:ss&apos;,$startDate)&amp;recurrenceEndDate=$date.format(&apos;dd/MM/yyyy HH:mm:ss&apos;,$endDate)&quot;)&#xd;
#else&#xd;
    #set($vcalendarUrl = &quot;/dotCMS/downloadVCalendar?id=${content.ContentIdentifier}&quot;)&#xd;
#end&#xd;
&#xd;
&#xd;
&lt;div class=&quot;media&quot;&gt;&#xd;
    &lt;a class=&quot;pull-left&quot; href=&quot;/news-events/events/$urlTitle&quot;&gt;&#xd;
          &lt;div class=&quot;date-badge&quot;&gt;&#xd;
      		&lt;span class=&quot;date-month&quot;&gt;$date.format(&apos;MMM&apos;, ${startDate})&lt;/span&gt;&#xd;
      		&lt;span class=&quot;date-day&quot;&gt;$date.format(&apos;d&apos;, ${startDate})&lt;/span&gt;&#xd;
      	&lt;/div&gt;&#xd;
	&lt;/a&gt;&#xd;
	&lt;div class=&quot;media-body&quot;&gt;&#xd;
		&lt;span class=&quot;label label-default pull-right&quot;&gt;Event&lt;/span&gt;&#xd;
    	&lt;div class=&quot;media-heading&quot;&gt;&lt;a href=&quot;/news-events/events/$urlTitle&quot;&gt;$title&lt;/a&gt;&lt;/div&gt;&#xd;
		&lt;div class=&quot;media-subheading&quot; datetime=&quot;$date.format(&apos;yyyy-M-dd&apos;,$event.startDate)&quot;&gt;&#xd;
			#set($startDateV = $date.format(&apos;MMMM d, h:mm a&apos;, ${startDate}))&#xd;
			#set($endDateV = $date.format(&apos;MMMM d, h:mm a&apos;, ${endDate}))&#xd;
			&#xd;
			#if($startDate == $endDate)&#xd;
				&lt;time&gt;$startDateV&lt;/time&gt;&#xd;
			#elseif($date.format(&apos;EEE, MMMM d yyyy&apos;,$startDateV) == $date.format(&apos;EEE, MMMM d yyyy&apos;,$endDateV))&#xd;
				#if($date.format(&apos;h:mm a&apos;,$startDate) == &apos;12:00 AM&apos; &amp;&amp; $date.format(&apos;h:mm a&apos;,$endDate) == &apos;11:59 PM&apos; )&#xd;
					$date.format(&apos;MMMM d&apos;, ${endDate}) (all day event)&#xd;
				#else&#xd;
					$startDateV - $date.format(&apos;h:mm a&apos;,$endDate)&#xd;
				#end&#xd;
			#else&#xd;
				$startDateV - $endDateV&#xd;
			#end&#xd;
		&lt;/div&gt;&#xd;
		&lt;!-- $UtilMethods.prettyShortenString(&quot;$description&quot;, 200) --&gt;&#xd;
	&lt;/div&gt;&#xd;
&lt;/div&gt;&#xd;
&#xd;
&lt;hr&gt;</code>
  </com.dotmarketing.beans.ContainerStructure>
  <com.dotmarketing.beans.ContainerStructure>
    <id>78634168-088d-470e-bbf5-da8341dad544</id>
    <structureId>2182e848-0240-4931-b63d-824962b66007</structureId>
    <containerInode>885060ee-0f08-43bc-9147-0d4ab0aa5cbc</containerInode>
    <containerId>5363c6c6-5ba0-4946-b7af-cf875188ac2e</containerId>
    <code>&lt;div class=&quot;media&quot;&gt;&#xd;
    #if ($UtilMethods.isSet(${fileBinaryFileURI}))&#xd;
      #set ($filePath = $!{fileBinaryFileURI} + &apos;/&apos; + $!{fileBinaryFileTitle})&#xd;
    #else&#xd;
      #set ($filePath = $url)&#xd;
    #end&#xd;
    #if ($UtilMethods.getFileExtension($filePath) != &apos;mp3&apos;)&#xd;
&#xd;
      #if ($UtilMethods.isImage($filePath))&#xd;
          &lt;a href=&quot;${filePath}&quot; class=&quot;js-fancybox-img thumb image-thumb&quot; title=&quot;$!{title}&quot;&gt;&#xd;
            #if ($UtilMethods.isImage($file))&#xd;
              &lt;img src=&quot;/contentAsset/resize-image/${ContentIdentifier}/file/w/400&quot; alt=&quot;$!{title}&quot; /&gt;&#xd;
            #else&#xd;
              &lt;img src=&quot;/contentAsset/resize-image/${ContentIdentifier}/thumbnail/w/400&quot; alt=&quot;$!{title}&quot; /&gt;&#xd;
            #end&#xd;
          &lt;/a&gt;&#xd;
      #else&#xd;
        #if ($UtilMethods.isSet(${fileBinaryFileURI}))&#xd;
            &lt;a href=&quot;#$!{ContentIdentifier}&quot; class=&quot;js-fancybox-media-file thumb media-thumb&quot; title=&quot;$!{title}&quot;&gt;&#xd;
              #if ($UtilMethods.isSet(${thumbnailBinaryFileURI}))&#xd;
                &lt;img src=&quot;/contentAsset/resize-image/${ContentIdentifier}/thumbnail/w/400&quot; alt=&quot;$!{title}&quot; /&gt;&#xd;
              #else&#xd;
                $!{title}&#xd;
              #end&#xd;
            &lt;/a&gt;&#xd;
            &lt;div class=&quot;hidden&quot;&gt;&#xd;
              &lt;video id=&quot;$!{ContentIdentifier}&quot; class=&quot;video-js vjs-default-skin vjs-big-play-centered&quot;&#xd;
                controls preload=&quot;auto&quot; width=&quot;640&quot; height=&quot;480&quot;&#xd;
                poster=&quot;/contentAsset/resize-image/${ContentIdentifier}/thumbnail/w/640&quot;&#xd;
                data-setup=&apos;{ &quot;controls&quot;: true, &quot;autoplay&quot;: false, &quot;preload&quot;: &quot;metadata&quot; }&apos;&gt;&#xd;
                &lt;source src=&quot;$!{filePath}&quot; type=&apos;video/$!{UtilMethods.getFileExtension($filePath)}&apos; /&gt;&#xd;
              &lt;/video&gt;&#xd;
            &lt;/div&gt;&#xd;
        #else&#xd;
            &lt;a href=&quot;$!{filePath}&quot; class=&quot;js-fancybox-media-link thumb media-thumb&quot; title=&quot;$!{title}&quot;&gt;&#xd;
              #if ($UtilMethods.isSet(${thumbnailBinaryFileURI}))&#xd;
                &lt;img src=&quot;/contentAsset/resize-image/${ContentIdentifier}/thumbnail/w/400&quot; alt=&quot;$!{title}&quot; /&gt;&#xd;
              #else&#xd;
                $!{title}&#xd;
              #end&#xd;
            &lt;/a&gt;&#xd;
        #end&#xd;
      #end&#xd;
&#xd;
    #else&#xd;
        &lt;a href=&quot;#$!{ContentIdentifier}&quot; class=&quot;js-fancybox-media-file thumb media-thumb&quot; title=&quot;$!{title}&quot;&gt;&#xd;
          #if ($UtilMethods.isSet(${thumbnailBinaryFileURI}))&#xd;
            &lt;img src=&quot;/contentAsset/resize-image/${ContentIdentifier}/thumbnail/w/400&quot; alt=&quot;$!{title}&quot; /&gt;&#xd;
          #else&#xd;
            $!{title}&#xd;
          #end&#xd;
        &lt;/a&gt;&#xd;
        &lt;div class=&quot;hidden&quot;&gt;&#xd;
          &lt;audio id=&quot;$!{ContentIdentifier}&quot; class=&quot;video-js vjs-default-skin vjs-big-play-centered&quot;&#xd;
            controls preload=&quot;auto&quot; width=&quot;640&quot; height=&quot;480&quot;&gt;&#xd;
            &lt;source src=&quot;$!{filePath}&quot; type=&apos;audio/$!{UtilMethods.getFileExtension($filePath)}&apos; /&gt;&#xd;
          &lt;/audio&gt;&#xd;
        &lt;/div&gt;&#xd;
    #end&#xd;
&lt;/div&gt;&#xd;
&#xd;
&lt;hr&gt;</code>
  </com.dotmarketing.beans.ContainerStructure>
  <com.dotmarketing.beans.ContainerStructure>
    <id>7b13dfaf-949e-4927-99bc-beef48a46873</id>
    <structureId>28039964-5615-4ccf-bb96-ded62adbcc6a</structureId>
    <containerInode>6a4bcd45-070e-4549-a98b-62c6dfc39ea0</containerInode>
    <containerId>bf26b7b2-7a97-4bb6-9887-834ea03341db</containerId>
    <code>&lt;div class=&quot;media&quot;&gt;&#xd;
    &lt;div class=&quot;media-body&quot;&gt;&#xd;
        &lt;span class=&quot;label label-default pull-right&quot;&gt;News&lt;/span&gt;&#xd;
    	&lt;div class=&quot;media-heading&quot;&gt;&lt;a href=&quot;/news/$urlTitle&quot;&gt;$title&lt;/a&gt;&lt;/div&gt;&#xd;
    	&lt;div class=&quot;media-subheading&quot;&gt;&#xd;
            &lt;time datetime=&quot;$date.format(&apos;yyyy-MM-dd&apos;,$!{sysPublishDate})&quot;&gt;$date.format(&apos;MMM dd yyyy&apos;, ${sysPublishDate}) at $date.format(&apos;HH:mm z&apos;, $!{sysPublishDate})&lt;/time&gt;&#xd;
        &lt;/div&gt;&#xd;
	&lt;/div&gt;&#xd;
&lt;/div&gt;&#xd;
&#xd;
&lt;hr&gt;</code>
  </com.dotmarketing.beans.ContainerStructure>
  <com.dotmarketing.beans.ContainerStructure>
    <id>7c1e3680-7a11-4049-be32-464ff3b567f1</id>
    <structureId>d2a77f80-2628-4819-bfe9-e9916eb6ba70</structureId>
    <containerInode>467cc266-7931-42e4-ae20-4a8056fe6ee9</containerInode>
    <containerId>d5f5f4ee-067e-4d72-addd-afd80989f684</containerId>
    <code>&lt;div class=&quot;media&quot;&gt;&#xd;
    &lt;span class=&quot;label label-default pull-right&quot;&gt;Location&lt;/span&gt;&#xd;
    &lt;a href=&quot;/locations/$urlTitle&quot; class=&quot;pull-left icon-badge&quot;&gt;&#xd;
        &lt;i class=&quot;fa fa-map-marker fa-3x&quot;&gt;&lt;/i&gt;&#xd;
    &lt;/a&gt;&#xd;
    &lt;div class=&quot;media-body&quot;&gt;&#xd;
        &lt;a href=&quot;/locations/$urlTitle&quot;&gt;&#xd;
        	&lt;div class=&quot;media-heading&quot;&gt;$!{title}&lt;/div&gt;&#xd;
		&lt;/a&gt;&#xd;
		&lt;address&gt;&#xd;
			$address1&#xd;
			#if ($UtilMethods.isSet($address2))&#xd;
				$address2&lt;br/&gt;&#xd;
			#end&#xd;
			$city, &#xd;
			$state $zip&#xd;
			#if($country != &quot;United States&quot; &amp;&amp; $country != &quot;Canada&quot;)&#xd;
				$country&#xd;
			#end&#xd;
		&lt;/address&gt;&#xd;
	&lt;/div&gt;&#xd;
&lt;/div&gt;&#xd;
&#xd;
&lt;hr&gt;</code>
  </com.dotmarketing.beans.ContainerStructure>
  <com.dotmarketing.beans.ContainerStructure>
    <id>8ae69767-cc07-4679-9f1f-18bfa66540c9</id>
    <structureId>9ea36ae1-7775-48ae-99fe-f4ebca03a3de</structureId>
    <containerInode>6a4bcd45-070e-4549-a98b-62c6dfc39ea0</containerInode>
    <containerId>bf26b7b2-7a97-4bb6-9887-834ea03341db</containerId>
    <code>&lt;script&gt;&#xd;
    $(document).ready(function() {&#xd;
&#xd;
        jQuery.getJSON(&quot;https://query.yahooapis.com/v1/public/yql?q=select%20*%20from%20yahoo.finance.quotes%20where%20symbol%20in%20(%22$!{tickerSymbol}%22)&amp;format=json&amp;env=store%3A%2F%2Fdatatables.org%2Falltableswithkeys&amp;callback=?&quot;,&#xd;
	    function(data) {&#xd;
	      var q = (data.query.results.quote.PreviousClose);&#xd;
	      var x = (data.query.results.quote.Change);&#xd;
	      var y = (data.query.results.quote.PercentChange);&#xd;
	&#xd;
	      jQuery(&quot;#price$!{tickerSymbol}MD&quot;).append(q);&#xd;
	&#xd;
	      if (x.indexOf(&quot;-&quot;) != -1) {&#xd;
	        var x = &quot;&lt;span class=\&quot;down\&quot;&gt;&amp;nbsp;&quot; + x + &quot;&amp;nbsp;(&quot; + y + &quot;)&lt;/span&gt;&quot;;&#xd;
	      } else if (x.indexOf(&quot;+&quot;) != -1) {&#xd;
	        var x = &quot;&lt;span class=\&quot;up\&quot;&gt;&amp;nbsp;&quot; + x + &quot;&amp;nbsp;(&quot; + y + &quot;)&lt;/span&gt;&quot;;&#xd;
	      } else {&#xd;
	        var x = &quot;&lt;span&gt;&amp;nbsp;&quot; + x + &quot;&amp;nbsp;(&quot; + y + &quot;)&lt;/span&gt;&quot;;&#xd;
	      }&#xd;
	      jQuery(&quot;#change$!{tickerSymbol}MD&quot;).append(x);&#xd;
	    });&#xd;
&#xd;
	});&#xd;
&lt;/script&gt;&#xd;
&lt;div class=&quot;row&quot;&gt;&#xd;
    &lt;div class=&quot;col-sm-12&quot;&gt;&#xd;
    	&lt;span class=&quot;label label-default pull-right&quot;&gt;Product&lt;/span&gt;&#xd;
	    &lt;div class=&quot;media-heading&quot;&gt;&lt;a href=&quot;/products/$urlTitle&quot;&gt;$title ($!{tickerSymbol})&lt;/a&gt;&lt;/div&gt;&#xd;
		&lt;img src=&quot;http://chart.finance.yahoo.com/c/5b/v/$!{tickerSymbol}?lang=en-US&amp;region=US&amp;width=300&amp;height=180&quot; alt=&quot;Chart for $!{tickerSymbol}&quot; width=&quot;100%&quot;&gt;&#xd;
	&lt;/div&gt;&#xd;
&lt;/div&gt;&#xd;
&lt;div class=&quot;row&quot;&gt;&#xd;
	&lt;div class=&quot;col-sm-12&quot;&gt;&#xd;
		&lt;div class=&quot;media-body&quot;&gt;&#xd;
			&lt;table class=&quot;table product-info&quot;&gt;&#xd;
				&lt;tr&gt;&#xd;
					&lt;td&gt;$!{tickerSymbol}&lt;/td&gt;&#xd;
					&lt;td&gt;&lt;span class=&quot;price&quot; id=&quot;price$!{tickerSymbol}MD&quot;&gt;&lt;/span&gt;&lt;/td&gt;&#xd;
                    &lt;td&gt;&lt;span id=&quot;change$!{tickerSymbol}MD&quot;&gt;&lt;/span&gt;&lt;/td&gt;&#xd;
				&lt;/tr&gt;&#xd;
			&lt;/table&gt;&#xd;
		&lt;/div&gt;&#xd;
	&lt;/div&gt;&#xd;
&lt;/div&gt;&#xd;
&#xd;
&lt;hr&gt;</code>
  </com.dotmarketing.beans.ContainerStructure>
  <com.dotmarketing.beans.ContainerStructure>
    <id>9781fd23-4ec6-4afc-96c4-4822566aad5a</id>
    <structureId>2182e848-0240-4931-b63d-824962b66007</structureId>
    <containerInode>fbd1cdbf-85ce-481d-ba5b-58150d1d9aec</containerInode>
    <containerId>fc193c82-8c32-4abe-ba8a-49522328c93e</containerId>
    <code>&lt;div class=&quot;media&quot;&gt;&#xd;
    #if ($UtilMethods.isSet(${fileBinaryFileURI}))&#xd;
      #set ($filePath = $!{fileBinaryFileURI} + &apos;/&apos; + $!{fileBinaryFileTitle})&#xd;
    #else&#xd;
      #set ($filePath = $url)&#xd;
    #end&#xd;
    #if ($UtilMethods.getFileExtension($filePath) != &apos;mp3&apos;)&#xd;
&#xd;
      #if ($UtilMethods.isImage($filePath))&#xd;
          &lt;a href=&quot;${filePath}&quot; class=&quot;js-fancybox-img thumb image-thumb&quot; title=&quot;$!{title}&quot;&gt;&#xd;
            #if ($UtilMethods.isImage($file))&#xd;
              &lt;img src=&quot;/contentAsset/resize-image/${ContentIdentifier}/file/w/400&quot; alt=&quot;$!{title}&quot; /&gt;&#xd;
            #else&#xd;
              &lt;img src=&quot;/contentAsset/resize-image/${ContentIdentifier}/thumbnail/w/400&quot; alt=&quot;$!{title}&quot; /&gt;&#xd;
            #end&#xd;
          &lt;/a&gt;&#xd;
      #else&#xd;
        #if ($UtilMethods.isSet(${fileBinaryFileURI}))&#xd;
            &lt;a href=&quot;#$!{ContentIdentifier}&quot; class=&quot;js-fancybox-media-file thumb media-thumb&quot; title=&quot;$!{title}&quot;&gt;&#xd;
              #if ($UtilMethods.isSet(${thumbnailBinaryFileURI}))&#xd;
                &lt;img src=&quot;/contentAsset/resize-image/${ContentIdentifier}/thumbnail/w/400&quot; alt=&quot;$!{title}&quot; /&gt;&#xd;
              #else&#xd;
                $!{title}&#xd;
              #end&#xd;
            &lt;/a&gt;&#xd;
            &lt;div class=&quot;hidden&quot;&gt;&#xd;
              &lt;video id=&quot;$!{ContentIdentifier}&quot; class=&quot;video-js vjs-default-skin vjs-big-play-centered&quot;&#xd;
                controls preload=&quot;auto&quot; width=&quot;640&quot; height=&quot;480&quot;&#xd;
                poster=&quot;/contentAsset/resize-image/${ContentIdentifier}/thumbnail/w/640&quot;&#xd;
                data-setup=&apos;{ &quot;controls&quot;: true, &quot;autoplay&quot;: false, &quot;preload&quot;: &quot;metadata&quot; }&apos;&gt;&#xd;
                &lt;source src=&quot;$!{filePath}&quot; type=&apos;video/$!{UtilMethods.getFileExtension($filePath)}&apos; /&gt;&#xd;
              &lt;/video&gt;&#xd;
            &lt;/div&gt;&#xd;
        #else&#xd;
            &lt;a href=&quot;$!{filePath}&quot; class=&quot;js-fancybox-media-link thumb media-thumb&quot; title=&quot;$!{title}&quot;&gt;&#xd;
              #if ($UtilMethods.isSet(${thumbnailBinaryFileURI}))&#xd;
                &lt;img src=&quot;/contentAsset/resize-image/${ContentIdentifier}/thumbnail/w/400&quot; alt=&quot;$!{title}&quot; /&gt;&#xd;
              #else&#xd;
                $!{title}&#xd;
              #end&#xd;
            &lt;/a&gt;&#xd;
        #end&#xd;
      #end&#xd;
&#xd;
    #else&#xd;
        &lt;a href=&quot;#$!{ContentIdentifier}&quot; class=&quot;js-fancybox-media-file thumb media-thumb&quot; title=&quot;$!{title}&quot;&gt;&#xd;
          #if ($UtilMethods.isSet(${thumbnailBinaryFileURI}))&#xd;
            &lt;img src=&quot;/contentAsset/resize-image/${ContentIdentifier}/thumbnail/w/400&quot; alt=&quot;$!{title}&quot; /&gt;&#xd;
          #else&#xd;
            $!{title}&#xd;
          #end&#xd;
        &lt;/a&gt;&#xd;
        &lt;div class=&quot;hidden&quot;&gt;&#xd;
          &lt;audio id=&quot;$!{ContentIdentifier}&quot; class=&quot;video-js vjs-default-skin vjs-big-play-centered&quot;&#xd;
            controls preload=&quot;auto&quot; width=&quot;640&quot; height=&quot;480&quot;&gt;&#xd;
            &lt;source src=&quot;$!{filePath}&quot; type=&apos;audio/$!{UtilMethods.getFileExtension($filePath)}&apos; /&gt;&#xd;
          &lt;/audio&gt;&#xd;
        &lt;/div&gt;&#xd;
    #end&#xd;
&lt;/div&gt;&#xd;
&#xd;
&lt;hr&gt;</code>
  </com.dotmarketing.beans.ContainerStructure>
  <com.dotmarketing.beans.ContainerStructure>
    <id>9844c58c-4f09-4615-8b7a-88b8a1c63809</id>
    <structureId>d8262b9f-84ea-46f9-88c4-0c8959271d67</structureId>
    <containerInode>6a4bcd45-070e-4549-a98b-62c6dfc39ea0</containerInode>
    <containerId>bf26b7b2-7a97-4bb6-9887-834ea03341db</containerId>
    <code>&lt;div class=&quot;media&quot;&gt;&#xd;
    &lt;span class=&quot;label label-default pull-right&quot;&gt;Document&lt;/span&gt;&#xd;
&#xd;
    &lt;div class=&quot;media-heading&quot;&gt;&#xd;
        #if ($UtilMethods.isSet(${fileAssetBinaryFileURI})) &#xd;
        	&lt;a href=&quot;$!{fileAssetBinaryFileURI}?force_download=1&amp;filename=$!{fileAssetBinaryFileTitle}&quot;&gt;${title}&lt;/a&gt; &#xd;
		#end &#xd;
    &lt;/div&gt;&#xd;
    #if ($UtilMethods.isSet($description1))&#xd;
      &lt;div class=&quot;media-subheading&quot;&gt;$UtilMethods.prettyShortenString(&quot;$description1&quot;, 125)&lt;/div&gt;&#xd;
    #end&#xd;
&lt;/div&gt;&#xd;
&#xd;
&lt;hr&gt;</code>
  </com.dotmarketing.beans.ContainerStructure>
  <com.dotmarketing.beans.ContainerStructure>
    <id>a3009ad9-7f05-4d13-9a6f-a7d6d92af77f</id>
    <structureId>799f176a-d32e-4844-a07c-1b5fcd107578</structureId>
    <containerInode>885060ee-0f08-43bc-9147-0d4ab0aa5cbc</containerInode>
    <containerId>5363c6c6-5ba0-4946-b7af-cf875188ac2e</containerId>
    <code>&lt;span class=&quot;label label-default pull-right&quot;&gt;Blog&lt;/span&gt;&#xd;
&lt;a href=&quot;/blogs/$urlTitle&quot; class=&quot;media-heading&quot;&gt;$title&lt;/a&gt;&#xd;
&lt;div class=&quot;media-subheading&quot;&gt;&#xd;
    &lt;time datetime=&quot;$date.format(&apos;yyyy-MM-dd&apos;,$sysPublishDate)T$date.format(&apos;hh:mm:ss&apos;,$sysPublishDate)&quot; class=&quot;date&quot;&gt;$date.format(&apos;MMM dd yyyy&apos;, $sysPublishDate)&lt;/time&gt;&#xd;
    &lt;span class=&quot;author&quot;&gt;by: $author&lt;/span&gt;&#xd;
&lt;/div&gt;&#xd;
&#xd;
&lt;hr&gt;</code>
  </com.dotmarketing.beans.ContainerStructure>
  <com.dotmarketing.beans.ContainerStructure>
    <id>a9f5274a-e690-4369-84f6-72c6f6f70f10</id>
    <structureId>2a3e91e4-fbbf-4876-8c5b-2233c1739b05</structureId>
    <containerInode>467cc266-7931-42e4-ae20-4a8056fe6ee9</containerInode>
    <containerId>d5f5f4ee-067e-4d72-addd-afd80989f684</containerId>
    <code>#dotedit($CONTENT_INODE, $body)</code>
  </com.dotmarketing.beans.ContainerStructure>
  <com.dotmarketing.beans.ContainerStructure>
    <id>b28934f9-6d77-4157-816a-86e4efa61e62</id>
    <structureId>2182e848-0240-4931-b63d-824962b66007</structureId>
    <containerInode>467cc266-7931-42e4-ae20-4a8056fe6ee9</containerInode>
    <containerId>d5f5f4ee-067e-4d72-addd-afd80989f684</containerId>
    <code>&lt;div class=&quot;media&quot;&gt;&#xd;
    #if ($UtilMethods.isSet(${fileBinaryFileURI}))&#xd;
      #set ($filePath = $!{fileBinaryFileURI} + &apos;/&apos; + $!{fileBinaryFileTitle})&#xd;
    #else&#xd;
      #set ($filePath = $url)&#xd;
    #end&#xd;
    #if ($UtilMethods.getFileExtension($filePath) != &apos;mp3&apos;)&#xd;
&#xd;
      #if ($UtilMethods.isImage($filePath))&#xd;
          &lt;a href=&quot;${filePath}&quot; class=&quot;js-fancybox-img thumb image-thumb&quot; title=&quot;$!{title}&quot;&gt;&#xd;
            #if ($UtilMethods.isImage($file))&#xd;
              &lt;img src=&quot;/contentAsset/resize-image/${ContentIdentifier}/file/w/400&quot; alt=&quot;$!{title}&quot; /&gt;&#xd;
            #else&#xd;
              &lt;img src=&quot;/contentAsset/resize-image/${ContentIdentifier}/thumbnail/w/400&quot; alt=&quot;$!{title}&quot; /&gt;&#xd;
            #end&#xd;
          &lt;/a&gt;&#xd;
      #else&#xd;
        #if ($UtilMethods.isSet(${fileBinaryFileURI}))&#xd;
            &lt;a href=&quot;#$!{ContentIdentifier}&quot; class=&quot;js-fancybox-media-file thumb media-thumb&quot; title=&quot;$!{title}&quot;&gt;&#xd;
              #if ($UtilMethods.isSet(${thumbnailBinaryFileURI}))&#xd;
                &lt;img src=&quot;/contentAsset/resize-image/${ContentIdentifier}/thumbnail/w/400&quot; alt=&quot;$!{title}&quot; /&gt;&#xd;
              #else&#xd;
                $!{title}&#xd;
              #end&#xd;
            &lt;/a&gt;&#xd;
            &lt;div class=&quot;hidden&quot;&gt;&#xd;
              &lt;video id=&quot;$!{ContentIdentifier}&quot; class=&quot;video-js vjs-default-skin vjs-big-play-centered&quot;&#xd;
                controls preload=&quot;auto&quot; width=&quot;640&quot; height=&quot;480&quot;&#xd;
                poster=&quot;/contentAsset/resize-image/${ContentIdentifier}/thumbnail/w/640&quot;&#xd;
                data-setup=&apos;{ &quot;controls&quot;: true, &quot;autoplay&quot;: false, &quot;preload&quot;: &quot;metadata&quot; }&apos;&gt;&#xd;
                &lt;source src=&quot;$!{filePath}&quot; type=&apos;video/$!{UtilMethods.getFileExtension($filePath)}&apos; /&gt;&#xd;
              &lt;/video&gt;&#xd;
            &lt;/div&gt;&#xd;
        #else&#xd;
            &lt;a href=&quot;$!{filePath}&quot; class=&quot;js-fancybox-media-link thumb media-thumb&quot; title=&quot;$!{title}&quot;&gt;&#xd;
              #if ($UtilMethods.isSet(${thumbnailBinaryFileURI}))&#xd;
                &lt;img src=&quot;/contentAsset/resize-image/${ContentIdentifier}/thumbnail/w/400&quot; alt=&quot;$!{title}&quot; /&gt;&#xd;
              #else&#xd;
                $!{title}&#xd;
              #end&#xd;
            &lt;/a&gt;&#xd;
        #end&#xd;
      #end&#xd;
&#xd;
    #else&#xd;
        &lt;a href=&quot;#$!{ContentIdentifier}&quot; class=&quot;js-fancybox-media-file thumb media-thumb&quot; title=&quot;$!{title}&quot;&gt;&#xd;
          #if ($UtilMethods.isSet(${thumbnailBinaryFileURI}))&#xd;
            &lt;img src=&quot;/contentAsset/resize-image/${ContentIdentifier}/thumbnail/w/400&quot; alt=&quot;$!{title}&quot; /&gt;&#xd;
          #else&#xd;
            $!{title}&#xd;
          #end&#xd;
        &lt;/a&gt;&#xd;
        &lt;div class=&quot;hidden&quot;&gt;&#xd;
          &lt;audio id=&quot;$!{ContentIdentifier}&quot; class=&quot;video-js vjs-default-skin vjs-big-play-centered&quot;&#xd;
            controls preload=&quot;auto&quot; width=&quot;640&quot; height=&quot;480&quot;&gt;&#xd;
            &lt;source src=&quot;$!{filePath}&quot; type=&apos;audio/$!{UtilMethods.getFileExtension($filePath)}&apos; /&gt;&#xd;
          &lt;/audio&gt;&#xd;
        &lt;/div&gt;&#xd;
    #end&#xd;
&lt;/div&gt;&#xd;
&#xd;
&lt;hr&gt;</code>
  </com.dotmarketing.beans.ContainerStructure>
  <com.dotmarketing.beans.ContainerStructure>
    <id>b9bdbe4e-4f74-4013-af74-d472fb08efed</id>
    <structureId>d8262b9f-84ea-46f9-88c4-0c8959271d67</structureId>
    <containerInode>885060ee-0f08-43bc-9147-0d4ab0aa5cbc</containerInode>
    <containerId>5363c6c6-5ba0-4946-b7af-cf875188ac2e</containerId>
    <code>&lt;div class=&quot;media&quot;&gt;&#xd;
    &lt;span class=&quot;label label-default pull-right&quot;&gt;Document&lt;/span&gt;&#xd;
&#xd;
    &lt;div class=&quot;media-heading&quot;&gt;&#xd;
        #if ($UtilMethods.isSet(${fileAssetBinaryFileURI})) &#xd;
    		&lt;a href=&quot;$!{fileAssetBinaryFileURI}?force_download=1&amp;filename=$!{fileAssetBinaryFileTitle}&quot;&gt;${title}&lt;/a&gt; &#xd;
		#end &#xd;
    &lt;/div&gt;&#xd;
    #if ($UtilMethods.isSet($description1))&#xd;
      &lt;div class=&quot;media-subheading&quot;&gt;$UtilMethods.prettyShortenString(&quot;$description1&quot;, 125)&lt;/div&gt;&#xd;
    #end&#xd;
&lt;/div&gt;&#xd;
&#xd;
&lt;hr&gt;</code>
  </com.dotmarketing.beans.ContainerStructure>
  <com.dotmarketing.beans.ContainerStructure>
    <id>ba74b40f-b4fd-4f9a-94bb-04721f198532</id>
    <structureId>9ea36ae1-7775-48ae-99fe-f4ebca03a3de</structureId>
    <containerInode>885060ee-0f08-43bc-9147-0d4ab0aa5cbc</containerInode>
    <containerId>5363c6c6-5ba0-4946-b7af-cf875188ac2e</containerId>
    <code>&lt;script&gt;&#xd;
    $(document).ready(function() {&#xd;
&#xd;
        jQuery.getJSON(&quot;https://query.yahooapis.com/v1/public/yql?q=select%20*%20from%20yahoo.finance.quotes%20where%20symbol%20in%20(%22$!{tickerSymbol}%22)&amp;format=json&amp;env=store%3A%2F%2Fdatatables.org%2Falltableswithkeys&amp;callback=?&quot;,&#xd;
	    function(data) {&#xd;
	      var q = (data.query.results.quote.PreviousClose);&#xd;
	      var x = (data.query.results.quote.Change);&#xd;
	      var y = (data.query.results.quote.PercentChange);&#xd;
	&#xd;
	      jQuery(&quot;#price$!{tickerSymbol}MD&quot;).append(q);&#xd;
	&#xd;
	      if (x.indexOf(&quot;-&quot;) != -1) {&#xd;
	        var x = &quot;&lt;span class=\&quot;down\&quot;&gt;&amp;nbsp;&quot; + x + &quot;&amp;nbsp;(&quot; + y + &quot;)&lt;/span&gt;&quot;;&#xd;
	      } else if (x.indexOf(&quot;+&quot;) != -1) {&#xd;
	        var x = &quot;&lt;span class=\&quot;up\&quot;&gt;&amp;nbsp;&quot; + x + &quot;&amp;nbsp;(&quot; + y + &quot;)&lt;/span&gt;&quot;;&#xd;
	      } else {&#xd;
	        var x = &quot;&lt;span&gt;&amp;nbsp;&quot; + x + &quot;&amp;nbsp;(&quot; + y + &quot;)&lt;/span&gt;&quot;;&#xd;
	      }&#xd;
	      jQuery(&quot;#change$!{tickerSymbol}MD&quot;).append(x);&#xd;
	    });&#xd;
&#xd;
	});&#xd;
&lt;/script&gt;&#xd;
&lt;div class=&quot;row&quot;&gt;&#xd;
    &lt;div class=&quot;col-sm-12&quot;&gt;&#xd;
    	&lt;span class=&quot;label label-default pull-right&quot;&gt;Product&lt;/span&gt;&#xd;
	    &lt;div class=&quot;media-heading&quot;&gt;&lt;a href=&quot;/products/$urlTitle&quot;&gt;$title ($!{tickerSymbol})&lt;/a&gt;&lt;/div&gt;&#xd;
		&lt;img src=&quot;//chart.finance.yahoo.com/c/5b/v/$!{tickerSymbol}?lang=en-US&amp;region=US&amp;width=300&amp;height=180&quot; alt=&quot;Chart for $!{tickerSymbol}&quot; width=&quot;100%&quot;&gt;&#xd;
	&lt;/div&gt;&#xd;
&lt;/div&gt;&#xd;
&lt;div class=&quot;row&quot;&gt;&#xd;
	&lt;div class=&quot;col-sm-12&quot;&gt;&#xd;
		&lt;div class=&quot;media-body&quot;&gt;&#xd;
			&lt;table class=&quot;table product-info&quot;&gt;&#xd;
				&lt;tr&gt;&#xd;
					&lt;td&gt;$!{tickerSymbol}&lt;/td&gt;&#xd;
					&lt;td&gt;&lt;span class=&quot;price&quot; id=&quot;price$!{tickerSymbol}MD&quot;&gt;&lt;/span&gt;&lt;/td&gt;&#xd;
                    &lt;td&gt;&lt;span id=&quot;change$!{tickerSymbol}MD&quot;&gt;&lt;/span&gt;&lt;/td&gt;&#xd;
				&lt;/tr&gt;&#xd;
			&lt;/table&gt;&#xd;
		&lt;/div&gt;&#xd;
	&lt;/div&gt;&#xd;
&lt;/div&gt;&#xd;
&#xd;
&lt;hr&gt;</code>
  </com.dotmarketing.beans.ContainerStructure>
  <com.dotmarketing.beans.ContainerStructure>
    <id>bc8000bb-0a39-40aa-8756-2d45820626d6</id>
    <structureId>d2a77f80-2628-4819-bfe9-e9916eb6ba70</structureId>
    <containerInode>885060ee-0f08-43bc-9147-0d4ab0aa5cbc</containerInode>
    <containerId>5363c6c6-5ba0-4946-b7af-cf875188ac2e</containerId>
    <code>&lt;div class=&quot;media&quot;&gt;&#xd;
    &lt;span class=&quot;label label-default pull-right&quot;&gt;Location&lt;/span&gt;&#xd;
    &lt;a href=&quot;/locations/$urlTitle&quot; class=&quot;pull-left icon-badge&quot;&gt;&#xd;
        &lt;i class=&quot;fa fa-map-marker fa-3x&quot;&gt;&lt;/i&gt;&#xd;
    &lt;/a&gt;&#xd;
    &lt;div class=&quot;media-body&quot;&gt;&#xd;
        &lt;a href=&quot;/locations/$urlTitle&quot;&gt;&#xd;
        	&lt;div class=&quot;media-heading&quot;&gt;$!{title}&lt;/div&gt;&#xd;
		&lt;/a&gt;&#xd;
		&lt;address&gt;&#xd;
			$address1&#xd;
			#if ($UtilMethods.isSet($address2))&#xd;
				$address2&lt;br/&gt;&#xd;
			#end&#xd;
			$city, &#xd;
			$state $zip&#xd;
			#if($country != &quot;United States&quot; &amp;&amp; $country != &quot;Canada&quot;)&#xd;
				$country&#xd;
			#end&#xd;
		&lt;/address&gt;&#xd;
	&lt;/div&gt;&#xd;
&lt;/div&gt;&#xd;
&#xd;
&lt;hr&gt;</code>
  </com.dotmarketing.beans.ContainerStructure>
  <com.dotmarketing.beans.ContainerStructure>
    <id>bd9582b2-47e1-4539-a897-c8ea6bea68cb</id>
    <structureId>f6259cc9-5d78-453e-8167-efd7b72b2e96</structureId>
    <containerInode>885060ee-0f08-43bc-9147-0d4ab0aa5cbc</containerInode>
    <containerId>5363c6c6-5ba0-4946-b7af-cf875188ac2e</containerId>
    <code>#if($UtilMethods.isSet($recurrenceStartDate) &amp;&amp; $UtilMethods.isSet($recurrenceEndDate))&#xd;
    #set($vcalendarUrl = &quot;/dotCMS/downloadVCalendar?id=$ContentIdentifier&amp;recurrenceStartDate=$date.format(&apos;dd/MM/yyyy HH:mm:ss&apos;,$startDate)&amp;recurrenceEndDate=$date.format(&apos;dd/MM/yyyy HH:mm:ss&apos;,$endDate)&quot;)&#xd;
#else&#xd;
    #set($vcalendarUrl = &quot;/dotCMS/downloadVCalendar?id=${content.ContentIdentifier}&quot;)&#xd;
#end&#xd;
&#xd;
&#xd;
&lt;div class=&quot;media&quot;&gt;&#xd;
    &lt;a class=&quot;pull-left&quot; href=&quot;/news-events/events/$urlTitle&quot;&gt;&#xd;
          &lt;div class=&quot;date-badge&quot;&gt;&#xd;
      		&lt;span class=&quot;date-month&quot;&gt;$date.format(&apos;MMM&apos;, ${startDate})&lt;/span&gt;&#xd;
      		&lt;span class=&quot;date-day&quot;&gt;$date.format(&apos;d&apos;, ${startDate})&lt;/span&gt;&#xd;
      	&lt;/div&gt;&#xd;
	&lt;/a&gt;&#xd;
	&lt;div class=&quot;media-body&quot;&gt;&#xd;
		&lt;span class=&quot;label label-default pull-right&quot;&gt;Event&lt;/span&gt;&#xd;
    	&lt;div class=&quot;media-heading&quot;&gt;&lt;a href=&quot;/news-events/events/$urlTitle&quot;&gt;$title&lt;/a&gt;&lt;/div&gt;&#xd;
		&lt;div class=&quot;media-subheading&quot; datetime=&quot;$date.format(&apos;yyyy-M-dd&apos;,$event.startDate)&quot;&gt;&#xd;
			#set($startDateV = $date.format(&apos;MMMM d, h:mm a&apos;, ${startDate}))&#xd;
			#set($endDateV = $date.format(&apos;MMMM d, h:mm a&apos;, ${endDate}))&#xd;
			&#xd;
			#if($startDate == $endDate)&#xd;
				&lt;time&gt;$startDateV&lt;/time&gt;&#xd;
			#elseif($date.format(&apos;EEE, MMMM d yyyy&apos;,$startDateV) == $date.format(&apos;EEE, MMMM d yyyy&apos;,$endDateV))&#xd;
				#if($date.format(&apos;h:mm a&apos;,$startDate) == &apos;12:00 AM&apos; &amp;&amp; $date.format(&apos;h:mm a&apos;,$endDate) == &apos;11:59 PM&apos; )&#xd;
					$date.format(&apos;MMMM d&apos;, ${endDate}) (all day event)&#xd;
				#else&#xd;
					$startDateV - $date.format(&apos;h:mm a&apos;,$endDate)&#xd;
				#end&#xd;
			#else&#xd;
				$startDateV - $endDateV&#xd;
			#end&#xd;
		&lt;/div&gt;&#xd;
		&lt;!-- $UtilMethods.prettyShortenString(&quot;$description&quot;, 200) --&gt;&#xd;
	&lt;/div&gt;&#xd;
&lt;/div&gt;&#xd;
&#xd;
&lt;hr&gt;</code>
  </com.dotmarketing.beans.ContainerStructure>
  <com.dotmarketing.beans.ContainerStructure>
    <id>c3b6d294-75f4-420d-a025-a26699dce107</id>
    <structureId>091b5c2b-d3fa-4502-853c-06c167ad867d</structureId>
    <containerInode>e6bdfe0e-16f3-4dc5-ade1-ca6badcf6253</containerInode>
    <containerId>3f0255e8-b45d-46ea-8bb7-eb6597db4c1e</containerId>
    <code>&lt;div class=&quot;promo-box&quot;&gt;&#xd;
    &lt;div onclick=&quot;window.location.href=&apos;$!{link}&apos;;&quot; class=&quot;box-img&quot;&gt;&#xd;
		#if ($UtilMethods.isSet(${imageBinaryFileURI})) &#xd;
		    &lt;img src=&quot;/dA/${ContentIdentifier}/image/125h/$!{imageBinaryFileTitle}&quot;&gt;&#xd;
		#end&#xd;
	&lt;/div&gt;&#xd;
	&lt;div onclick=&quot;window.location.href=&apos;$!{link}&apos;;&quot; class=&quot;box-content&quot;&gt;&#xd;
		&lt;h3&gt;$title&lt;/h3&gt;&#xd;
		&lt;p&gt;$teaser&lt;/p&gt;&#xd;
	&lt;/div&gt;&#xd;
&lt;/div&gt;&#xd;
</code>
  </com.dotmarketing.beans.ContainerStructure>
  <com.dotmarketing.beans.ContainerStructure>
    <id>c7267928-0e32-4673-958e-4b6f4e2519f0</id>
    <structureId>2a3e91e4-fbbf-4876-8c5b-2233c1739b05</structureId>
    <containerInode>3efc001e-db68-408a-ac50-1284c1afe533</containerInode>
    <containerId>f1ba7688-453c-4c0d-a214-e5ac802b8034</containerId>
    <code>#dotedit($CONTENT_INODE, $body)</code>
  </com.dotmarketing.beans.ContainerStructure>
  <com.dotmarketing.beans.ContainerStructure>
    <id>d361f933-75ac-43ae-baa1-d32ab92c0369</id>
    <structureId>d8262b9f-84ea-46f9-88c4-0c8959271d67</structureId>
    <containerInode>fbd1cdbf-85ce-481d-ba5b-58150d1d9aec</containerInode>
    <containerId>fc193c82-8c32-4abe-ba8a-49522328c93e</containerId>
    <code>&lt;div class=&quot;media&quot;&gt;&#xd;
    &lt;div class=&quot;media-heading&quot;&gt;&#xd;
        #if ($UtilMethods.isSet(${fileAssetBinaryFileURI})) &#xd;
			&lt;a href=&quot;$!{fileAssetBinaryFileURI}?force_download=1&amp;filename=$!{fileAssetBinaryFileTitle}&quot;&gt;${title}&lt;/a&gt; &#xd;
		#end &#xd;
    &lt;/div&gt;&#xd;
    #if ($UtilMethods.isSet($description1))&#xd;
      &lt;div class=&quot;media-subheading&quot;&gt;$UtilMethods.prettyShortenString(&quot;$description1&quot;, 125)&lt;/div&gt;&#xd;
    #end&#xd;
&lt;/div&gt;&#xd;
&#xd;
&lt;hr&gt;</code>
  </com.dotmarketing.beans.ContainerStructure>
  <com.dotmarketing.beans.ContainerStructure>
    <id>d6ba8c58-badb-4f9c-8548-550b8103d177</id>
    <structureId>28039964-5615-4ccf-bb96-ded62adbcc6a</structureId>
    <containerInode>885060ee-0f08-43bc-9147-0d4ab0aa5cbc</containerInode>
    <containerId>5363c6c6-5ba0-4946-b7af-cf875188ac2e</containerId>
    <code>&lt;div class=&quot;media&quot;&gt;&#xd;
    &lt;div class=&quot;media-body&quot;&gt;&#xd;
        &lt;span class=&quot;label label-default pull-right&quot;&gt;News&lt;/span&gt;&#xd;
    	&lt;div class=&quot;media-heading&quot;&gt;&lt;a href=&quot;/news/$urlTitle&quot;&gt;$title&lt;/a&gt;&lt;/div&gt;&#xd;
    	&lt;div class=&quot;media-subheading&quot;&gt;&#xd;
            &lt;time datetime=&quot;$date.format(&apos;yyyy-MM-dd&apos;,$!{sysPublishDate})&quot;&gt;$date.format(&apos;MMM dd yyyy&apos;, ${sysPublishDate}) at $date.format(&apos;HH:mm z&apos;, $!{sysPublishDate})&lt;/time&gt;&#xd;
        &lt;/div&gt;&#xd;
	&lt;/div&gt;&#xd;
&lt;/div&gt;&#xd;
&#xd;
&lt;hr&gt;</code>
  </com.dotmarketing.beans.ContainerStructure>
  <com.dotmarketing.beans.ContainerStructure>
    <id>e1c96833-d3dd-47d7-9d42-783202791153</id>
    <structureId>9ea36ae1-7775-48ae-99fe-f4ebca03a3de</structureId>
    <containerInode>467cc266-7931-42e4-ae20-4a8056fe6ee9</containerInode>
    <containerId>d5f5f4ee-067e-4d72-addd-afd80989f684</containerId>
    <code>&lt;script&gt;&#xd;
    $(document).ready(function() {&#xd;
&#xd;
        jQuery.getJSON(&quot;https://query.yahooapis.com/v1/public/yql?q=select%20*%20from%20yahoo.finance.quotes%20where%20symbol%20in%20(%22$!{tickerSymbol}%22)&amp;format=json&amp;env=store%3A%2F%2Fdatatables.org%2Falltableswithkeys&amp;callback=?&quot;,&#xd;
	    function(data) {&#xd;
	      var q = (data.query.results.quote.PreviousClose);&#xd;
	      var x = (data.query.results.quote.Change);&#xd;
	      var y = (data.query.results.quote.PercentChange);&#xd;
	&#xd;
	      jQuery(&quot;#price$!{tickerSymbol}MD&quot;).append(q);&#xd;
	&#xd;
	      if (x.indexOf(&quot;-&quot;) != -1) {&#xd;
	        var x = &quot;&lt;span class=\&quot;down\&quot;&gt;&amp;nbsp;&quot; + x + &quot;&amp;nbsp;(&quot; + y + &quot;)&lt;/span&gt;&quot;;&#xd;
	      } else if (x.indexOf(&quot;+&quot;) != -1) {&#xd;
	        var x = &quot;&lt;span class=\&quot;up\&quot;&gt;&amp;nbsp;&quot; + x + &quot;&amp;nbsp;(&quot; + y + &quot;)&lt;/span&gt;&quot;;&#xd;
	      } else {&#xd;
	        var x = &quot;&lt;span&gt;&amp;nbsp;&quot; + x + &quot;&amp;nbsp;(&quot; + y + &quot;)&lt;/span&gt;&quot;;&#xd;
	      }&#xd;
	      jQuery(&quot;#change$!{tickerSymbol}MD&quot;).append(x);&#xd;
	    });&#xd;
&#xd;
	});&#xd;
&lt;/script&gt;&#xd;
&lt;div class=&quot;row&quot;&gt;&#xd;
    &lt;div class=&quot;col-sm-12&quot;&gt;&#xd;
    	&lt;span class=&quot;label label-default pull-right&quot;&gt;Product&lt;/span&gt;&#xd;
	    &lt;div class=&quot;media-heading&quot;&gt;&lt;a href=&quot;/products/$urlTitle&quot;&gt;$title ($!{tickerSymbol})&lt;/a&gt;&lt;/div&gt;&#xd;
		&lt;img src=&quot;http://chart.finance.yahoo.com/c/5b/v/$!{tickerSymbol}?lang=en-US&amp;region=US&amp;width=300&amp;height=180&quot; alt=&quot;Chart for $!{tickerSymbol}&quot; width=&quot;100%&quot;&gt;&#xd;
	&lt;/div&gt;&#xd;
&lt;/div&gt;&#xd;
&lt;div class=&quot;row&quot;&gt;&#xd;
	&lt;div class=&quot;col-sm-12&quot;&gt;&#xd;
		&lt;div class=&quot;media-body&quot;&gt;&#xd;
			&lt;table class=&quot;table product-info&quot;&gt;&#xd;
				&lt;tr&gt;&#xd;
					&lt;td&gt;$!{tickerSymbol}&lt;/td&gt;&#xd;
					&lt;td&gt;&lt;span class=&quot;price&quot; id=&quot;price$!{tickerSymbol}MD&quot;&gt;&lt;/span&gt;&lt;/td&gt;&#xd;
                    &lt;td&gt;&lt;span id=&quot;change$!{tickerSymbol}MD&quot;&gt;&lt;/span&gt;&lt;/td&gt;&#xd;
				&lt;/tr&gt;&#xd;
			&lt;/table&gt;&#xd;
		&lt;/div&gt;&#xd;
	&lt;/div&gt;&#xd;
&lt;/div&gt;&#xd;
&#xd;
&lt;hr&gt;</code>
  </com.dotmarketing.beans.ContainerStructure>
  <com.dotmarketing.beans.ContainerStructure>
    <id>e210b200-b069-40d3-a278-52c18677e7ab</id>
    <structureId>28039964-5615-4ccf-bb96-ded62adbcc6a</structureId>
    <containerInode>467cc266-7931-42e4-ae20-4a8056fe6ee9</containerInode>
    <containerId>d5f5f4ee-067e-4d72-addd-afd80989f684</containerId>
    <code>&lt;div class=&quot;media&quot;&gt;&#xd;
    &lt;div class=&quot;media-body&quot;&gt;&#xd;
        &lt;span class=&quot;label label-default pull-right&quot;&gt;News&lt;/span&gt;&#xd;
    	&lt;div class=&quot;media-heading&quot;&gt;&lt;a href=&quot;/news/$urlTitle&quot;&gt;$title&lt;/a&gt;&lt;/div&gt;&#xd;
    	&lt;div class=&quot;media-subheading&quot;&gt;&#xd;
            &lt;time datetime=&quot;$date.format(&apos;yyyy-MM-dd&apos;,$!{sysPublishDate})&quot;&gt;$date.format(&apos;MMM dd yyyy&apos;, ${sysPublishDate}) at $date.format(&apos;HH:mm z&apos;, $!{sysPublishDate})&lt;/time&gt;&#xd;
        &lt;/div&gt;&#xd;
	&lt;/div&gt;&#xd;
&lt;/div&gt;&#xd;
&#xd;
&lt;hr&gt;</code>
  </com.dotmarketing.beans.ContainerStructure>
</list>