{"author":"jmcdonald","content":"\n+visitElementA(in a : ConcreteElementA)\n\n+visitElementB(in b : ConcreteElementB)\n\n«interface»\n\nVisitor\n\n+visitElementA(in a : ConcreteElementA)\n\n+visitElementB(in b : ConcreteElementB)\n\nConcreteVisitor\n+accept(in v : Visitor)\n\n«interface»\n\nElement\n\n+accept(in v : Visitor)\n\nConcreteElementA\n\n+accept(in v : Visitor)\n\nConcreteElementB\n\nClient\nVisitor\n\nType: Behavioral\n\nWhat it is:\n\nRepresent an operation to be \n\nperformed on the elements of an \n\nobject structure. Lets you define a \n\nnew operation without changing \n\nthe classes of the elements on \n\nwhich it operates.\n\n+templateMethod()\n\n#subMethod()\n\nAbstractClass\n\n+subMethod()\n\nConcreteClass\n\nTemplate Method\n\nType: Behavioral\n\nWhat it is:\n\nDefine the skeleton of an algorithm in an \n\noperation, deferring some steps to subclasses. \n\nLets subclasses redefine certain steps \n\nof an algorithm without changing the \n\nalgorithm's structure.\n\n+execute()\n\nConcreteStrategyB\n\n+execute()\n\n«interface»\n\nStrategy\n\nContext\n\n+execute()\n\nConcreteStrategyA\n\nStrategy\n\nType: Behavioral\n\nWhat it is:\n\nDefine a family of algorithms, \n\nencapsulate each one, and make them \n\ninterchangeable. Lets the algorithm vary \n\nindependently from \n\nclients that use it.\n\n+handle()\n\nConcreteState1\n\n+handle()\n\n«interface»\n\nState\n\n+request()\n\nContext\n\n+handle()\n\nConcreteState2\n\nState\n\nType: Behavioral\n\nWhat it is:\n\nAllow an object to alter its behavior when \n\nits internal state changes. The object will \n\nappear to change its class.\n\n-subjectState\n\nConcreteSubject\n\n+update()\n\n-observerState\n\nConcreteObserver\n\n+update()\n\n«interface»\n\nObserver\n\nnotifies\n\nobserves\n\n+attach(in o : Observer)\n\n+detach(in o : Observer)\n\n+notify()\n\n«interface»\n\nSubjectObserver\n\nType: Behavioral\n\nWhat it is:\n\nDefine a one-to-many dependency between \n\nobjects so that when one object changes \n\nstate, all its dependents are notified and \n\nupdated automatically.\n\n-state\n\nMemento\n\n+setMemento(in m : Memento)\n\n+createMemento()\n\n-state\n\nOriginator\n\nCaretaker\nMemento\n\nType: Behavioral\n\nWhat it is:\n\nWithout violating encapsulation, capture \n\nand externalize an object's internal state \n\nso that the object can be restored to this \n\nstate later.\n\nAbstract FactoryC\n\nAdapterS\n\nBridgeS\n\nBuilderC\n\nChain of ResponsibilityB\n\nCommandB\n\nCompositeS\n\nDecoratorS\n\nFacadeS\n\nFactory MethodC\n\nFlyweightS\n\nInterpreterB\n\nIteratorB\n\nMediatorB\n\nMementoB\n\nPrototypeC\n\nProxyS\n\nObserverB\n\nSingletonC\n\nStateB\n\nStrategyB\n\nTemplate MethodB\n\nVisitorB\n\nChain of Responsibility\n\n+handleRequest()\n\n«interface»\n\nHandler\n\n+handleRequest()\n\nConcreteHandler1\n\n+handleRequest()\n\nConcreteHandler2\n\nClient\n\nsuccessor\n\nType: Behavioral\n\nWhat it is:\n\nAvoid coupling the sender of a request to \n\nits receiver by giving more than one object \n\na chance to handle the request. Chain the \n\nreceiving objects and pass the request \n\nalong the chain until an object handles it.\n\n+execute()\n\nConcreteCommand\n\nClient\n\n+action()\n\nReceiver\n\nInvoker Command\n\nType: Behavioral\n\nWhat it is:\n\nEncapsulate a request as an object, \n\nthereby letting you parameterize clients \n\nwith different requests, queue or log \n\nrequests, and support undoable operations.\n\n+interpret()\n\n«interface»\n\nAbstractExpression\n\n+interpret() : Context\n\nTerminalExpression\n\nClient\n\nContext\n\n+interpret() : Context\n\nNonterminalExpression\n\nInterpreter\n\nType: Behavioral\n\nWhat it is:\n\nGiven a language, define a representation \n\nfor its grammar along with an interpreter \n\nthat uses the representation to interpret \n\nsentences in the language.\n\n+createIterator()\n\n«interface»\n\nAggregate\n\n+createIterator() : Context\n\nConcreteAggregate\n\n+next()\n\n«interface»\n\nIterator\n\n+next() : Context\n\nConcreteIterator\n\nIterator\n\nType: Behavioral\n\nWhat it is:\n\nProvide a way to access the elements of \n\nan aggregate object sequentially without \n\nexposing its underlying representation.\n\nClient\n\nMediator\n\nConcreteMediator ConcreteColleague\n\n«interface»\n\nColleague\n\ninforms\n\nupdates\n\nMediator\n\nType: Behavioral\n\nWhat it is:\n\nDefine an object that encapsulates how a \n\nset of objects interact. Promotes loose \n\ncoupling by keeping objects from referring \n\nto each other explicitly and it lets you vary \n\ntheir interactions independently.\n\nCopyright © 2007 Jason S. McDonald\nhttp://www.McDonaldLand.info\n\nGamma, Erich; Helm, Richard; Johnson, Ralph; Vlissides, John (1995). Design Patterns: Elements of \n\nReusable Object-Oriented Software. Reading, Massachusetts: Addison Wesley Longman, Inc..\n\n+execute()\n\nCommand\n\n\n\nFacade\nComplex system\n\nAdapter\n\nType: Structural\n\nWhat it is:\n\nConvert the interface of a class into \n\nanother interface clients expect. Lets \n\nclasses work together that couldn't \n\notherwise because of incompatible \n\ninterfaces.\n+adaptedOperation()\n\nAdaptee\n\n+operation()\n\n«interface»\n\nAdapter\n\n+operation()\n\n-adaptee\n\nConcreteAdapter\n\nClient\n\n+operationImpl()\n\n«interface»\n\nImplementor\n\n+operation()\n\nAbstraction\n\n+operationImpl()\n\nConcreteImplementorA\n\n+operationImpl()\n\nConcreteImplementorB\n\nBridge\n\nType: Structural\n\nWhat it is:\n\nDecouple an abstraction from its \n\nimplementation so that the two can vary \n\nindependently.\n\n+operation()\n\nLeaf +operation()\n\n+add(in c : Composite)\n\n+remove(in","contentType":"application/pdf","fileSize":84665,"length":84665,"title":"Visio-patterns_v2.vsd"}