{"author":"Dave Child","content":"\nLookahead assertion +\n\nNegative lookahead +\n\nLookbehind assertion +\n\nNegative lookbehind +\n\nOnce-only Subexpression\n\nCondition [if then]\n\nCondition [if then else]\n\nComment\n\nAssertions\n\n?=\n\n?!\n\n?<= \n\n?!= or ?<! \n\n?>  \n\n?()  \n\n?()|  \n\n?# \n\nLetters, numbers and hyphens\n\nDate (e.g. 21/3/2006)\n\njpg, gif or png image\n\nAny number from 1 to 50 inclusive\n\nValid hexadecimal colour code\n\n8 to 15 character string with at least one \n\nupper case letter, one lower case letter, \n\nand one digit (useful for passwords).\n\nEmail addresses\n\nHTML Tags\n\n0 or more +\n\n0 or more, ungreedy +\n\n1 or more +\n\n1 or more, ungreedy +\n\n0 or 1 +\n\n0 or 1, ungreedy +\n\nExactly 3 +\n\n3 or more +\n\n3, 4 or 5 +\n\n3, 4 or 5, ungreedy +\n\nQuantifiers\n\n*\n\n*?\n\n+\n\n+?\n\n?\n\n??\n\n{3}\n\n{3,}\n\n{3,5}\n\n{3,5}?\n\nAny character except\n\nnew line (\\n) +\n\na or b +\n\nGroup +\n\nPassive Group +\n\nRange (a or b or c) +\n\nNot a or b or c +\n\nLetter between a and q +\n\nUpper case letter +\n\nbetween A and Q +\n\nDigit between 0 and 7 +\n\nnth group/subpattern +\n\nRanges\n\n.\n\n(a|b)\n\n(...)\n\n(?:...)\n\n[abc]\n\n[^abc]\n\n[a-q]\n\n[A-Q]\n\n[0-7]\n\n\\n\n\nGlobal match\n\nCase-insensitive\n\nMultiple lines\n\nTreat string as single line\n\nAllow comments and\n\nwhite space in pattern\n\nEvaluate replacement\n\nUngreedy pattern\n\nPattern Modifiers\n\ng\n\ni\n\nm\n\ns\n\nx\n\ne\n\nU\n\nnth non-passive group\n\n\"xyz\" in /^(abc(xyz))$/\n\n\"xyz\" in /^(?:abc)(xyz)$/\n\nBefore matched string\n\nAfter matched string\n\nLast matched string\n\nEntire matched string\n\nEntire input string\n\nLiteral \"$\"\n\nString Replacement (Backreferences)\n\n$n\n\n$2\n\n$1\n\n$`\n\n$'\n\n$+\n\n$&\n\n$_\n\n$$\n\nEscape Character +\n\nNew line +\n\nCarriage return +\n\nTab +\n\nVertical tab +\n\nForm feed +\n\nAlarm\n\nBackspace\n\nEscape\n\nNamed Character\n\nSpecial Characters\n\n\\\n\n\\n\n\n\\r\n\n\\t\n\n\\v\n\n\\f\n\n\\a\n\n[\\b]\n\n\\e\n\n\\N{name}\n\nMetacharacters (must be escaped)\n\n[\n\n{\n\n\\\n\n|\n\n>\n\n^\n\n$\n\n(\n\n)\n\n<\n\n.\n\n*\n\n+\n\n?\n\nItems marked + should work in most\nregular expression implementations.Note\n\nRanges are inclusive.Note\n\nThese patterns are intended for reference purposes and have not been extensively tested.\nPlease use with caution and test thoroughly before use.Note\n\nControl character\n\nWhite space\n\nNot white space\n\nDigit\n\nNot digit\n\nWord\n\nNot word\n\nHexadecimal character hh\n\nOctal character xxx\n\nCharacter Classes\n\n\\c\n\n\\s\n\n\\S\n\n\\d\n\n\\D\n\n\\w\n\n\\W\n\n\\xhh\n\n\\Oxxx\n\nUpper case letters\n\nLower case letters\n\nAll letters\n\nDigits and letters\n\nDigits\n\nHexadecimal digits\n\nPunctuation\n\nSpace and tab\n\nBlank characters\n\nControl characters\n\nPrinted characters\n\nPrinted characters and \n\nspaces\n\nDigits, letters and\n\nunderscore\n\nPOSIX Character Classes\n\n[:upper:]\n\n[:lower:]\n\n[:alpha:]\n\n[:alnum:]\n\n[:digit:]\n\n[:xdigit:]\n\n[:punct:]\n\n[:blank:]\n\n[:space:]\n\n[:cntrl:]\n\n[:graph:]\n\n[:print:]\n\n[:word:]\n\nStart of line +\n\nStart of string +\n\nEnd of line +\n\nEnd of string +\n\nWord boundary +\n\nNot word boundary +\n\nStart of word\n\nEnd of word\n\nAnchors\n\n^\n\n\\A\n\n$\n\n\\Z\n\n\\b\n\n\\B\n\n\\<\n\n\\>\n\nSample Patterns\n\n([A-Za-z0-9-]+)\n\n(\\d{1,2}\\/\\d{1,2}\\/\\d{4})\n\n([^\\s]+(?=\\.(jpg|gif|png))\\.\\2)\n\n(^[1-9]{1}$|^[1-4]{1}[0-9]{1}$|^50$)\n\n(#?([A-Fa-f0-9]){3}(([A-Fa-f0-9]){3})?)\n\n((?=.*\\d)(?=.*[a-z])(?=.*[A-Z]).{8,15})\n\n(\\w+@[a-zA-Z_]+?\\.[a-zA-Z]{2,6})\n\n(\\<(/?[^\\>]+)\\>)\n\nAvailable free from\n\nAddedBytes.com\n\n\n","contentType":"application/pdf","fileSize":663092,"keywords":"","length":663092,"title":"Regular Expressions Cheat Sheet"}