<list>
  <com.dotmarketing.portlets.categories.model.Category>
    <iDate class="sql-timestamp">2020-08-18 18:55:08.972</iDate>
    <type>category</type>
    <owner></owner>
    <inode>30dc87ae-260d-48f0-b094-eb6abbc80318</inode>
    <categoryName>Cat1.3 Level3</categoryName>
    <key>cat13Level3</key>
    <sortOrder>0</sortOrder>
    <active>true</active>
    <keywords>test1</keywords>
    <categoryVelocityVarName>cat13Level3</categoryVelocityVarName>
    <modDate class="sql-timestamp">2020-08-18 18:57:00.416</modDate>
  </com.dotmarketing.portlets.categories.model.Category>
  <com.dotmarketing.portlets.categories.model.Category>
    <iDate class="sql-timestamp">2020-08-18 18:54:51.467</iDate>
    <type>category</type>
    <owner></owner>
    <inode>069c6efb-9e0c-4097-9376-2cfb881b6083</inode>
    <categoryName>Cat1.2 Level3</categoryName>
    <key>cat12Level3</key>
    <sortOrder>0</sortOrder>
    <active>true</active>
    <keywords>test1</keywords>
    <categoryVelocityVarName>cat12Level3</categoryVelocityVarName>
    <modDate class="sql-timestamp">2020-08-18 18:56:45.17</modDate>
  </com.dotmarketing.portlets.categories.model.Category>
  <com.dotmarketing.portlets.categories.model.Category>
    <iDate class="sql-timestamp">2020-08-18 18:54:34.758</iDate>
    <type>category</type>
    <owner></owner>
    <inode>1d1846ce-6b20-4849-9fd8-81816a3418d2</inode>
    <categoryName>Cat1.1 Level3</categoryName>
    <key>cat11Level3</key>
    <sortOrder>0</sortOrder>
    <active>true</active>
    <keywords>test1</keywords>
    <categoryVelocityVarName>cat11Level3</categoryVelocityVarName>
    <modDate class="sql-timestamp">2020-08-18 18:56:14.503</modDate>
  </com.dotmarketing.portlets.categories.model.Category>
  <com.dotmarketing.portlets.categories.model.Category>
    <iDate class="sql-timestamp">2020-08-18 18:53:33.422</iDate>
    <type>category</type>
    <owner></owner>
    <inode>da88a2c6-c4ed-491e-bd51-31cf550164df</inode>
    <categoryName>Cat1.3 Level2</categoryName>
    <key>cat13Level2</key>
    <sortOrder>0</sortOrder>
    <active>true</active>
    <keywords></keywords>
    <categoryVelocityVarName>cat13Level2</categoryVelocityVarName>
    <modDate class="sql-timestamp">2020-08-18 18:53:33.424</modDate>
  </com.dotmarketing.portlets.categories.model.Category>
  <com.dotmarketing.portlets.categories.model.Category>
    <iDate class="sql-timestamp">2020-08-18 18:53:26.077</iDate>
    <type>category</type>
    <owner></owner>
    <inode>4e337b6b-25b6-41b6-b31d-ec8dae7e0a18</inode>
    <categoryName>Cat1.2 Level2</categoryName>
    <key>cat12Level2</key>
    <sortOrder>0</sortOrder>
    <active>true</active>
    <keywords></keywords>
    <categoryVelocityVarName>cat12Level2</categoryVelocityVarName>
    <modDate class="sql-timestamp">2020-08-18 18:53:26.079</modDate>
  </com.dotmarketing.portlets.categories.model.Category>
  <com.dotmarketing.portlets.categories.model.Category>
    <iDate class="sql-timestamp">2020-08-18 18:53:19.136</iDate>
    <type>category</type>
    <owner></owner>
    <inode>37aecb45-ecda-4cbf-9aef-b8d8c8ad37df</inode>
    <categoryName>Cat1.1 Level2</categoryName>
    <key>cat11Level2</key>
    <sortOrder>0</sortOrder>
    <active>true</active>
    <keywords></keywords>
    <categoryVelocityVarName>cat11Level2</categoryVelocityVarName>
    <modDate class="sql-timestamp">2020-08-18 18:53:19.164</modDate>
  </com.dotmarketing.portlets.categories.model.Category>
  <com.dotmarketing.portlets.categories.model.Category>
    <iDate class="sql-timestamp">2020-08-18 18:52:56.268</iDate>
    <type>category</type>
    <owner></owner>
    <inode>48b67ba3-9108-40bb-ba61-18c92875d16c</inode>
    <categoryName>Cat1 Level1</categoryName>
    <key>cat1Level1</key>
    <sortOrder>0</sortOrder>
    <active>true</active>
    <keywords></keywords>
    <categoryVelocityVarName>cat1Level1</categoryVelocityVarName>
    <modDate class="sql-timestamp">2020-08-18 18:52:56.304</modDate>
  </com.dotmarketing.portlets.categories.model.Category>
  <com.dotmarketing.portlets.categories.model.Category>
    <iDate class="sql-timestamp">2011-11-17 13:57:07.0</iDate>
    <type>category</type>
    <owner></owner>
    <inode>375341a2-0912-422f-b903-2602b6105c70</inode>
    <categoryName>Event Types</categoryName>
    <key>event</key>
    <sortOrder>0</sortOrder>
    <active>true</active>
    <categoryVelocityVarName>eventTypes</categoryVelocityVarName>
    <modDate class="sql-timestamp">2014-03-21 10:11:18.0</modDate>
  </com.dotmarketing.portlets.categories.model.Category>
</list>