<list>
  <com.dotmarketing.beans.Tree>
    <parent>069c6efb-9e0c-4097-9376-2cfb881b6083</parent>
    <child>4e2f21b9-94d9-4d33-a82d-45bb214d459c</child>
    <relationType>child</relationType>
    <treeOrder>0</treeOrder>
  </com.dotmarketing.beans.Tree>
  <com.dotmarketing.beans.Tree>
    <parent>069c6efb-9e0c-4097-9376-2cfb881b6083</parent>
    <child>73902a14-ed3d-4d34-bae0-ab62b9fc2105</child>
    <relationType>child</relationType>
    <treeOrder>0</treeOrder>
  </com.dotmarketing.beans.Tree>
  <com.dotmarketing.beans.Tree>
    <parent>069c6efb-9e0c-4097-9376-2cfb881b6083</parent>
    <child>936162bd-d3b1-4b13-ac76-1dcdf4ecef55</child>
    <relationType>child</relationType>
    <treeOrder>0</treeOrder>
  </com.dotmarketing.beans.Tree>
  <com.dotmarketing.beans.Tree>
    <parent>069c6efb-9e0c-4097-9376-2cfb881b6083</parent>
    <child>d5c46f74-a8d5-49b0-8b0b-153db84c335b</child>
    <relationType>child</relationType>
    <treeOrder>0</treeOrder>
  </com.dotmarketing.beans.Tree>
  <com.dotmarketing.beans.Tree>
    <parent>37aecb45-ecda-4cbf-9aef-b8d8c8ad37df</parent>
    <child>1d1846ce-6b20-4849-9fd8-81816a3418d2</child>
    <relationType>child</relationType>
    <treeOrder>0</treeOrder>
  </com.dotmarketing.beans.Tree>
  <com.dotmarketing.beans.Tree>
    <parent>48b67ba3-9108-40bb-ba61-18c92875d16c</parent>
    <child>37aecb45-ecda-4cbf-9aef-b8d8c8ad37df</child>
    <relationType>child</relationType>
    <treeOrder>0</treeOrder>
  </com.dotmarketing.beans.Tree>
  <com.dotmarketing.beans.Tree>
    <parent>48b67ba3-9108-40bb-ba61-18c92875d16c</parent>
    <child>4e337b6b-25b6-41b6-b31d-ec8dae7e0a18</child>
    <relationType>child</relationType>
    <treeOrder>0</treeOrder>
  </com.dotmarketing.beans.Tree>
  <com.dotmarketing.beans.Tree>
    <parent>48b67ba3-9108-40bb-ba61-18c92875d16c</parent>
    <child>da88a2c6-c4ed-491e-bd51-31cf550164df</child>
    <relationType>child</relationType>
    <treeOrder>0</treeOrder>
  </com.dotmarketing.beans.Tree>
  <com.dotmarketing.beans.Tree>
    <parent>4e337b6b-25b6-41b6-b31d-ec8dae7e0a18</parent>
    <child>069c6efb-9e0c-4097-9376-2cfb881b6083</child>
    <relationType>child</relationType>
    <treeOrder>0</treeOrder>
  </com.dotmarketing.beans.Tree>
  <com.dotmarketing.beans.Tree>
    <parent>4e337b6b-25b6-41b6-b31d-ec8dae7e0a18</parent>
    <child>4e2f21b9-94d9-4d33-a82d-45bb214d459c</child>
    <relationType>child</relationType>
    <treeOrder>0</treeOrder>
  </com.dotmarketing.beans.Tree>
  <com.dotmarketing.beans.Tree>
    <parent>4e337b6b-25b6-41b6-b31d-ec8dae7e0a18</parent>
    <child>73902a14-ed3d-4d34-bae0-ab62b9fc2105</child>
    <relationType>child</relationType>
    <treeOrder>0</treeOrder>
  </com.dotmarketing.beans.Tree>
  <com.dotmarketing.beans.Tree>
    <parent>4e337b6b-25b6-41b6-b31d-ec8dae7e0a18</parent>
    <child>936162bd-d3b1-4b13-ac76-1dcdf4ecef55</child>
    <relationType>child</relationType>
    <treeOrder>0</treeOrder>
  </com.dotmarketing.beans.Tree>
  <com.dotmarketing.beans.Tree>
    <parent>4e337b6b-25b6-41b6-b31d-ec8dae7e0a18</parent>
    <child>d5c46f74-a8d5-49b0-8b0b-153db84c335b</child>
    <relationType>child</relationType>
    <treeOrder>0</treeOrder>
  </com.dotmarketing.beans.Tree>
  <com.dotmarketing.beans.Tree>
    <parent>da88a2c6-c4ed-491e-bd51-31cf550164df</parent>
    <child>30dc87ae-260d-48f0-b094-eb6abbc80318</child>
    <relationType>child</relationType>
    <treeOrder>0</treeOrder>
  </com.dotmarketing.beans.Tree>
  <com.dotmarketing.beans.Tree>
    <parent>da88a2c6-c4ed-491e-bd51-31cf550164df</parent>
    <child>4e2f21b9-94d9-4d33-a82d-45bb214d459c</child>
    <relationType>child</relationType>
    <treeOrder>0</treeOrder>
  </com.dotmarketing.beans.Tree>
  <com.dotmarketing.beans.Tree>
    <parent>da88a2c6-c4ed-491e-bd51-31cf550164df</parent>
    <child>73902a14-ed3d-4d34-bae0-ab62b9fc2105</child>
    <relationType>child</relationType>
    <treeOrder>0</treeOrder>
  </com.dotmarketing.beans.Tree>
  <com.dotmarketing.beans.Tree>
    <parent>da88a2c6-c4ed-491e-bd51-31cf550164df</parent>
    <child>936162bd-d3b1-4b13-ac76-1dcdf4ecef55</child>
    <relationType>child</relationType>
    <treeOrder>0</treeOrder>
  </com.dotmarketing.beans.Tree>
  <com.dotmarketing.beans.Tree>
    <parent>da88a2c6-c4ed-491e-bd51-31cf550164df</parent>
    <child>d5c46f74-a8d5-49b0-8b0b-153db84c335b</child>
    <relationType>child</relationType>
    <treeOrder>0</treeOrder>
  </com.dotmarketing.beans.Tree>
  <com.dotmarketing.beans.Tree>
    <parent>4bae2fbe-7ab3-4b44-a196-1bd444b42eda</parent>
    <child>90ec36f6-2aa2-4288-bfb1-bab0e152eadb</child>
    <relationType>Kitchensink.relationships</relationType>
    <treeOrder>2</treeOrder>
  </com.dotmarketing.beans.Tree>
  <com.dotmarketing.beans.Tree>
    <parent>4bae2fbe-7ab3-4b44-a196-1bd444b42eda</parent>
    <child>35891a5a-d1fc-4ccd-9f49-8cb3b4219ebf</child>
    <relationType>Kitchensink.relationships</relationType>
    <treeOrder>3</treeOrder>
  </com.dotmarketing.beans.Tree>
</list>