{"content":"!function(){function m(){return function(){}}function p(a){return function(){return this[a]}}function s(a){return function(){return a}}function u(a,b,c){if(\"string\"==typeof a){if(0===a.indexOf(\"#\")&&(a=a.slice(1)),u.xa[a])return u.xa[a];a=u.w(a)}if(!a||!a.nodeName)throw new TypeError(\"The element or ID supplied is not valid. (videojs)\");return a.player||new u.s(a,b,c)}function D(a){a.u(\"vjs-lock-showing\")}function E(a,c,d,e){return d!==b?(a.a.style[c]=-1!==(\"\"+d).indexOf(\"%\")||-1!==(\"\"+d).indexOf(\"px\")?d:\"auto\"===d?\"\":d+\"px\",e||a.j(\"resize\"),a):a.a?(d=a.a.style[c],e=d.indexOf(\"px\"),-1!==e?parseInt(d.slice(0,e),10):parseInt(a.a[\"offset\"+u.$(c)],10)):0}function F(a,b){var c,d,e,f;return c=a.a,d=u.ad(c),f=e=c.offsetWidth,c=a.handle,a.g.Cd?(f=d.top,d=b.changedTouches?b.changedTouches[0].pageY:b.pageY,c&&(c=c.w().offsetHeight,f+=c/2,e-=c),Math.max(0,Math.min(1,(f-d+e)/e))):(e=d.left,d=b.changedTouches?b.changedTouches[0].pageX:b.pageX,c&&(c=c.w().offsetWidth,e+=c/2,f-=c),Math.max(0,Math.min(1,(d-e)/f)))}function ca(a,b){a.Z(b),b.d(\"click\",u.bind(a,function(){D(this)}))}function H(a){a.pa=f,a.wa.n(\"vjs-lock-showing\"),a.a.setAttribute(\"aria-pressed\",f),a.I&&0<a.I.length&&a.I[0].w().focus()}function G(a){a.pa=l,D(a.wa),a.a.setAttribute(\"aria-pressed\",l)}function da(a){var b={sources:[],tracks:[]};if(u.k.B(b,u.xb(a)),a.hasChildNodes()){var c,d,e,f;for(a=a.childNodes,e=0,f=a.length;f>e;e++)c=a[e],d=c.nodeName.toLowerCase(),\"source\"===d?b.sources.push(u.xb(c)):\"track\"===d&&b.tracks.push(u.xb(c))}return b}function I(a,b,c){a.h?(a.aa=l,a.h.D(),a.Eb&&(a.Eb=l,clearInterval(a.Ra)),a.Fb&&J(a),a.h=l):\"Html5\"!==b&&a.M&&(u.l.jc(a.M),a.M=h),a.ia=b,a.aa=l;var d=u.k.B({source:c,parentEl:a.a},a.g[b.toLowerCase()]);c&&(c.src==a.v.src&&0<a.v.currentTime&&(d.startTime=a.v.currentTime),a.v.src=c.src),a.h=new window.videojs[b](a,d),a.h.L(function(){if(this.b.Ua(),!this.m.progressEvents){var a=this.b;a.Eb=f,a.Ra=setInterval(u.bind(a,function(){this.v.lb<this.buffered().end(0)?this.j(\"progress\"):1==this.Ja()&&(clearInterval(this.Ra),this.j(\"progress\"))}),500),a.h.U(\"progress\",function(){this.m.progressEvents=f;var a=this.b;a.Eb=l,clearInterval(a.Ra)})}this.m.timeupdateEvents||(a=this.b,a.Fb=f,a.d(\"play\",a.Cc),a.d(\"pause\",a.za),a.h.U(\"timeupdate\",function(){this.m.timeupdateEvents=f,J(this.b)}))})}function J(a){a.Fb=l,a.za(),a.o(\"play\",a.Cc),a.o(\"pause\",a.za)}function L(a,b,c){if(a.h&&!a.h.aa)a.h.L(function(){this[b](c)});else try{a.h[b](c)}catch(d){throw u.log(d),d}}function K(a,c){if(a.h&&a.h.aa)try{return a.h[c]()}catch(d){throw a.h[c]===b?u.log(\"Video.js: \"+c+\" method not defined for \"+a.ia+\" playback technology.\",d):\"TypeError\"==d.name?(u.log(\"Video.js: \"+c+\" unavailable on \"+a.ia+\" playback technology element.\",d),a.h.aa=l):u.log(d),d}}function M(a){a.cd=l,u.o(document,\"keydown\",a.lc),document.documentElement.style.overflow=a.Yc,u.u(document.body,\"vjs-full-window\"),a.j(\"exitFullWindow\")}function ea(){var a=u.media.Va[i];return function(){throw Error('The \"'+a+\"\\\" method is not available on the playback technology's API\")}}function fa(){var a=R[T],b=a.charAt(0).toUpperCase()+a.slice(1);Q[\"set\"+b]=function(b){return this.a.vjs_setProperty(a,b)}}function U(a){Q[a]=function(){return this.a.vjs_getProperty(a)}}function V(a){return a.Aa=a.Aa||[],a.Aa}function W(a,b,c){for(var d,e,f=a.Aa,g=0,h=f.length;h>g;g++)d=f[g],d.id()===b?(d.show(),e=d):c&&d.J()==c&&0<d.mode()&&d.disable();(b=e?e.J():c?c:l)&&a.j(b+\"trackchange\")}function X(a){0===a.ha&&a.load(),0===a.ga&&(a.b.d(\"timeupdate\",u.bind(a,a.update,a.Q)),a.b.d(\"ended\",u.bind(a,a.reset,a.Q)),(\"captions\"===a.A||\"subtitles\"===a.A)&&a.b.V.textTrackDisplay.Z(a))}function Y(a){var b=a.split(\":\");a=0;var c,d,e;return 3==b.length?(c=b[0],d=b[1],b=b[2]):(c=0,d=b[0],b=b[1]),b=b.split(/\\s+/),b=b.splice(0,1)[0],b=b.split(/\\.|,/),e=parseFloat(b[1]),b=b[0],a+=3600*parseFloat(c),a+=60*parseFloat(d),a+=parseFloat(b),e&&(a+=e/1e3),a}function $(a,c){var d=a.split(\".\"),e=ga;!(d[0]in e)&&e.execScript&&e.execScript(\"var \"+d[0]);for(var f;d.length&&(f=d.shift());)d.length||c===b?e=e[f]?e[f]:e[f]={}:e[f]=c}var b=void 0,f=!0,h=null,l=!1,t;document.createElement(\"video\"),document.createElement(\"audio\"),document.createElement(\"track\");var v=u;window.Td=window.Ud=u,u.Tb=\"4.3\",u.Fc=\"https:\"==document.location.protocol?\"https://\":\"http://\",u.options={techOrder:[\"html5\",\"flash\"],html5:{},flash:{},width:300,height:150,defaultVolume:0,children:{mediaLoader:{},posterImage:{},textTrackDisplay:{},loadingSpinner:{},bigPlayButton:{},controlBar:{}},notSupportedMessage:'Sorry, no compatible source and playback technology were found for this video. Try using another browser like <a href=\"http://bit.ly/ccMUEC\">Chrome</a> or download the latest <a href=\"http://adobe.ly/mwfN1\">Adobe Flash Player</a>.'},\"GENERATED_CDN_VSN\"!==u.Tb&&(v.options.flash.swf=u.Fc+\"vjs.zencdn.net/\"+u.Tb+\"/video-js.swf\"),u.xa={},u.la=u.CoreObject=m(),u.la.extend=function(a){var b,c;a=a||{},b=a.init||a.i||this.prototype.init||this.prototype.i||m(),c=function(){b.apply(this,arguments)},c.prototype=u.k.create(this.prototype),c.prototype.constructor=c,c.extend=u.la.extend,c.create","contentType":"text/plain; charset=ISO-8859-1","fileSize":55009,"length":55009}