<com.google.common.collect.RegularImmutableList resolves-to="com.google.common.collect.ImmutableList$SerializedForm">
  <elements>
    <com.dotmarketing.portlets.languagesmanager.model.Language>
      <id>1</id>
      <languageCode>en</languageCode>
      <countryCode>US</countryCode>
      <language>English</language>
      <country>United States</country>
    </com.dotmarketing.portlets.languagesmanager.model.Language>
    <com.dotmarketing.portlets.languagesmanager.model.Language>
      <id>1621394414626</id>
      <languageCode>es</languageCode>
      <countryCode>ES</countryCode>
      <language>Español</language>
      <country>Spain</country>
    </com.dotmarketing.portlets.languagesmanager.model.Language>
  </elements>
</com.google.common.collect.RegularImmutableList>