<list>
  <com.dotmarketing.beans.MultiTree>
    <parent1>52a17125-773a-4296-a402-847d400f75e9</parent1>
    <parent2>db465240-d2b0-4327-8cae-5c5f49515b50</parent2>
    <child>35891a5a-d1fc-4ccd-9f49-8cb3b4219ebf</child>
    <relationType>1620686515860</relationType>
    <treeOrder>0</treeOrder>
    <personalization>dot:default</personalization>
  </com.dotmarketing.beans.MultiTree>
  <com.dotmarketing.beans.MultiTree>
    <parent1>52a17125-773a-4296-a402-847d400f75e9</parent1>
    <parent2>db465240-d2b0-4327-8cae-5c5f49515b50</parent2>
    <child>90ec36f6-2aa2-4288-bfb1-bab0e152eadb</child>
    <relationType>1620686520842</relationType>
    <treeOrder>0</treeOrder>
    <personalization>dot:default</personalization>
  </com.dotmarketing.beans.MultiTree>
  <com.dotmarketing.beans.MultiTree>
    <parent1>52a17125-773a-4296-a402-847d400f75e9</parent1>
    <parent2>db465240-d2b0-4327-8cae-5c5f49515b50</parent2>
    <child>956b7be9-c1a7-4244-8ae6-5390be4e4ce1</child>
    <relationType>1620687201857</relationType>
    <treeOrder>0</treeOrder>
    <personalization>dot:default</personalization>
  </com.dotmarketing.beans.MultiTree>
  <com.dotmarketing.beans.MultiTree>
    <parent1>71d03f17-a7ed-4bcb-957f-7919110897ad</parent1>
    <parent2>46692a75-2724-4992-964f-7389f7e8e010</parent2>
    <child>35891a5a-d1fc-4ccd-9f49-8cb3b4219ebf</child>
    <relationType>dotParser_1620684181707</relationType>
    <treeOrder>0</treeOrder>
    <personalization>dot:default</personalization>
  </com.dotmarketing.beans.MultiTree>
  <com.dotmarketing.beans.MultiTree>
    <parent1>71d03f17-a7ed-4bcb-957f-7919110897ad</parent1>
    <parent2>46692a75-2724-4992-964f-7389f7e8e010</parent2>
    <child>7b1abffa-cf87-403f-8348-fd3e652efe2b</child>
    <relationType>dotParser_1620684055734</relationType>
    <treeOrder>0</treeOrder>
    <personalization>dot:default</personalization>
  </com.dotmarketing.beans.MultiTree>
  <com.dotmarketing.beans.MultiTree>
    <parent1>a6ecd157-ba05-4a2f-a946-76f7389c24e8</parent1>
    <parent2>db465240-d2b0-4327-8cae-5c5f49515b50</parent2>
    <child>35891a5a-d1fc-4ccd-9f49-8cb3b4219ebf</child>
    <relationType>2</relationType>
    <treeOrder>0</treeOrder>
    <personalization>dot:default</personalization>
  </com.dotmarketing.beans.MultiTree>
  <com.dotmarketing.beans.MultiTree>
    <parent1>a6ecd157-ba05-4a2f-a946-76f7389c24e8</parent1>
    <parent2>db465240-d2b0-4327-8cae-5c5f49515b50</parent2>
    <child>7b1abffa-cf87-403f-8348-fd3e652efe2b</child>
    <relationType>3</relationType>
    <treeOrder>0</treeOrder>
    <personalization>dot:default</personalization>
  </com.dotmarketing.beans.MultiTree>
  <com.dotmarketing.beans.MultiTree>
    <parent1>a6ecd157-ba05-4a2f-a946-76f7389c24e8</parent1>
    <parent2>db465240-d2b0-4327-8cae-5c5f49515b50</parent2>
    <child>90ec36f6-2aa2-4288-bfb1-bab0e152eadb</child>
    <relationType>5</relationType>
    <treeOrder>0</treeOrder>
    <personalization>dot:default</personalization>
  </com.dotmarketing.beans.MultiTree>
  <com.dotmarketing.beans.MultiTree>
    <parent1>c915ae81-ec49-4c8e-84ef-38ead5aa7fc1</parent1>
    <parent2>db465240-d2b0-4327-8cae-5c5f49515b50</parent2>
    <child>7b1abffa-cf87-403f-8348-fd3e652efe2b</child>
    <relationType>1620687201857</relationType>
    <treeOrder>0</treeOrder>
    <personalization>dot:default</personalization>
  </com.dotmarketing.beans.MultiTree>
  <com.dotmarketing.beans.MultiTree>
    <parent1>c915ae81-ec49-4c8e-84ef-38ead5aa7fc1</parent1>
    <parent2>db465240-d2b0-4327-8cae-5c5f49515b50</parent2>
    <child>90ec36f6-2aa2-4288-bfb1-bab0e152eadb</child>
    <relationType>1620686520842</relationType>
    <treeOrder>0</treeOrder>
    <personalization>dot:default</personalization>
  </com.dotmarketing.beans.MultiTree>
</list>