{"content":"/*! fancyBox v2.1.5 fancyapps.com | fancyapps.com/fancybox/#license */\n(function(r,G,f,v){var J=f(\"html\"),n=f(r),p=f(G),b=f.fancybox=function(){b.open.apply(this,arguments)},I=navigator.userAgent.match(/msie/i),B=null,s=G.createTouch!==v,t=function(a){return a&&a.hasOwnProperty&&a instanceof f},q=function(a){return a&&\"string\"===f.type(a)},E=function(a){return q(a)&&0<a.indexOf(\"%\")},l=function(a,d){var e=parseInt(a,10)||0;d&&E(a)&&(e*=b.getViewport()[d]/100);return Math.ceil(e)},w=function(a,b){return l(a,b)+\"px\"};f.extend(b,{version:\"2.1.5\",defaults:{padding:15,margin:20,\nwidth:800,height:600,minWidth:100,minHeight:100,maxWidth:9999,maxHeight:9999,pixelRatio:1,autoSize:!0,autoHeight:!1,autoWidth:!1,autoResize:!0,autoCenter:!s,fitToView:!0,aspectRatio:!1,topRatio:0.5,leftRatio:0.5,scrolling:\"auto\",wrapCSS:\"\",arrows:!0,closeBtn:!0,closeClick:!1,nextClick:!1,mouseWheel:!0,autoPlay:!1,playSpeed:3E3,preload:3,modal:!1,loop:!0,ajax:{dataType:\"html\",headers:{\"X-fancyBox\":!0}},iframe:{scrolling:\"auto\",preload:!0},swf:{wmode:\"transparent\",allowfullscreen:\"true\",allowscriptaccess:\"always\"},\nkeys:{next:{13:\"left\",34:\"up\",39:\"left\",40:\"up\"},prev:{8:\"right\",33:\"down\",37:\"right\",38:\"down\"},close:[27],play:[32],toggle:[70]},direction:{next:\"left\",prev:\"right\"},scrollOutside:!0,index:0,type:null,href:null,content:null,title:null,tpl:{wrap:'<div class=\"fancybox-wrap\" tabIndex=\"-1\"><div class=\"fancybox-skin\"><div class=\"fancybox-outer\"><div class=\"fancybox-inner\"></div></div></div></div>',image:'<img class=\"fancybox-image\" src=\"{href}\" alt=\"\" />',iframe:'<iframe id=\"fancybox-frame{rnd}\" name=\"fancybox-frame{rnd}\" class=\"fancybox-iframe\" frameborder=\"0\" vspace=\"0\" hspace=\"0\" webkitAllowFullScreen mozallowfullscreen allowFullScreen'+\n(I?' allowtransparency=\"true\"':\"\")+\"></iframe>\",error:'<p class=\"fancybox-error\">The requested content cannot be loaded.<br/>Please try again later.</p>',closeBtn:'<a title=\"Close\" class=\"fancybox-item fancybox-close\" href=\"javascript:;\"></a>',next:'<a title=\"Next\" class=\"fancybox-nav fancybox-next\" href=\"javascript:;\"><span></span></a>',prev:'<a title=\"Previous\" class=\"fancybox-nav fancybox-prev\" href=\"javascript:;\"><span></span></a>'},openEffect:\"fade\",openSpeed:250,openEasing:\"swing\",openOpacity:!0,\nopenMethod:\"zoomIn\",closeEffect:\"fade\",closeSpeed:250,closeEasing:\"swing\",closeOpacity:!0,closeMethod:\"zoomOut\",nextEffect:\"elastic\",nextSpeed:250,nextEasing:\"swing\",nextMethod:\"changeIn\",prevEffect:\"elastic\",prevSpeed:250,prevEasing:\"swing\",prevMethod:\"changeOut\",helpers:{overlay:!0,title:!0},onCancel:f.noop,beforeLoad:f.noop,afterLoad:f.noop,beforeShow:f.noop,afterShow:f.noop,beforeChange:f.noop,beforeClose:f.noop,afterClose:f.noop},group:{},opts:{},previous:null,coming:null,current:null,isActive:!1,\nisOpen:!1,isOpened:!1,wrap:null,skin:null,outer:null,inner:null,player:{timer:null,isActive:!1},ajaxLoad:null,imgPreload:null,transitions:{},helpers:{},open:function(a,d){if(a&&(f.isPlainObject(d)||(d={}),!1!==b.close(!0)))return f.isArray(a)||(a=t(a)?f(a).get():[a]),f.each(a,function(e,c){var k={},g,h,j,m,l;\"object\"===f.type(c)&&(c.nodeType&&(c=f(c)),t(c)?(k={href:c.data(\"fancybox-href\")||c.attr(\"href\"),title:c.data(\"fancybox-title\")||c.attr(\"title\"),isDom:!0,element:c},f.metadata&&f.extend(!0,k,\nc.metadata())):k=c);g=d.href||k.href||(q(c)?c:null);h=d.title!==v?d.title:k.title||\"\";m=(j=d.content||k.content)?\"html\":d.type||k.type;!m&&k.isDom&&(m=c.data(\"fancybox-type\"),m||(m=(m=c.prop(\"class\").match(/fancybox\\.(\\w+)/))?m[1]:null));q(g)&&(m||(b.isImage(g)?m=\"image\":b.isSWF(g)?m=\"swf\":\"#\"===g.charAt(0)?m=\"inline\":q(c)&&(m=\"html\",j=c)),\"ajax\"===m&&(l=g.split(/\\s+/,2),g=l.shift(),l=l.shift()));j||(\"inline\"===m?g?j=f(q(g)?g.replace(/.*(?=#[^\\s]+$)/,\"\"):g):k.isDom&&(j=c):\"html\"===m?j=g:!m&&(!g&&\nk.isDom)&&(m=\"inline\",j=c));f.extend(k,{href:g,type:m,content:j,title:h,selector:l});a[e]=k}),b.opts=f.extend(!0,{},b.defaults,d),d.keys!==v&&(b.opts.keys=d.keys?f.extend({},b.defaults.keys,d.keys):!1),b.group=a,b._start(b.opts.index)},cancel:function(){var a=b.coming;a&&!1!==b.trigger(\"onCancel\")&&(b.hideLoading(),b.ajaxLoad&&b.ajaxLoad.abort(),b.ajaxLoad=null,b.imgPreload&&(b.imgPreload.onload=b.imgPreload.onerror=null),a.wrap&&a.wrap.stop(!0,!0).trigger(\"onReset\").remove(),b.coming=null,b.current||\nb._afterZoomOut(a))},close:function(a){b.cancel();!1!==b.trigger(\"beforeClose\")&&(b.unbindEvents(),b.isActive&&(!b.isOpen||!0===a?(f(\".fancybox-wrap\").stop(!0).trigger(\"onReset\").remove(),b._afterZoomOut()):(b.isOpen=b.isOpened=!1,b.isClosing=!0,f(\".fancybox-item, .fancybox-nav\").remove(),b.wrap.stop(!0,!0).removeClass(\"fancybox-opened\"),b.transitions[b.current.closeMethod]())))},play:function(a){var d=function(){clearTimeout(b.player.timer)},e=function(){d();b.current&&b.player.isActive&&(b.player.timer=\nsetTimeout(b.next,b.current.playSpeed))},c=function(){d();p.unbind(\".player\");b.player.isActive=!1;b.trigger(\"onPlayEnd\")};if(!0===a||!b.player.isActive&&!1!==a){if(b.current&&(b.current.loop||b.current.index<b.group.length-1))b.player.isActive=!0,p.bind({\"onCancel.player beforeClose.player\":c,\"onUpdate.player\":e,\"beforeLoad.player\":","contentType":"text/plain; charset=ISO-8859-1","fileSize":23135,"length":23135}