<list>
  <com.dotmarketing.portlets.contentlet.model.ContentletVersionInfo>
    <identifier>0bd874cd-32e6-4d0a-9b33-fbfa4c170d8b</identifier>
    <liveInode>59b4332b-0c01-4cba-a609-42d425cee842</liveInode>
    <workingInode>59b4332b-0c01-4cba-a609-42d425cee842</workingInode>
    <lockedOn class="sql-timestamp">2020-07-10 20:16:20.099</lockedOn>
    <deleted>false</deleted>
    <versionTs class="sql-timestamp">2020-07-10 20:16:20.123</versionTs>
    <lang>1</lang>
  </com.dotmarketing.portlets.contentlet.model.ContentletVersionInfo>
  <com.dotmarketing.portlets.contentlet.model.ContentletVersionInfo>
    <identifier>0fc6e972-b808-4790-aa70-1c474e3e33b5</identifier>
    <liveInode>860af880-88ca-4718-ae8a-b3783996ffe9</liveInode>
    <workingInode>860af880-88ca-4718-ae8a-b3783996ffe9</workingInode>
    <lockedOn class="sql-timestamp">2020-07-10 20:17:58.723</lockedOn>
    <deleted>false</deleted>
    <versionTs class="sql-timestamp">2020-07-10 20:17:58.737</versionTs>
    <lang>1</lang>
  </com.dotmarketing.portlets.contentlet.model.ContentletVersionInfo>
  <com.dotmarketing.portlets.contentlet.model.ContentletVersionInfo>
    <identifier>1b927236-4857-4763-8ef8-ab36e437fbec</identifier>
    <liveInode>e631badb-0867-4471-ab39-26e1f16c6ed1</liveInode>
    <workingInode>e631badb-0867-4471-ab39-26e1f16c6ed1</workingInode>
    <lockedOn class="sql-timestamp">2020-08-18 18:44:47.946</lockedOn>
    <deleted>false</deleted>
    <versionTs class="sql-timestamp">2020-08-18 18:44:47.954</versionTs>
    <lang>1</lang>
  </com.dotmarketing.portlets.contentlet.model.ContentletVersionInfo>
  <com.dotmarketing.portlets.contentlet.model.ContentletVersionInfo>
    <identifier>286ea849-e99b-415e-bd5f-b69babae9bb6</identifier>
    <liveInode>9aa37648-dedf-4642-a905-089f990facec</liveInode>
    <workingInode>9aa37648-dedf-4642-a905-089f990facec</workingInode>
    <lockedOn class="sql-timestamp">2020-07-10 20:16:19.998</lockedOn>
    <deleted>false</deleted>
    <versionTs class="sql-timestamp">2020-07-10 20:16:20.039</versionTs>
    <lang>1</lang>
  </com.dotmarketing.portlets.contentlet.model.ContentletVersionInfo>
  <com.dotmarketing.portlets.contentlet.model.ContentletVersionInfo>
    <identifier>35891a5a-d1fc-4ccd-9f49-8cb3b4219ebf</identifier>
    <liveInode>3bbe6f7f-91b6-419c-9e6a-258f95f5272c</liveInode>
    <workingInode>3bbe6f7f-91b6-419c-9e6a-258f95f5272c</workingInode>
    <lockedOn class="sql-timestamp">2020-07-10 20:18:17.207</lockedOn>
    <deleted>false</deleted>
    <versionTs class="sql-timestamp">2020-07-10 20:18:17.223</versionTs>
    <lang>1</lang>
  </com.dotmarketing.portlets.contentlet.model.ContentletVersionInfo>
  <com.dotmarketing.portlets.contentlet.model.ContentletVersionInfo>
    <identifier>37996e78-c97e-4b94-aeaa-806d821f6293</identifier>
    <liveInode>f6981425-695f-4a77-8770-9ac7d85e64c5</liveInode>
    <workingInode>f6981425-695f-4a77-8770-9ac7d85e64c5</workingInode>
    <lockedOn class="sql-timestamp">2020-07-10 20:16:01.421</lockedOn>
    <deleted>false</deleted>
    <versionTs class="sql-timestamp">2020-07-10 20:16:01.613</versionTs>
    <lang>1</lang>
  </com.dotmarketing.portlets.contentlet.model.ContentletVersionInfo>
  <com.dotmarketing.portlets.contentlet.model.ContentletVersionInfo>
    <identifier>4bae2fbe-7ab3-4b44-a196-1bd444b42eda</identifier>
    <liveInode>3a4fd59c-c666-48b2-858c-f62c45c33b75</liveInode>
    <workingInode>3a4fd59c-c666-48b2-858c-f62c45c33b75</workingInode>
    <lockedOn class="sql-timestamp">2020-08-19 21:08:00.604</lockedOn>
    <deleted>false</deleted>
    <versionTs class="sql-timestamp">2020-08-19 21:08:00.578</versionTs>
    <lang>1</lang>
  </com.dotmarketing.portlets.contentlet.model.ContentletVersionInfo>
  <com.dotmarketing.portlets.contentlet.model.ContentletVersionInfo>
    <identifier>7b1abffa-cf87-403f-8348-fd3e652efe2b</identifier>
    <liveInode>58d838be-400b-4184-9c22-bc253f515a86</liveInode>
    <workingInode>58d838be-400b-4184-9c22-bc253f515a86</workingInode>
    <lockedOn class="sql-timestamp">2020-08-18 22:42:08.938</lockedOn>
    <deleted>false</deleted>
    <versionTs class="sql-timestamp">2020-08-18 22:42:08.947</versionTs>
    <lang>1</lang>
  </com.dotmarketing.portlets.contentlet.model.ContentletVersionInfo>
  <com.dotmarketing.portlets.contentlet.model.ContentletVersionInfo>
    <identifier>839092c6-d26a-46d3-a641-57bfc5237c64</identifier>
    <liveInode>b4b620fc-f8eb-42b9-bd67-cc75d83017f7</liveInode>
    <workingInode>b4b620fc-f8eb-42b9-bd67-cc75d83017f7</workingInode>
    <lockedOn class="sql-timestamp">2020-07-10 20:17:47.305</lockedOn>
    <deleted>false</deleted>
    <versionTs class="sql-timestamp">2020-07-10 20:17:47.322</versionTs>
    <lang>1</lang>
  </com.dotmarketing.portlets.contentlet.model.ContentletVersionInfo>
  <com.dotmarketing.portlets.contentlet.model.ContentletVersionInfo>
    <identifier>8a7d5e23-da1e-420a-b4f0-471e7da8ea2d</identifier>
    <liveInode>1b407535-67e3-4f21-ad00-8ef5ef492d64</liveInode>
    <workingInode>1b407535-67e3-4f21-ad00-8ef5ef492d64</workingInode>
    <lockedBy>dotcms.org.1</lockedBy>
    <lockedOn class="sql-timestamp">2020-04-20 20:28:30.733</lockedOn>
    <deleted>false</deleted>
    <versionTs class="sql-timestamp">2020-04-20 20:28:30.955</versionTs>
    <lang>1</lang>
  </com.dotmarketing.portlets.contentlet.model.ContentletVersionInfo>
  <com.dotmarketing.portlets.contentlet.model.ContentletVersionInfo>
    <identifier>8be1cb1e-9fd5-42ed-956e-016aa7a4b421</identifier>
    <liveInode>28acb739-f01c-4310-a4e2-c15d3e9939f9</liveInode>
    <workingInode>28acb739-f01c-4310-a4e2-c15d3e9939f9</workingInode>
    <lockedOn class="sql-timestamp">2020-08-18 18:46:54.331</lockedOn>
    <deleted>false</deleted>
    <versionTs class="sql-timestamp">2020-08-18 18:46:54.34</versionTs>
    <lang>1</lang>
  </com.dotmarketing.portlets.contentlet.model.ContentletVersionInfo>
  <com.dotmarketing.portlets.contentlet.model.ContentletVersionInfo>
    <identifier>90ec36f6-2aa2-4288-bfb1-bab0e152eadb</identifier>
    <liveInode>e6c32a8f-8dd9-44ad-ba96-2c82b7aebb1d</liveInode>
    <workingInode>e6c32a8f-8dd9-44ad-ba96-2c82b7aebb1d</workingInode>
    <lockedOn class="sql-timestamp">2020-07-10 20:18:28.031</lockedOn>
    <deleted>false</deleted>
    <versionTs class="sql-timestamp">2020-07-10 20:18:28.065</versionTs>
    <lang>1</lang>
  </com.dotmarketing.portlets.contentlet.model.ContentletVersionInfo>
  <com.dotmarketing.portlets.contentlet.model.ContentletVersionInfo>
    <identifier>SYSTEM_HOST</identifier>
    <liveInode>dbdec5e2-c02b-4cfb-83a9-4a4c4f3b2eb0</liveInode>
    <workingInode>dbdec5e2-c02b-4cfb-83a9-4a4c4f3b2eb0</workingInode>
    <lockedOn class="sql-timestamp">2012-06-07 09:46:26.0</lockedOn>
    <deleted>false</deleted>
    <versionTs class="sql-timestamp">2020-04-20 20:23:51.289</versionTs>
    <lang>1</lang>
  </com.dotmarketing.portlets.contentlet.model.ContentletVersionInfo>
  <com.dotmarketing.portlets.contentlet.model.ContentletVersionInfo>
    <identifier>b3eee8aa-f664-46a8-992a-f29915396fe4</identifier>
    <liveInode>b5884069-492d-4df5-8015-842bcab424c0</liveInode>
    <workingInode>b5884069-492d-4df5-8015-842bcab424c0</workingInode>
    <lockedOn class="sql-timestamp">2020-07-10 20:16:01.705</lockedOn>
    <deleted>false</deleted>
    <versionTs class="sql-timestamp">2020-07-10 20:16:01.778</versionTs>
    <lang>1</lang>
  </com.dotmarketing.portlets.contentlet.model.ContentletVersionInfo>
  <com.dotmarketing.portlets.contentlet.model.ContentletVersionInfo>
    <identifier>b91f2b4b-ac64-429e-8a58-5c3f8484a600</identifier>
    <liveInode>da3680a3-f2fb-4737-9173-81e632b83878</liveInode>
    <workingInode>da3680a3-f2fb-4737-9173-81e632b83878</workingInode>
    <lockedOn class="sql-timestamp">2020-08-18 23:27:32.214</lockedOn>
    <deleted>false</deleted>
    <versionTs class="sql-timestamp">2020-08-18 23:27:32.151</versionTs>
    <lang>1</lang>
  </com.dotmarketing.portlets.contentlet.model.ContentletVersionInfo>
</list>