<list>
  <com.dotmarketing.portlets.structure.model.Relationship>
    <iDate>2020-08-19 21:51:05.948 UTC</iDate>
    <type>relationship</type>
    <owner></owner>
    <inode>ae15eec5-d264-4182-bb56-e252936013b9</inode>
    <parentStructureInode>a0ba0feb-440e-4881-8275-91f312bedb32</parentStructureInode>
    <childStructureInode>2a3e91e4-fbbf-4876-8c5b-2233c1739b05</childStructureInode>
    <childRelationName>relationships</childRelationName>
    <relationTypeValue>Kitchensink.relationships</relationTypeValue>
    <cardinality>1</cardinality>
    <parentRequired>false</parentRequired>
    <childRequired>false</childRequired>
    <fixed>false</fixed>
  </com.dotmarketing.portlets.structure.model.Relationship>
</list>