<list>
  <com.dotmarketing.portlets.workflows.model.WorkflowTask>
    <id>0c58221f-f3ea-4e36-a16a-f10795900db7</id>
    <creationDate class="sql-timestamp">2020-07-10 20:16:01.79</creationDate>
    <modDate class="sql-timestamp">2020-07-10 20:16:01.79</modDate>
    <createdBy>e7d4e34e-5127-45fc-8123-d48b62d510e3</createdBy>
    <assignedTo>e7d4e34e-5127-45fc-8123-d48b62d510e3</assignedTo>
    <title>Charmander.jpeg</title>
    <status>dc3c9cd0-8467-404b-bf95-cb7df3fbc293</status>
    <webasset>b3eee8aa-f664-46a8-992a-f29915396fe4</webasset>
    <languageId>1</languageId>
  </com.dotmarketing.portlets.workflows.model.WorkflowTask>
  <com.dotmarketing.portlets.workflows.model.WorkflowTask>
    <id>20eaab53-ea73-4001-99ef-f499a053f077</id>
    <creationDate class="sql-timestamp">2020-08-18 18:46:54.345</creationDate>
    <modDate class="sql-timestamp">2020-08-18 18:46:54.345</modDate>
    <createdBy>0cc07fcf-f6d1-45bb-8f1c-32542dfa9b02</createdBy>
    <assignedTo>0cc07fcf-f6d1-45bb-8f1c-32542dfa9b02</assignedTo>
    <title>Test2</title>
    <description></description>
    <status>dc3c9cd0-8467-404b-bf95-cb7df3fbc293</status>
    <webasset>8be1cb1e-9fd5-42ed-956e-016aa7a4b421</webasset>
    <languageId>1</languageId>
  </com.dotmarketing.portlets.workflows.model.WorkflowTask>
  <com.dotmarketing.portlets.workflows.model.WorkflowTask>
    <id>60f15657-c3b7-4f98-8384-793061367872</id>
    <creationDate class="sql-timestamp">2020-07-10 20:16:01.638</creationDate>
    <modDate class="sql-timestamp">2020-07-10 20:16:01.639</modDate>
    <createdBy>e7d4e34e-5127-45fc-8123-d48b62d510e3</createdBy>
    <assignedTo>e7d4e34e-5127-45fc-8123-d48b62d510e3</assignedTo>
    <title>Bulbasaur.jpeg</title>
    <status>dc3c9cd0-8467-404b-bf95-cb7df3fbc293</status>
    <webasset>37996e78-c97e-4b94-aeaa-806d821f6293</webasset>
    <languageId>1</languageId>
  </com.dotmarketing.portlets.workflows.model.WorkflowTask>
  <com.dotmarketing.portlets.workflows.model.WorkflowTask>
    <id>6df3e107-99f4-44e3-846d-4ae862f975a7</id>
    <creationDate class="sql-timestamp">2020-07-10 20:16:20.133</creationDate>
    <modDate class="sql-timestamp">2020-07-10 20:16:20.133</modDate>
    <createdBy>e7d4e34e-5127-45fc-8123-d48b62d510e3</createdBy>
    <assignedTo>e7d4e34e-5127-45fc-8123-d48b62d510e3</assignedTo>
    <title>Squirtle.jpeg</title>
    <status>dc3c9cd0-8467-404b-bf95-cb7df3fbc293</status>
    <webasset>0bd874cd-32e6-4d0a-9b33-fbfa4c170d8b</webasset>
    <languageId>1</languageId>
  </com.dotmarketing.portlets.workflows.model.WorkflowTask>
  <com.dotmarketing.portlets.workflows.model.WorkflowTask>
    <id>78b91d0e-eeaa-43f0-82e7-836839c13190</id>
    <creationDate class="sql-timestamp">2020-07-10 20:18:17.237</creationDate>
    <modDate class="sql-timestamp">2020-07-10 20:18:17.238</modDate>
    <createdBy>e7d4e34e-5127-45fc-8123-d48b62d510e3</createdBy>
    <assignedTo>e7d4e34e-5127-45fc-8123-d48b62d510e3</assignedTo>
    <title>sync1</title>
    <description></description>
    <status>dc3c9cd0-8467-404b-bf95-cb7df3fbc293</status>
    <webasset>35891a5a-d1fc-4ccd-9f49-8cb3b4219ebf</webasset>
    <languageId>1</languageId>
  </com.dotmarketing.portlets.workflows.model.WorkflowTask>
  <com.dotmarketing.portlets.workflows.model.WorkflowTask>
    <id>8839ec76-8f5d-41c9-b471-70eb3ec62c2f</id>
    <creationDate class="sql-timestamp">2020-07-10 20:16:20.059</creationDate>
    <modDate class="sql-timestamp">2020-07-10 20:16:20.06</modDate>
    <createdBy>e7d4e34e-5127-45fc-8123-d48b62d510e3</createdBy>
    <assignedTo>e7d4e34e-5127-45fc-8123-d48b62d510e3</assignedTo>
    <title>Pikachu.jpeg</title>
    <status>dc3c9cd0-8467-404b-bf95-cb7df3fbc293</status>
    <webasset>286ea849-e99b-415e-bd5f-b69babae9bb6</webasset>
    <languageId>1</languageId>
  </com.dotmarketing.portlets.workflows.model.WorkflowTask>
  <com.dotmarketing.portlets.workflows.model.WorkflowTask>
    <id>9f04c307-0dee-4d34-a0a0-3b7f9fd4ed2d</id>
    <creationDate class="sql-timestamp">2020-07-10 20:18:28.074</creationDate>
    <modDate class="sql-timestamp">2020-07-10 20:18:28.074</modDate>
    <createdBy>e7d4e34e-5127-45fc-8123-d48b62d510e3</createdBy>
    <assignedTo>e7d4e34e-5127-45fc-8123-d48b62d510e3</assignedTo>
    <title>sync2</title>
    <description></description>
    <status>dc3c9cd0-8467-404b-bf95-cb7df3fbc293</status>
    <webasset>90ec36f6-2aa2-4288-bfb1-bab0e152eadb</webasset>
    <languageId>1</languageId>
  </com.dotmarketing.portlets.workflows.model.WorkflowTask>
  <com.dotmarketing.portlets.workflows.model.WorkflowTask>
    <id>ac0fe765-f0cc-462e-961c-940824ec755a</id>
    <creationDate class="sql-timestamp">2020-08-18 22:55:31.087</creationDate>
    <modDate class="sql-timestamp">2020-08-19 21:08:00.606</modDate>
    <createdBy>e7d4e34e-5127-45fc-8123-d48b62d510e3</createdBy>
    <assignedTo>e7d4e34e-5127-45fc-8123-d48b62d510e3</assignedTo>
    <title>Test1</title>
    <description></description>
    <status>dc3c9cd0-8467-404b-bf95-cb7df3fbc293</status>
    <webasset>4bae2fbe-7ab3-4b44-a196-1bd444b42eda</webasset>
    <languageId>1</languageId>
  </com.dotmarketing.portlets.workflows.model.WorkflowTask>
  <com.dotmarketing.portlets.workflows.model.WorkflowTask>
    <id>d05bcdbe-97cc-446a-b1c4-b38a30db05d2</id>
    <creationDate class="sql-timestamp">2020-08-18 18:44:47.96</creationDate>
    <modDate class="sql-timestamp">2020-08-18 18:44:47.961</modDate>
    <createdBy>0cc07fcf-f6d1-45bb-8f1c-32542dfa9b02</createdBy>
    <assignedTo>0cc07fcf-f6d1-45bb-8f1c-32542dfa9b02</assignedTo>
    <title>Test1</title>
    <description></description>
    <status>dc3c9cd0-8467-404b-bf95-cb7df3fbc293</status>
    <webasset>1b927236-4857-4763-8ef8-ab36e437fbec</webasset>
    <languageId>1</languageId>
  </com.dotmarketing.portlets.workflows.model.WorkflowTask>
</list>