<list>
  <com.dotmarketing.portlets.contentlet.business.Contentlet>
    <iDate class="sql-timestamp">2020-07-10 20:17:58.704</iDate>
    <type>contentlet</type>
    <owner>dotcms.org.1</owner>
    <inode>860af880-88ca-4718-ae8a-b3783996ffe9</inode>
    <identifier>0fc6e972-b808-4790-aa70-1c474e3e33b5</identifier>
    <source>DB</source>
    <title>sync4</title>
    <friendlyName>sync4</friendlyName>
    <modDate class="sql-timestamp">2020-07-10 20:17:58.704</modDate>
    <modUser>dotcms.org.1</modUser>
    <sortOrder>0</sortOrder>
    <showOnMenu>false</showOnMenu>
    <fAPI class="com.dotmarketing.portlets.structure.business.FieldAPIImpl"/>
    <structureInode>8626f368-f49f-455a-a287-cf8a33d34bb8</structureInode>
    <languageId>1</languageId>
    <lastReview class="sql-timestamp">2020-07-10 20:17:58.682</lastReview>
    <disabledWysiwyg></disabledWysiwyg>
    <text1>sync4</text1>
    <text__area1>&lt;p&gt;something else new&lt;/p&gt;</text__area1>
    <integer1>0</integer1>
    <integer2>0</integer2>
    <integer3>0</integer3>
    <integer4>0</integer4>
    <integer5>0</integer5>
    <integer6>0</integer6>
    <integer7>0</integer7>
    <integer8>0</integer8>
    <integer9>0</integer9>
    <integer10>0</integer10>
    <integer11>0</integer11>
    <integer12>0</integer12>
    <integer13>0</integer13>
    <integer14>0</integer14>
    <integer15>0</integer15>
    <integer16>0</integer16>
    <integer17>0</integer17>
    <integer18>0</integer18>
    <integer19>0</integer19>
    <integer20>0</integer20>
    <integer21>0</integer21>
    <integer22>0</integer22>
    <integer23>0</integer23>
    <integer24>0</integer24>
    <integer25>0</integer25>
    <float1>0.0</float1>
    <float2>0.0</float2>
    <float3>0.0</float3>
    <float4>0.0</float4>
    <float5>0.0</float5>
    <float6>0.0</float6>
    <float7>0.0</float7>
    <float8>0.0</float8>
    <float9>0.0</float9>
    <float10>0.0</float10>
    <float11>0.0</float11>
    <float12>0.0</float12>
    <float13>0.0</float13>
    <float14>0.0</float14>
    <float15>0.0</float15>
    <float16>0.0</float16>
    <float17>0.0</float17>
    <float18>0.0</float18>
    <float19>0.0</float19>
    <float20>0.0</float20>
    <float21>0.0</float21>
    <float22>0.0</float22>
    <float23>0.0</float23>
    <float24>0.0</float24>
    <float25>0.0</float25>
    <bool1>false</bool1>
    <bool2>false</bool2>
    <bool3>false</bool3>
    <bool4>false</bool4>
    <bool5>false</bool5>
    <bool6>false</bool6>
    <bool7>false</bool7>
    <bool8>false</bool8>
    <bool9>false</bool9>
    <bool10>false</bool10>
    <bool11>false</bool11>
    <bool12>false</bool12>
    <bool13>false</bool13>
    <bool14>false</bool14>
    <bool15>false</bool15>
    <bool16>false</bool16>
    <bool17>false</bool17>
    <bool18>false</bool18>
    <bool19>false</bool19>
    <bool20>false</bool20>
    <bool21>false</bool21>
    <bool22>false</bool22>
    <bool23>false</bool23>
    <bool24>false</bool24>
    <bool25>false</bool25>
  </com.dotmarketing.portlets.contentlet.business.Contentlet>
  <com.dotmarketing.portlets.contentlet.business.Contentlet>
    <iDate class="sql-timestamp">2020-07-10 20:17:47.281</iDate>
    <type>contentlet</type>
    <owner>dotcms.org.1</owner>
    <inode>b4b620fc-f8eb-42b9-bd67-cc75d83017f7</inode>
    <identifier>839092c6-d26a-46d3-a641-57bfc5237c64</identifier>
    <source>DB</source>
    <title>sync3</title>
    <friendlyName>sync3</friendlyName>
    <modDate class="sql-timestamp">2020-07-10 20:17:47.277</modDate>
    <modUser>dotcms.org.1</modUser>
    <sortOrder>0</sortOrder>
    <showOnMenu>false</showOnMenu>
    <fAPI class="com.dotmarketing.portlets.structure.business.FieldAPIImpl" reference="../../com.dotmarketing.portlets.contentlet.business.Contentlet/fAPI"/>
    <structureInode>8626f368-f49f-455a-a287-cf8a33d34bb8</structureInode>
    <languageId>1</languageId>
    <lastReview class="sql-timestamp">2020-07-10 20:17:47.241</lastReview>
    <disabledWysiwyg></disabledWysiwyg>
    <text1>sync3</text1>
    <text__area1>&lt;p&gt;something new&lt;/p&gt;</text__area1>
    <integer1>0</integer1>
    <integer2>0</integer2>
    <integer3>0</integer3>
    <integer4>0</integer4>
    <integer5>0</integer5>
    <integer6>0</integer6>
    <integer7>0</integer7>
    <integer8>0</integer8>
    <integer9>0</integer9>
    <integer10>0</integer10>
    <integer11>0</integer11>
    <integer12>0</integer12>
    <integer13>0</integer13>
    <integer14>0</integer14>
    <integer15>0</integer15>
    <integer16>0</integer16>
    <integer17>0</integer17>
    <integer18>0</integer18>
    <integer19>0</integer19>
    <integer20>0</integer20>
    <integer21>0</integer21>
    <integer22>0</integer22>
    <integer23>0</integer23>
    <integer24>0</integer24>
    <integer25>0</integer25>
    <float1>0.0</float1>
    <float2>0.0</float2>
    <float3>0.0</float3>
    <float4>0.0</float4>
    <float5>0.0</float5>
    <float6>0.0</float6>
    <float7>0.0</float7>
    <float8>0.0</float8>
    <float9>0.0</float9>
    <float10>0.0</float10>
    <float11>0.0</float11>
    <float12>0.0</float12>
    <float13>0.0</float13>
    <float14>0.0</float14>
    <float15>0.0</float15>
    <float16>0.0</float16>
    <float17>0.0</float17>
    <float18>0.0</float18>
    <float19>0.0</float19>
    <float20>0.0</float20>
    <float21>0.0</float21>
    <float22>0.0</float22>
    <float23>0.0</float23>
    <float24>0.0</float24>
    <float25>0.0</float25>
    <bool1>false</bool1>
    <bool2>false</bool2>
    <bool3>false</bool3>
    <bool4>false</bool4>
    <bool5>false</bool5>
    <bool6>false</bool6>
    <bool7>false</bool7>
    <bool8>false</bool8>
    <bool9>false</bool9>
    <bool10>false</bool10>
    <bool11>false</bool11>
    <bool12>false</bool12>
    <bool13>false</bool13>
    <bool14>false</bool14>
    <bool15>false</bool15>
    <bool16>false</bool16>
    <bool17>false</bool17>
    <bool18>false</bool18>
    <bool19>false</bool19>
    <bool20>false</bool20>
    <bool21>false</bool21>
    <bool22>false</bool22>
    <bool23>false</bool23>
    <bool24>false</bool24>
    <bool25>false</bool25>
  </com.dotmarketing.portlets.contentlet.business.Contentlet>
  <com.dotmarketing.portlets.contentlet.business.Contentlet>
    <iDate class="sql-timestamp">2020-07-10 20:18:28.016</iDate>
    <type>contentlet</type>
    <owner>dotcms.org.1</owner>
    <inode>e6c32a8f-8dd9-44ad-ba96-2c82b7aebb1d</inode>
    <identifier>90ec36f6-2aa2-4288-bfb1-bab0e152eadb</identifier>
    <source>DB</source>
    <title>sync2</title>
    <friendlyName>sync2</friendlyName>
    <modDate class="sql-timestamp">2020-07-10 20:18:28.016</modDate>
    <modUser>dotcms.org.1</modUser>
    <sortOrder>0</sortOrder>
    <showOnMenu>false</showOnMenu>
    <fAPI class="com.dotmarketing.portlets.structure.business.FieldAPIImpl" reference="../../com.dotmarketing.portlets.contentlet.business.Contentlet/fAPI"/>
    <structureInode>2a3e91e4-fbbf-4876-8c5b-2233c1739b05</structureInode>
    <languageId>1</languageId>
    <lastReview class="sql-timestamp">2020-07-10 20:18:27.987</lastReview>
    <disabledWysiwyg></disabledWysiwyg>
    <text1>sync2</text1>
    <text__area1>&lt;p&gt;something else&lt;/p&gt;</text__area1>
    <integer1>0</integer1>
    <integer2>0</integer2>
    <integer3>0</integer3>
    <integer4>0</integer4>
    <integer5>0</integer5>
    <integer6>0</integer6>
    <integer7>0</integer7>
    <integer8>0</integer8>
    <integer9>0</integer9>
    <integer10>0</integer10>
    <integer11>0</integer11>
    <integer12>0</integer12>
    <integer13>0</integer13>
    <integer14>0</integer14>
    <integer15>0</integer15>
    <integer16>0</integer16>
    <integer17>0</integer17>
    <integer18>0</integer18>
    <integer19>0</integer19>
    <integer20>0</integer20>
    <integer21>0</integer21>
    <integer22>0</integer22>
    <integer23>0</integer23>
    <integer24>0</integer24>
    <integer25>0</integer25>
    <float1>0.0</float1>
    <float2>0.0</float2>
    <float3>0.0</float3>
    <float4>0.0</float4>
    <float5>0.0</float5>
    <float6>0.0</float6>
    <float7>0.0</float7>
    <float8>0.0</float8>
    <float9>0.0</float9>
    <float10>0.0</float10>
    <float11>0.0</float11>
    <float12>0.0</float12>
    <float13>0.0</float13>
    <float14>0.0</float14>
    <float15>0.0</float15>
    <float16>0.0</float16>
    <float17>0.0</float17>
    <float18>0.0</float18>
    <float19>0.0</float19>
    <float20>0.0</float20>
    <float21>0.0</float21>
    <float22>0.0</float22>
    <float23>0.0</float23>
    <float24>0.0</float24>
    <float25>0.0</float25>
    <bool1>false</bool1>
    <bool2>false</bool2>
    <bool3>false</bool3>
    <bool4>false</bool4>
    <bool5>false</bool5>
    <bool6>false</bool6>
    <bool7>false</bool7>
    <bool8>false</bool8>
    <bool9>false</bool9>
    <bool10>false</bool10>
    <bool11>false</bool11>
    <bool12>false</bool12>
    <bool13>false</bool13>
    <bool14>false</bool14>
    <bool15>false</bool15>
    <bool16>false</bool16>
    <bool17>false</bool17>
    <bool18>false</bool18>
    <bool19>false</bool19>
    <bool20>false</bool20>
    <bool21>false</bool21>
    <bool22>false</bool22>
    <bool23>false</bool23>
    <bool24>false</bool24>
    <bool25>false</bool25>
  </com.dotmarketing.portlets.contentlet.business.Contentlet>
  <com.dotmarketing.portlets.contentlet.business.Contentlet>
    <iDate class="sql-timestamp">2020-07-10 20:18:17.188</iDate>
    <type>contentlet</type>
    <owner>dotcms.org.1</owner>
    <inode>3bbe6f7f-91b6-419c-9e6a-258f95f5272c</inode>
    <identifier>35891a5a-d1fc-4ccd-9f49-8cb3b4219ebf</identifier>
    <source>DB</source>
    <title>sync1</title>
    <friendlyName>sync1</friendlyName>
    <modDate class="sql-timestamp">2020-07-10 20:18:17.188</modDate>
    <modUser>dotcms.org.1</modUser>
    <sortOrder>0</sortOrder>
    <showOnMenu>false</showOnMenu>
    <fAPI class="com.dotmarketing.portlets.structure.business.FieldAPIImpl" reference="../../com.dotmarketing.portlets.contentlet.business.Contentlet/fAPI"/>
    <structureInode>2a3e91e4-fbbf-4876-8c5b-2233c1739b05</structureInode>
    <languageId>1</languageId>
    <lastReview class="sql-timestamp">2020-07-10 20:18:17.164</lastReview>
    <disabledWysiwyg></disabledWysiwyg>
    <text1>sync1</text1>
    <text__area1>&lt;p&gt;something&lt;/p&gt;</text__area1>
    <integer1>0</integer1>
    <integer2>0</integer2>
    <integer3>0</integer3>
    <integer4>0</integer4>
    <integer5>0</integer5>
    <integer6>0</integer6>
    <integer7>0</integer7>
    <integer8>0</integer8>
    <integer9>0</integer9>
    <integer10>0</integer10>
    <integer11>0</integer11>
    <integer12>0</integer12>
    <integer13>0</integer13>
    <integer14>0</integer14>
    <integer15>0</integer15>
    <integer16>0</integer16>
    <integer17>0</integer17>
    <integer18>0</integer18>
    <integer19>0</integer19>
    <integer20>0</integer20>
    <integer21>0</integer21>
    <integer22>0</integer22>
    <integer23>0</integer23>
    <integer24>0</integer24>
    <integer25>0</integer25>
    <float1>0.0</float1>
    <float2>0.0</float2>
    <float3>0.0</float3>
    <float4>0.0</float4>
    <float5>0.0</float5>
    <float6>0.0</float6>
    <float7>0.0</float7>
    <float8>0.0</float8>
    <float9>0.0</float9>
    <float10>0.0</float10>
    <float11>0.0</float11>
    <float12>0.0</float12>
    <float13>0.0</float13>
    <float14>0.0</float14>
    <float15>0.0</float15>
    <float16>0.0</float16>
    <float17>0.0</float17>
    <float18>0.0</float18>
    <float19>0.0</float19>
    <float20>0.0</float20>
    <float21>0.0</float21>
    <float22>0.0</float22>
    <float23>0.0</float23>
    <float24>0.0</float24>
    <float25>0.0</float25>
    <bool1>false</bool1>
    <bool2>false</bool2>
    <bool3>false</bool3>
    <bool4>false</bool4>
    <bool5>false</bool5>
    <bool6>false</bool6>
    <bool7>false</bool7>
    <bool8>false</bool8>
    <bool9>false</bool9>
    <bool10>false</bool10>
    <bool11>false</bool11>
    <bool12>false</bool12>
    <bool13>false</bool13>
    <bool14>false</bool14>
    <bool15>false</bool15>
    <bool16>false</bool16>
    <bool17>false</bool17>
    <bool18>false</bool18>
    <bool19>false</bool19>
    <bool20>false</bool20>
    <bool21>false</bool21>
    <bool22>false</bool22>
    <bool23>false</bool23>
    <bool24>false</bool24>
    <bool25>false</bool25>
  </com.dotmarketing.portlets.contentlet.business.Contentlet>
  <com.dotmarketing.portlets.contentlet.business.Contentlet>
    <iDate class="sql-timestamp">2020-08-18 23:01:42.737</iDate>
    <type>contentlet</type>
    <owner>dotcms.org.1</owner>
    <inode>1e38a7d9-5ffd-4c79-a6cd-c20ad2e62545</inode>
    <identifier>b91f2b4b-ac64-429e-8a58-5c3f8484a600</identifier>
    <source>DB</source>
    <title>site1</title>
    <friendlyName>site1</friendlyName>
    <modDate class="sql-timestamp">2020-08-18 23:01:42.737</modDate>
    <modUser>dotcms.org.1</modUser>
    <sortOrder>0</sortOrder>
    <showOnMenu>false</showOnMenu>
    <fAPI class="com.dotmarketing.portlets.structure.business.FieldAPIImpl" reference="../../com.dotmarketing.portlets.contentlet.business.Contentlet/fAPI"/>
    <structureInode>855a2d72-f2f3-4169-8b04-ac5157c4380c</structureInode>
    <languageId>1</languageId>
    <lastReview class="sql-timestamp">2020-08-18 23:01:42.217</lastReview>
    <disabledWysiwyg></disabledWysiwyg>
    <text1>site1</text1>
    <text4>b91f2b4b-ac64-429e-8a58-5c3f8484a600</text4>
    <integer1>0</integer1>
    <integer2>0</integer2>
    <integer3>0</integer3>
    <integer4>0</integer4>
    <integer5>0</integer5>
    <integer6>0</integer6>
    <integer7>0</integer7>
    <integer8>0</integer8>
    <integer9>0</integer9>
    <integer10>0</integer10>
    <integer11>0</integer11>
    <integer12>0</integer12>
    <integer13>0</integer13>
    <integer14>0</integer14>
    <integer15>0</integer15>
    <integer16>0</integer16>
    <integer17>0</integer17>
    <integer18>0</integer18>
    <integer19>0</integer19>
    <integer20>0</integer20>
    <integer21>0</integer21>
    <integer22>0</integer22>
    <integer23>0</integer23>
    <integer24>0</integer24>
    <integer25>0</integer25>
    <float1>0.0</float1>
    <float2>0.0</float2>
    <float3>0.0</float3>
    <float4>0.0</float4>
    <float5>0.0</float5>
    <float6>0.0</float6>
    <float7>0.0</float7>
    <float8>0.0</float8>
    <float9>0.0</float9>
    <float10>0.0</float10>
    <float11>0.0</float11>
    <float12>0.0</float12>
    <float13>0.0</float13>
    <float14>0.0</float14>
    <float15>0.0</float15>
    <float16>0.0</float16>
    <float17>0.0</float17>
    <float18>0.0</float18>
    <float19>0.0</float19>
    <float20>0.0</float20>
    <float21>0.0</float21>
    <float22>0.0</float22>
    <float23>0.0</float23>
    <float24>0.0</float24>
    <float25>0.0</float25>
    <bool1>false</bool1>
    <bool2>false</bool2>
    <bool3>false</bool3>
    <bool4>false</bool4>
    <bool5>false</bool5>
    <bool6>false</bool6>
    <bool7>false</bool7>
    <bool8>false</bool8>
    <bool9>false</bool9>
    <bool10>false</bool10>
    <bool11>false</bool11>
    <bool12>false</bool12>
    <bool13>false</bool13>
    <bool14>false</bool14>
    <bool15>false</bool15>
    <bool16>false</bool16>
    <bool17>false</bool17>
    <bool18>false</bool18>
    <bool19>false</bool19>
    <bool20>false</bool20>
    <bool21>false</bool21>
    <bool22>false</bool22>
    <bool23>false</bool23>
    <bool24>false</bool24>
    <bool25>false</bool25>
  </com.dotmarketing.portlets.contentlet.business.Contentlet>
  <com.dotmarketing.portlets.contentlet.business.Contentlet>
    <iDate class="sql-timestamp">2020-08-18 18:40:32.747</iDate>
    <type>contentlet</type>
    <owner>dotcms.org.1</owner>
    <inode>919ec2be-4eb4-4a25-8156-4c086af4ae03</inode>
    <identifier>b91f2b4b-ac64-429e-8a58-5c3f8484a600</identifier>
    <source>DB</source>
    <title>site1</title>
    <friendlyName>site1</friendlyName>
    <modDate class="sql-timestamp">2020-08-18 18:40:32.747</modDate>
    <modUser>dotcms.org.1</modUser>
    <sortOrder>0</sortOrder>
    <showOnMenu>false</showOnMenu>
    <fAPI class="com.dotmarketing.portlets.structure.business.FieldAPIImpl" reference="../../com.dotmarketing.portlets.contentlet.business.Contentlet/fAPI"/>
    <structureInode>855a2d72-f2f3-4169-8b04-ac5157c4380c</structureInode>
    <languageId>1</languageId>
    <lastReview class="sql-timestamp">2020-08-18 18:40:32.713</lastReview>
    <disabledWysiwyg></disabledWysiwyg>
    <text1>site1</text1>
    <text4>8a7d5e23-da1e-420a-b4f0-471e7da8ea2d</text4>
    <integer1>0</integer1>
    <integer2>0</integer2>
    <integer3>0</integer3>
    <integer4>0</integer4>
    <integer5>0</integer5>
    <integer6>0</integer6>
    <integer7>0</integer7>
    <integer8>0</integer8>
    <integer9>0</integer9>
    <integer10>0</integer10>
    <integer11>0</integer11>
    <integer12>0</integer12>
    <integer13>0</integer13>
    <integer14>0</integer14>
    <integer15>0</integer15>
    <integer16>0</integer16>
    <integer17>0</integer17>
    <integer18>0</integer18>
    <integer19>0</integer19>
    <integer20>0</integer20>
    <integer21>0</integer21>
    <integer22>0</integer22>
    <integer23>0</integer23>
    <integer24>0</integer24>
    <integer25>0</integer25>
    <float1>0.0</float1>
    <float2>0.0</float2>
    <float3>0.0</float3>
    <float4>0.0</float4>
    <float5>0.0</float5>
    <float6>0.0</float6>
    <float7>0.0</float7>
    <float8>0.0</float8>
    <float9>0.0</float9>
    <float10>0.0</float10>
    <float11>0.0</float11>
    <float12>0.0</float12>
    <float13>0.0</float13>
    <float14>0.0</float14>
    <float15>0.0</float15>
    <float16>0.0</float16>
    <float17>0.0</float17>
    <float18>0.0</float18>
    <float19>0.0</float19>
    <float20>0.0</float20>
    <float21>0.0</float21>
    <float22>0.0</float22>
    <float23>0.0</float23>
    <float24>0.0</float24>
    <float25>0.0</float25>
    <bool1>false</bool1>
    <bool2>false</bool2>
    <bool3>false</bool3>
    <bool4>false</bool4>
    <bool5>false</bool5>
    <bool6>false</bool6>
    <bool7>false</bool7>
    <bool8>false</bool8>
    <bool9>false</bool9>
    <bool10>false</bool10>
    <bool11>false</bool11>
    <bool12>false</bool12>
    <bool13>false</bool13>
    <bool14>false</bool14>
    <bool15>false</bool15>
    <bool16>false</bool16>
    <bool17>false</bool17>
    <bool18>false</bool18>
    <bool19>false</bool19>
    <bool20>false</bool20>
    <bool21>false</bool21>
    <bool22>false</bool22>
    <bool23>false</bool23>
    <bool24>false</bool24>
    <bool25>false</bool25>
  </com.dotmarketing.portlets.contentlet.business.Contentlet>
  <com.dotmarketing.portlets.contentlet.business.Contentlet>
    <iDate class="sql-timestamp">2020-08-18 23:27:32.121</iDate>
    <type>contentlet</type>
    <owner>dotcms.org.1</owner>
    <inode>da3680a3-f2fb-4737-9173-81e632b83878</inode>
    <identifier>b91f2b4b-ac64-429e-8a58-5c3f8484a600</identifier>
    <source>DB</source>
    <title>site1</title>
    <friendlyName>site1</friendlyName>
    <modDate class="sql-timestamp">2020-08-18 23:27:32.121</modDate>
    <modUser>dotcms.org.1</modUser>
    <sortOrder>0</sortOrder>
    <showOnMenu>false</showOnMenu>
    <fAPI class="com.dotmarketing.portlets.structure.business.FieldAPIImpl" reference="../../com.dotmarketing.portlets.contentlet.business.Contentlet/fAPI"/>
    <structureInode>855a2d72-f2f3-4169-8b04-ac5157c4380c</structureInode>
    <languageId>1</languageId>
    <lastReview class="sql-timestamp">2020-08-18 23:27:32.094</lastReview>
    <disabledWysiwyg></disabledWysiwyg>
    <text1>site1</text1>
    <text4>b91f2b4b-ac64-429e-8a58-5c3f8484a600</text4>
    <integer1>0</integer1>
    <integer2>0</integer2>
    <integer3>0</integer3>
    <integer4>0</integer4>
    <integer5>0</integer5>
    <integer6>0</integer6>
    <integer7>0</integer7>
    <integer8>0</integer8>
    <integer9>0</integer9>
    <integer10>0</integer10>
    <integer11>0</integer11>
    <integer12>0</integer12>
    <integer13>0</integer13>
    <integer14>0</integer14>
    <integer15>0</integer15>
    <integer16>0</integer16>
    <integer17>0</integer17>
    <integer18>0</integer18>
    <integer19>0</integer19>
    <integer20>0</integer20>
    <integer21>0</integer21>
    <integer22>0</integer22>
    <integer23>0</integer23>
    <integer24>0</integer24>
    <integer25>0</integer25>
    <float1>0.0</float1>
    <float2>0.0</float2>
    <float3>0.0</float3>
    <float4>0.0</float4>
    <float5>0.0</float5>
    <float6>0.0</float6>
    <float7>0.0</float7>
    <float8>0.0</float8>
    <float9>0.0</float9>
    <float10>0.0</float10>
    <float11>0.0</float11>
    <float12>0.0</float12>
    <float13>0.0</float13>
    <float14>0.0</float14>
    <float15>0.0</float15>
    <float16>0.0</float16>
    <float17>0.0</float17>
    <float18>0.0</float18>
    <float19>0.0</float19>
    <float20>0.0</float20>
    <float21>0.0</float21>
    <float22>0.0</float22>
    <float23>0.0</float23>
    <float24>0.0</float24>
    <float25>0.0</float25>
    <bool1>false</bool1>
    <bool2>false</bool2>
    <bool3>false</bool3>
    <bool4>false</bool4>
    <bool5>false</bool5>
    <bool6>false</bool6>
    <bool7>false</bool7>
    <bool8>false</bool8>
    <bool9>false</bool9>
    <bool10>false</bool10>
    <bool11>false</bool11>
    <bool12>false</bool12>
    <bool13>false</bool13>
    <bool14>false</bool14>
    <bool15>false</bool15>
    <bool16>false</bool16>
    <bool17>false</bool17>
    <bool18>false</bool18>
    <bool19>false</bool19>
    <bool20>false</bool20>
    <bool21>false</bool21>
    <bool22>false</bool22>
    <bool23>false</bool23>
    <bool24>false</bool24>
    <bool25>false</bool25>
  </com.dotmarketing.portlets.contentlet.business.Contentlet>
  <com.dotmarketing.portlets.contentlet.business.Contentlet>
    <iDate class="sql-timestamp">2020-04-20 20:28:30.816</iDate>
    <type>contentlet</type>
    <owner>dotcms.org.1</owner>
    <inode>1b407535-67e3-4f21-ad00-8ef5ef492d64</inode>
    <identifier>8a7d5e23-da1e-420a-b4f0-471e7da8ea2d</identifier>
    <source>DB</source>
    <title>default</title>
    <friendlyName>default</friendlyName>
    <modDate class="sql-timestamp">2020-04-20 20:28:30.812</modDate>
    <modUser>dotcms.org.1</modUser>
    <sortOrder>0</sortOrder>
    <showOnMenu>false</showOnMenu>
    <fAPI class="com.dotmarketing.portlets.structure.business.FieldAPIImpl" reference="../../com.dotmarketing.portlets.contentlet.business.Contentlet/fAPI"/>
    <structureInode>855a2d72-f2f3-4169-8b04-ac5157c4380c</structureInode>
    <languageId>1</languageId>
    <lastReview class="sql-timestamp">2017-12-05 18:37:02.0</lastReview>
    <text1>default</text1>
    <text4>8a7d5e23-da1e-420a-b4f0-471e7da8ea2d</text4>
    <integer1>0</integer1>
    <integer2>0</integer2>
    <integer3>0</integer3>
    <integer4>0</integer4>
    <integer5>0</integer5>
    <integer6>0</integer6>
    <integer7>0</integer7>
    <integer8>0</integer8>
    <integer9>0</integer9>
    <integer10>0</integer10>
    <integer11>0</integer11>
    <integer12>0</integer12>
    <integer13>0</integer13>
    <integer14>0</integer14>
    <integer15>0</integer15>
    <integer16>0</integer16>
    <integer17>0</integer17>
    <integer18>0</integer18>
    <integer19>0</integer19>
    <integer20>0</integer20>
    <integer21>0</integer21>
    <integer22>0</integer22>
    <integer23>0</integer23>
    <integer24>0</integer24>
    <integer25>0</integer25>
    <float1>0.0</float1>
    <float2>0.0</float2>
    <float3>0.0</float3>
    <float4>0.0</float4>
    <float5>0.0</float5>
    <float6>0.0</float6>
    <float7>0.0</float7>
    <float8>0.0</float8>
    <float9>0.0</float9>
    <float10>0.0</float10>
    <float11>0.0</float11>
    <float12>0.0</float12>
    <float13>0.0</float13>
    <float14>0.0</float14>
    <float15>0.0</float15>
    <float16>0.0</float16>
    <float17>0.0</float17>
    <float18>0.0</float18>
    <float19>0.0</float19>
    <float20>0.0</float20>
    <float21>0.0</float21>
    <float22>0.0</float22>
    <float23>0.0</float23>
    <float24>0.0</float24>
    <float25>0.0</float25>
    <bool1>true</bool1>
    <bool2>false</bool2>
    <bool3>false</bool3>
    <bool4>false</bool4>
    <bool5>false</bool5>
    <bool6>false</bool6>
    <bool7>false</bool7>
    <bool8>false</bool8>
    <bool9>false</bool9>
    <bool10>false</bool10>
    <bool11>false</bool11>
    <bool12>false</bool12>
    <bool13>false</bool13>
    <bool14>false</bool14>
    <bool15>false</bool15>
    <bool16>false</bool16>
    <bool17>false</bool17>
    <bool18>false</bool18>
    <bool19>false</bool19>
    <bool20>false</bool20>
    <bool21>false</bool21>
    <bool22>false</bool22>
    <bool23>false</bool23>
    <bool24>false</bool24>
    <bool25>false</bool25>
  </com.dotmarketing.portlets.contentlet.business.Contentlet>
  <com.dotmarketing.portlets.contentlet.business.Contentlet>
    <iDate class="sql-timestamp">2020-04-20 20:23:51.096</iDate>
    <type>contentlet</type>
    <owner>dotcms.org.1</owner>
    <inode>3fbda471-5081-4886-999c-f014456e15b4</inode>
    <identifier>8a7d5e23-da1e-420a-b4f0-471e7da8ea2d</identifier>
    <source>DB</source>
    <title>default</title>
    <friendlyName>default</friendlyName>
    <modDate class="sql-timestamp">2020-04-20 20:23:51.095</modDate>
    <modUser>system</modUser>
    <sortOrder>0</sortOrder>
    <showOnMenu>false</showOnMenu>
    <fAPI class="com.dotmarketing.portlets.structure.business.FieldAPIImpl" reference="../../com.dotmarketing.portlets.contentlet.business.Contentlet/fAPI"/>
    <structureInode>855a2d72-f2f3-4169-8b04-ac5157c4380c</structureInode>
    <languageId>1</languageId>
    <lastReview class="sql-timestamp">2017-12-05 18:37:02.0</lastReview>
    <text1>default</text1>
    <text4>8a7d5e23-da1e-420a-b4f0-471e7da8ea2d</text4>
    <integer1>0</integer1>
    <integer2>0</integer2>
    <integer3>0</integer3>
    <integer4>0</integer4>
    <integer5>0</integer5>
    <integer6>0</integer6>
    <integer7>0</integer7>
    <integer8>0</integer8>
    <integer9>0</integer9>
    <integer10>0</integer10>
    <integer11>0</integer11>
    <integer12>0</integer12>
    <integer13>0</integer13>
    <integer14>0</integer14>
    <integer15>0</integer15>
    <integer16>0</integer16>
    <integer17>0</integer17>
    <integer18>0</integer18>
    <integer19>0</integer19>
    <integer20>0</integer20>
    <integer21>0</integer21>
    <integer22>0</integer22>
    <integer23>0</integer23>
    <integer24>0</integer24>
    <integer25>0</integer25>
    <float1>0.0</float1>
    <float2>0.0</float2>
    <float3>0.0</float3>
    <float4>0.0</float4>
    <float5>0.0</float5>
    <float6>0.0</float6>
    <float7>0.0</float7>
    <float8>0.0</float8>
    <float9>0.0</float9>
    <float10>0.0</float10>
    <float11>0.0</float11>
    <float12>0.0</float12>
    <float13>0.0</float13>
    <float14>0.0</float14>
    <float15>0.0</float15>
    <float16>0.0</float16>
    <float17>0.0</float17>
    <float18>0.0</float18>
    <float19>0.0</float19>
    <float20>0.0</float20>
    <float21>0.0</float21>
    <float22>0.0</float22>
    <float23>0.0</float23>
    <float24>0.0</float24>
    <float25>0.0</float25>
    <bool1>false</bool1>
    <bool2>false</bool2>
    <bool3>false</bool3>
    <bool4>false</bool4>
    <bool5>false</bool5>
    <bool6>false</bool6>
    <bool7>false</bool7>
    <bool8>false</bool8>
    <bool9>false</bool9>
    <bool10>false</bool10>
    <bool11>false</bool11>
    <bool12>false</bool12>
    <bool13>false</bool13>
    <bool14>false</bool14>
    <bool15>false</bool15>
    <bool16>false</bool16>
    <bool17>false</bool17>
    <bool18>false</bool18>
    <bool19>false</bool19>
    <bool20>false</bool20>
    <bool21>false</bool21>
    <bool22>false</bool22>
    <bool23>false</bool23>
    <bool24>false</bool24>
    <bool25>false</bool25>
  </com.dotmarketing.portlets.contentlet.business.Contentlet>
  <com.dotmarketing.portlets.contentlet.business.Contentlet>
    <iDate class="sql-timestamp">2017-12-05 18:37:15.0</iDate>
    <type>contentlet</type>
    <owner>dotcms.org.1</owner>
    <inode>9b477a15-5ea4-4727-8b2b-034a862d87e4</inode>
    <identifier>8a7d5e23-da1e-420a-b4f0-471e7da8ea2d</identifier>
    <source>DB</source>
    <title>default</title>
    <friendlyName>default</friendlyName>
    <modDate class="sql-timestamp">2017-12-05 18:37:15.0</modDate>
    <modUser>dotcms.org.1</modUser>
    <sortOrder>0</sortOrder>
    <showOnMenu>false</showOnMenu>
    <fAPI class="com.dotmarketing.portlets.structure.business.FieldAPIImpl" reference="../../com.dotmarketing.portlets.contentlet.business.Contentlet/fAPI"/>
    <structureInode>855a2d72-f2f3-4169-8b04-ac5157c4380c</structureInode>
    <languageId>1</languageId>
    <lastReview class="sql-timestamp">2017-12-05 18:37:02.0</lastReview>
    <text1>default</text1>
    <text4>8a7d5e23-da1e-420a-b4f0-471e7da8ea2d</text4>
    <integer1>0</integer1>
    <integer2>0</integer2>
    <integer3>0</integer3>
    <integer4>0</integer4>
    <integer5>0</integer5>
    <integer6>0</integer6>
    <integer7>0</integer7>
    <integer8>0</integer8>
    <integer9>0</integer9>
    <integer10>0</integer10>
    <integer11>0</integer11>
    <integer12>0</integer12>
    <integer13>0</integer13>
    <integer14>0</integer14>
    <integer15>0</integer15>
    <integer16>0</integer16>
    <integer17>0</integer17>
    <integer18>0</integer18>
    <integer19>0</integer19>
    <integer20>0</integer20>
    <integer21>0</integer21>
    <integer22>0</integer22>
    <integer23>0</integer23>
    <integer24>0</integer24>
    <integer25>0</integer25>
    <float1>0.0</float1>
    <float2>0.0</float2>
    <float3>0.0</float3>
    <float4>0.0</float4>
    <float5>0.0</float5>
    <float6>0.0</float6>
    <float7>0.0</float7>
    <float8>0.0</float8>
    <float9>0.0</float9>
    <float10>0.0</float10>
    <float11>0.0</float11>
    <float12>0.0</float12>
    <float13>0.0</float13>
    <float14>0.0</float14>
    <float15>0.0</float15>
    <float16>0.0</float16>
    <float17>0.0</float17>
    <float18>0.0</float18>
    <float19>0.0</float19>
    <float20>0.0</float20>
    <float21>0.0</float21>
    <float22>0.0</float22>
    <float23>0.0</float23>
    <float24>0.0</float24>
    <float25>0.0</float25>
    <bool1>true</bool1>
    <bool2>false</bool2>
    <bool3>false</bool3>
    <bool4>false</bool4>
    <bool5>false</bool5>
    <bool6>false</bool6>
    <bool7>false</bool7>
    <bool8>false</bool8>
    <bool9>false</bool9>
    <bool10>false</bool10>
    <bool11>false</bool11>
    <bool12>false</bool12>
    <bool13>false</bool13>
    <bool14>false</bool14>
    <bool15>false</bool15>
    <bool16>false</bool16>
    <bool17>false</bool17>
    <bool18>false</bool18>
    <bool19>false</bool19>
    <bool20>false</bool20>
    <bool21>false</bool21>
    <bool22>false</bool22>
    <bool23>false</bool23>
    <bool24>false</bool24>
    <bool25>false</bool25>
  </com.dotmarketing.portlets.contentlet.business.Contentlet>
  <com.dotmarketing.portlets.contentlet.business.Contentlet>
    <iDate class="sql-timestamp">2020-08-18 22:42:08.919</iDate>
    <type>contentlet</type>
    <owner>dotcms.org.1</owner>
    <inode>58d838be-400b-4184-9c22-bc253f515a86</inode>
    <identifier>7b1abffa-cf87-403f-8348-fd3e652efe2b</identifier>
    <source>DB</source>
    <title>Test3</title>
    <friendlyName>Test3</friendlyName>
    <modDate class="sql-timestamp">2020-08-18 22:42:08.919</modDate>
    <modUser>dotcms.org.1</modUser>
    <sortOrder>0</sortOrder>
    <showOnMenu>false</showOnMenu>
    <fAPI class="com.dotmarketing.portlets.structure.business.FieldAPIImpl" reference="../../com.dotmarketing.portlets.contentlet.business.Contentlet/fAPI"/>
    <structureInode>d99537a1-f661-4b68-9e12-07b23a14363c</structureInode>
    <languageId>1</languageId>
    <lastReview class="sql-timestamp">2020-08-18 22:42:08.888</lastReview>
    <disabledWysiwyg></disabledWysiwyg>
    <text1>Test3</text1>
    <text__area1>&lt;p&gt;Lorem ipsum dolor sit amet, consectetur adipiscing elit. Id mihi magnum videtur. Sedulo, inquam, faciam. Sumenda potius quam expetenda.&lt;/p&gt;
&lt;p&gt;Sed nimis multa. Ut optime, secundum naturam affectum esse possit. Primum divisit ineleganter; Iam id ipsum absurdum, maximum malum neglegi. Nulla erit controversia. Beatus sibi videtur esse moriens. Quis est tam dissimile homini.&lt;/p&gt;
&lt;p&gt;Ille incendat? Duo Reges: constructio interrete. Sed ad bona praeterita redeamus. Haec quo modo conveniant, non sane intellego. Sed hoc sane concedamus.&lt;/p&gt;
&lt;p&gt;Istam voluptatem, inquit, Epicurus ignorat? Si longus, levis; Quae animi affectio suum cuique tribuens atque hanc, quam dico. Itaque his sapiens semper vacabit. Nos paucis ad haec additis finem faciamus aliquando; Aliter enim explicari, quod quaeritur, non potest.&lt;/p&gt;</text__area1>
    <integer1>0</integer1>
    <integer2>0</integer2>
    <integer3>0</integer3>
    <integer4>0</integer4>
    <integer5>0</integer5>
    <integer6>0</integer6>
    <integer7>0</integer7>
    <integer8>0</integer8>
    <integer9>0</integer9>
    <integer10>0</integer10>
    <integer11>0</integer11>
    <integer12>0</integer12>
    <integer13>0</integer13>
    <integer14>0</integer14>
    <integer15>0</integer15>
    <integer16>0</integer16>
    <integer17>0</integer17>
    <integer18>0</integer18>
    <integer19>0</integer19>
    <integer20>0</integer20>
    <integer21>0</integer21>
    <integer22>0</integer22>
    <integer23>0</integer23>
    <integer24>0</integer24>
    <integer25>0</integer25>
    <float1>0.0</float1>
    <float2>0.0</float2>
    <float3>0.0</float3>
    <float4>0.0</float4>
    <float5>0.0</float5>
    <float6>0.0</float6>
    <float7>0.0</float7>
    <float8>0.0</float8>
    <float9>0.0</float9>
    <float10>0.0</float10>
    <float11>0.0</float11>
    <float12>0.0</float12>
    <float13>0.0</float13>
    <float14>0.0</float14>
    <float15>0.0</float15>
    <float16>0.0</float16>
    <float17>0.0</float17>
    <float18>0.0</float18>
    <float19>0.0</float19>
    <float20>0.0</float20>
    <float21>0.0</float21>
    <float22>0.0</float22>
    <float23>0.0</float23>
    <float24>0.0</float24>
    <float25>0.0</float25>
    <bool1>false</bool1>
    <bool2>false</bool2>
    <bool3>false</bool3>
    <bool4>false</bool4>
    <bool5>false</bool5>
    <bool6>false</bool6>
    <bool7>false</bool7>
    <bool8>false</bool8>
    <bool9>false</bool9>
    <bool10>false</bool10>
    <bool11>false</bool11>
    <bool12>false</bool12>
    <bool13>false</bool13>
    <bool14>false</bool14>
    <bool15>false</bool15>
    <bool16>false</bool16>
    <bool17>false</bool17>
    <bool18>false</bool18>
    <bool19>false</bool19>
    <bool20>false</bool20>
    <bool21>false</bool21>
    <bool22>false</bool22>
    <bool23>false</bool23>
    <bool24>false</bool24>
    <bool25>false</bool25>
  </com.dotmarketing.portlets.contentlet.business.Contentlet>
  <com.dotmarketing.portlets.contentlet.business.Contentlet>
    <iDate class="sql-timestamp">2020-08-18 18:46:54.316</iDate>
    <type>contentlet</type>
    <owner>user-b799a187-54ad-4a4c-a4af-b8e826e81a0b</owner>
    <inode>28acb739-f01c-4310-a4e2-c15d3e9939f9</inode>
    <identifier>8be1cb1e-9fd5-42ed-956e-016aa7a4b421</identifier>
    <source>DB</source>
    <title>Test2</title>
    <friendlyName>Test2</friendlyName>
    <modDate class="sql-timestamp">2020-08-18 18:46:54.316</modDate>
    <modUser>user-b799a187-54ad-4a4c-a4af-b8e826e81a0b</modUser>
    <sortOrder>0</sortOrder>
    <showOnMenu>false</showOnMenu>
    <fAPI class="com.dotmarketing.portlets.structure.business.FieldAPIImpl" reference="../../com.dotmarketing.portlets.contentlet.business.Contentlet/fAPI"/>
    <structureInode>d99537a1-f661-4b68-9e12-07b23a14363c</structureInode>
    <languageId>1</languageId>
    <lastReview class="sql-timestamp">2020-08-18 18:46:54.294</lastReview>
    <disabledWysiwyg></disabledWysiwyg>
    <text1>Test2</text1>
    <text__area1>&lt;p&gt;Lorem ipsum dolor sit amet, consectetur adipiscing elit. Nemo igitur esse beatus potest. Quae duo sunt, unum facit.&lt;/p&gt;
&lt;p&gt;Quonam modo? At ille pellit, qui permulcet sensum voluptate. Quo modo autem philosophus loquitur? Quae contraria sunt his, malane? Quis Aristidem non mortuum diligit?&lt;/p&gt;
&lt;p&gt;Graece donan, Latine voluptatem vocant. At multis se probavit. Est enim tanti philosophi tamque nobilis audacter sua decreta defendere. Quod quidem iam fit etiam in Academia. Minime vero istorum quidem, inquit. Explanetur igitur. Obsecro, inquit, Torquate, haec dicit Epicurus?&lt;/p&gt;
&lt;p&gt;Dat enim intervalla et relaxat. Non semper, inquam; Stoici scilicet. Cave putes quicquam esse verius. Duo Reges: constructio interrete. Quare attende, quaeso. Magna laus.&lt;/p&gt;</text__area1>
    <integer1>0</integer1>
    <integer2>0</integer2>
    <integer3>0</integer3>
    <integer4>0</integer4>
    <integer5>0</integer5>
    <integer6>0</integer6>
    <integer7>0</integer7>
    <integer8>0</integer8>
    <integer9>0</integer9>
    <integer10>0</integer10>
    <integer11>0</integer11>
    <integer12>0</integer12>
    <integer13>0</integer13>
    <integer14>0</integer14>
    <integer15>0</integer15>
    <integer16>0</integer16>
    <integer17>0</integer17>
    <integer18>0</integer18>
    <integer19>0</integer19>
    <integer20>0</integer20>
    <integer21>0</integer21>
    <integer22>0</integer22>
    <integer23>0</integer23>
    <integer24>0</integer24>
    <integer25>0</integer25>
    <float1>0.0</float1>
    <float2>0.0</float2>
    <float3>0.0</float3>
    <float4>0.0</float4>
    <float5>0.0</float5>
    <float6>0.0</float6>
    <float7>0.0</float7>
    <float8>0.0</float8>
    <float9>0.0</float9>
    <float10>0.0</float10>
    <float11>0.0</float11>
    <float12>0.0</float12>
    <float13>0.0</float13>
    <float14>0.0</float14>
    <float15>0.0</float15>
    <float16>0.0</float16>
    <float17>0.0</float17>
    <float18>0.0</float18>
    <float19>0.0</float19>
    <float20>0.0</float20>
    <float21>0.0</float21>
    <float22>0.0</float22>
    <float23>0.0</float23>
    <float24>0.0</float24>
    <float25>0.0</float25>
    <bool1>false</bool1>
    <bool2>false</bool2>
    <bool3>false</bool3>
    <bool4>false</bool4>
    <bool5>false</bool5>
    <bool6>false</bool6>
    <bool7>false</bool7>
    <bool8>false</bool8>
    <bool9>false</bool9>
    <bool10>false</bool10>
    <bool11>false</bool11>
    <bool12>false</bool12>
    <bool13>false</bool13>
    <bool14>false</bool14>
    <bool15>false</bool15>
    <bool16>false</bool16>
    <bool17>false</bool17>
    <bool18>false</bool18>
    <bool19>false</bool19>
    <bool20>false</bool20>
    <bool21>false</bool21>
    <bool22>false</bool22>
    <bool23>false</bool23>
    <bool24>false</bool24>
    <bool25>false</bool25>
  </com.dotmarketing.portlets.contentlet.business.Contentlet>
  <com.dotmarketing.portlets.contentlet.business.Contentlet>
    <iDate class="sql-timestamp">2020-08-19 20:50:36.844</iDate>
    <type>contentlet</type>
    <owner>dotcms.org.1</owner>
    <inode>2401f255-246e-48b0-93ec-20f384c463e9</inode>
    <identifier>4bae2fbe-7ab3-4b44-a196-1bd444b42eda</identifier>
    <source>DB</source>
    <title>Test1</title>
    <friendlyName>Test1</friendlyName>
    <modDate class="sql-timestamp">2020-08-19 20:50:36.844</modDate>
    <modUser>dotcms.org.1</modUser>
    <sortOrder>0</sortOrder>
    <showOnMenu>false</showOnMenu>
    <fAPI class="com.dotmarketing.portlets.structure.business.FieldAPIImpl" reference="../../com.dotmarketing.portlets.contentlet.business.Contentlet/fAPI"/>
    <structureInode>a0ba0feb-440e-4881-8275-91f312bedb32</structureInode>
    <languageId>1</languageId>
    <lastReview class="sql-timestamp">2020-08-19 20:50:36.8</lastReview>
    <disabledWysiwyg></disabledWysiwyg>
    <date1 class="sql-timestamp">2021-08-20 06:00:00.0</date1>
    <date2 class="sql-timestamp">2021-08-28 15:15:00.0</date2>
    <date3 class="sql-timestamp">1970-01-01 16:30:00.0</date3>
    <text1>CA,MX,US</text1>
    <text2>b3eee8aa-f664-46a8-992a-f29915396fe4</text2>
    <text3>37996e78-c97e-4b94-aeaa-806d821f6293</text3>
    <text4>email@dotcms.com</text4>
    <text5>Test1</text5>
    <text6>Text with field variables</text6>
    <text7>val3</text7>
    <text__area2>{&quot;key1&quot;:&quot;value1&quot;,&quot;key2&quot;:&quot;value2&quot;,&quot;key3&quot;:&quot;value3&quot;}</text__area2>
    <text__area3>val2,val3,val4,val5</text__area3>
    <text__area4>Lorem ipsum dolor sit amet, consectetur adipiscing elit. Quae est igitur causa istarum angustiarum? Quod vestri non item. Idemne, quod iucunde? Non igitur bene. Eam stabilem appellas. Cur id non ita fit? 

Nihil sane. Nos commodius agimus. Duo Reges: constructio interrete. Ergo, inquit, tibi Q. Quod cum dixissent, ille contra.</text__area4>
    <text__area5>&lt;p&gt;Lorem ipsum dolor sit amet, consectetur adipiscing elit. Nihil illinc huc pervenit. Cur id non ita fit? Ait enim se, si uratur, Quam hoc suave! dicturum. Qui-vere falsone, quaerere mittimus-dicitur oculis se privasse; Quae quo sunt excelsiores, eo dant clariora indicia naturae. Que Manilium, ab iisque M.&lt;/p&gt;
&lt;p&gt;Duo Reges: constructio interrete. Quid enim? Quia nec honesto quic quam honestius nec turpi turpius. Hunc vos beatum; Bestiarum vero nullum iudicium puto. Multoque hoc melius nos veriusque quam Stoici.&lt;/p&gt;
&lt;p&gt;Nihil enim hoc differt. Quod totum contra est. Traditur, inquit, ab Epicuro ratio neglegendi doloris. Aliter enim nosmet ipsos nosse non possumus. Bonum integritas corporis: misera debilitas.&lt;/p&gt;
&lt;p&gt;Dat enim intervalla et relaxat. Hos contra singulos dici est melius. Non risu potius quam oratione eiciendum? Poterat autem inpune;&lt;/p&gt;</text__area5>
    <integer1>58</integer1>
    <integer2>3</integer2>
    <integer3>0</integer3>
    <integer4>0</integer4>
    <integer5>0</integer5>
    <integer6>0</integer6>
    <integer7>0</integer7>
    <integer8>0</integer8>
    <integer9>0</integer9>
    <integer10>0</integer10>
    <integer11>0</integer11>
    <integer12>0</integer12>
    <integer13>0</integer13>
    <integer14>0</integer14>
    <integer15>0</integer15>
    <integer16>0</integer16>
    <integer17>0</integer17>
    <integer18>0</integer18>
    <integer19>0</integer19>
    <integer20>0</integer20>
    <integer21>0</integer21>
    <integer22>0</integer22>
    <integer23>0</integer23>
    <integer24>0</integer24>
    <integer25>0</integer25>
    <float1>52.8</float1>
    <float2>0.0</float2>
    <float3>0.0</float3>
    <float4>0.0</float4>
    <float5>0.0</float5>
    <float6>0.0</float6>
    <float7>0.0</float7>
    <float8>0.0</float8>
    <float9>0.0</float9>
    <float10>0.0</float10>
    <float11>0.0</float11>
    <float12>0.0</float12>
    <float13>0.0</float13>
    <float14>0.0</float14>
    <float15>0.0</float15>
    <float16>0.0</float16>
    <float17>0.0</float17>
    <float18>0.0</float18>
    <float19>0.0</float19>
    <float20>0.0</float20>
    <float21>0.0</float21>
    <float22>0.0</float22>
    <float23>0.0</float23>
    <float24>0.0</float24>
    <float25>0.0</float25>
    <bool1>false</bool1>
    <bool2>false</bool2>
    <bool3>false</bool3>
    <bool4>false</bool4>
    <bool5>false</bool5>
    <bool6>false</bool6>
    <bool7>false</bool7>
    <bool8>false</bool8>
    <bool9>false</bool9>
    <bool10>false</bool10>
    <bool11>false</bool11>
    <bool12>false</bool12>
    <bool13>false</bool13>
    <bool14>false</bool14>
    <bool15>false</bool15>
    <bool16>false</bool16>
    <bool17>false</bool17>
    <bool18>false</bool18>
    <bool19>false</bool19>
    <bool20>false</bool20>
    <bool21>false</bool21>
    <bool22>false</bool22>
    <bool23>false</bool23>
    <bool24>false</bool24>
    <bool25>false</bool25>
  </com.dotmarketing.portlets.contentlet.business.Contentlet>
  <com.dotmarketing.portlets.contentlet.business.Contentlet>
    <iDate class="sql-timestamp">2020-08-19 21:08:00.494</iDate>
    <type>contentlet</type>
    <owner>dotcms.org.1</owner>
    <inode>3a4fd59c-c666-48b2-858c-f62c45c33b75</inode>
    <identifier>4bae2fbe-7ab3-4b44-a196-1bd444b42eda</identifier>
    <source>DB</source>
    <title>Test1</title>
    <friendlyName>Test1</friendlyName>
    <modDate class="sql-timestamp">2020-08-19 21:08:00.493</modDate>
    <modUser>dotcms.org.1</modUser>
    <sortOrder>0</sortOrder>
    <showOnMenu>false</showOnMenu>
    <fAPI class="com.dotmarketing.portlets.structure.business.FieldAPIImpl" reference="../../com.dotmarketing.portlets.contentlet.business.Contentlet/fAPI"/>
    <structureInode>a0ba0feb-440e-4881-8275-91f312bedb32</structureInode>
    <languageId>1</languageId>
    <lastReview class="sql-timestamp">2020-08-19 21:08:00.352</lastReview>
    <disabledWysiwyg></disabledWysiwyg>
    <date1 class="sql-timestamp">2021-08-20 06:00:00.0</date1>
    <date2 class="sql-timestamp">2021-08-28 15:15:00.0</date2>
    <date3 class="sql-timestamp">1970-01-01 16:30:00.0</date3>
    <text1>CA,MX,US</text1>
    <text2>b3eee8aa-f664-46a8-992a-f29915396fe4</text2>
    <text3>37996e78-c97e-4b94-aeaa-806d821f6293</text3>
    <text4>email@dotcms.com</text4>
    <text5>Test1</text5>
    <text6>Text with field variables</text6>
    <text7>val3</text7>
    <text__area2>{&quot;key1&quot;:&quot;value1&quot;,&quot;key2&quot;:&quot;value2&quot;,&quot;key3&quot;:&quot;value3&quot;}</text__area2>
    <text__area3>val2,val3,val4,val5</text__area3>
    <text__area4>Lorem ipsum dolor sit amet, consectetur adipiscing elit. Quae est igitur causa istarum angustiarum? Quod vestri non item. Idemne, quod iucunde? Non igitur bene. Eam stabilem appellas. Cur id non ita fit? 

Nihil sane. Nos commodius agimus. Duo Reges: constructio interrete. Ergo, inquit, tibi Q. Quod cum dixissent, ille contra.</text__area4>
    <text__area5>&lt;p&gt;Lorem ipsum dolor sit amet, consectetur adipiscing elit. Nihil illinc huc pervenit. Cur id non ita fit? Ait enim se, si uratur, Quam hoc suave! dicturum. Qui-vere falsone, quaerere mittimus-dicitur oculis se privasse; Quae quo sunt excelsiores, eo dant clariora indicia naturae. Que Manilium, ab iisque M.&lt;/p&gt;
&lt;p&gt;Duo Reges: constructio interrete. Quid enim? Quia nec honesto quic quam honestius nec turpi turpius. Hunc vos beatum; Bestiarum vero nullum iudicium puto. Multoque hoc melius nos veriusque quam Stoici.&lt;/p&gt;
&lt;p&gt;Nihil enim hoc differt. Quod totum contra est. Traditur, inquit, ab Epicuro ratio neglegendi doloris. Aliter enim nosmet ipsos nosse non possumus. Bonum integritas corporis: misera debilitas.&lt;/p&gt;
&lt;p&gt;Dat enim intervalla et relaxat. Hos contra singulos dici est melius. Non risu potius quam oratione eiciendum? Poterat autem inpune;&lt;/p&gt;</text__area5>
    <integer1>58</integer1>
    <integer2>3</integer2>
    <integer3>0</integer3>
    <integer4>0</integer4>
    <integer5>0</integer5>
    <integer6>0</integer6>
    <integer7>0</integer7>
    <integer8>0</integer8>
    <integer9>0</integer9>
    <integer10>0</integer10>
    <integer11>0</integer11>
    <integer12>0</integer12>
    <integer13>0</integer13>
    <integer14>0</integer14>
    <integer15>0</integer15>
    <integer16>0</integer16>
    <integer17>0</integer17>
    <integer18>0</integer18>
    <integer19>0</integer19>
    <integer20>0</integer20>
    <integer21>0</integer21>
    <integer22>0</integer22>
    <integer23>0</integer23>
    <integer24>0</integer24>
    <integer25>0</integer25>
    <float1>52.8</float1>
    <float2>0.0</float2>
    <float3>0.0</float3>
    <float4>0.0</float4>
    <float5>0.0</float5>
    <float6>0.0</float6>
    <float7>0.0</float7>
    <float8>0.0</float8>
    <float9>0.0</float9>
    <float10>0.0</float10>
    <float11>0.0</float11>
    <float12>0.0</float12>
    <float13>0.0</float13>
    <float14>0.0</float14>
    <float15>0.0</float15>
    <float16>0.0</float16>
    <float17>0.0</float17>
    <float18>0.0</float18>
    <float19>0.0</float19>
    <float20>0.0</float20>
    <float21>0.0</float21>
    <float22>0.0</float22>
    <float23>0.0</float23>
    <float24>0.0</float24>
    <float25>0.0</float25>
    <bool1>false</bool1>
    <bool2>false</bool2>
    <bool3>false</bool3>
    <bool4>false</bool4>
    <bool5>false</bool5>
    <bool6>false</bool6>
    <bool7>false</bool7>
    <bool8>false</bool8>
    <bool9>false</bool9>
    <bool10>false</bool10>
    <bool11>false</bool11>
    <bool12>false</bool12>
    <bool13>false</bool13>
    <bool14>false</bool14>
    <bool15>false</bool15>
    <bool16>false</bool16>
    <bool17>false</bool17>
    <bool18>false</bool18>
    <bool19>false</bool19>
    <bool20>false</bool20>
    <bool21>false</bool21>
    <bool22>false</bool22>
    <bool23>false</bool23>
    <bool24>false</bool24>
    <bool25>false</bool25>
  </com.dotmarketing.portlets.contentlet.business.Contentlet>
  <com.dotmarketing.portlets.contentlet.business.Contentlet>
    <iDate class="sql-timestamp">2020-08-18 23:31:30.564</iDate>
    <type>contentlet</type>
    <owner>dotcms.org.1</owner>
    <inode>4e2f21b9-94d9-4d33-a82d-45bb214d459c</inode>
    <identifier>4bae2fbe-7ab3-4b44-a196-1bd444b42eda</identifier>
    <source>DB</source>
    <title>Test1</title>
    <friendlyName>Test1</friendlyName>
    <modDate class="sql-timestamp">2020-08-18 23:31:30.564</modDate>
    <modUser>dotcms.org.1</modUser>
    <sortOrder>0</sortOrder>
    <showOnMenu>false</showOnMenu>
    <fAPI class="com.dotmarketing.portlets.structure.business.FieldAPIImpl" reference="../../com.dotmarketing.portlets.contentlet.business.Contentlet/fAPI"/>
    <structureInode>a0ba0feb-440e-4881-8275-91f312bedb32</structureInode>
    <languageId>1</languageId>
    <lastReview class="sql-timestamp">2020-08-18 23:31:30.532</lastReview>
    <disabledWysiwyg></disabledWysiwyg>
    <date1 class="sql-timestamp">2021-08-20 06:00:00.0</date1>
    <date2 class="sql-timestamp">2021-08-28 15:15:00.0</date2>
    <date3 class="sql-timestamp">1970-01-01 16:30:00.0</date3>
    <text1>CA,MX,US</text1>
    <text2>b3eee8aa-f664-46a8-992a-f29915396fe4</text2>
    <text3>37996e78-c97e-4b94-aeaa-806d821f6293</text3>
    <text4>email@dotcms.com</text4>
    <text5>Test1</text5>
    <text6>Text with field variables</text6>
    <text7>val3</text7>
    <text__area2>{&quot;key1&quot;:&quot;value1&quot;,&quot;key2&quot;:&quot;value2&quot;,&quot;key3&quot;:&quot;value3&quot;}</text__area2>
    <text__area3>val2,val3,val4,val5</text__area3>
    <text__area4>Lorem ipsum dolor sit amet, consectetur adipiscing elit. Quae est igitur causa istarum angustiarum? Quod vestri non item. Idemne, quod iucunde? Non igitur bene. Eam stabilem appellas. Cur id non ita fit? 

Nihil sane. Nos commodius agimus. Duo Reges: constructio interrete. Ergo, inquit, tibi Q. Quod cum dixissent, ille contra.</text__area4>
    <text__area5>&lt;p&gt;Lorem ipsum dolor sit amet, consectetur adipiscing elit. Nihil illinc huc pervenit. Cur id non ita fit? Ait enim se, si uratur, Quam hoc suave! dicturum. Qui-vere falsone, quaerere mittimus-dicitur oculis se privasse; Quae quo sunt excelsiores, eo dant clariora indicia naturae. Que Manilium, ab iisque M.&lt;/p&gt;
&lt;p&gt;Duo Reges: constructio interrete. Quid enim? Quia nec honesto quic quam honestius nec turpi turpius. Hunc vos beatum; Bestiarum vero nullum iudicium puto. Multoque hoc melius nos veriusque quam Stoici.&lt;/p&gt;
&lt;p&gt;Nihil enim hoc differt. Quod totum contra est. Traditur, inquit, ab Epicuro ratio neglegendi doloris. Aliter enim nosmet ipsos nosse non possumus. Bonum integritas corporis: misera debilitas.&lt;/p&gt;
&lt;p&gt;Dat enim intervalla et relaxat. Hos contra singulos dici est melius. Non risu potius quam oratione eiciendum? Poterat autem inpune;&lt;/p&gt;</text__area5>
    <integer1>58</integer1>
    <integer2>3</integer2>
    <integer3>0</integer3>
    <integer4>0</integer4>
    <integer5>0</integer5>
    <integer6>0</integer6>
    <integer7>0</integer7>
    <integer8>0</integer8>
    <integer9>0</integer9>
    <integer10>0</integer10>
    <integer11>0</integer11>
    <integer12>0</integer12>
    <integer13>0</integer13>
    <integer14>0</integer14>
    <integer15>0</integer15>
    <integer16>0</integer16>
    <integer17>0</integer17>
    <integer18>0</integer18>
    <integer19>0</integer19>
    <integer20>0</integer20>
    <integer21>0</integer21>
    <integer22>0</integer22>
    <integer23>0</integer23>
    <integer24>0</integer24>
    <integer25>0</integer25>
    <float1>52.0</float1>
    <float2>0.0</float2>
    <float3>0.0</float3>
    <float4>0.0</float4>
    <float5>0.0</float5>
    <float6>0.0</float6>
    <float7>0.0</float7>
    <float8>0.0</float8>
    <float9>0.0</float9>
    <float10>0.0</float10>
    <float11>0.0</float11>
    <float12>0.0</float12>
    <float13>0.0</float13>
    <float14>0.0</float14>
    <float15>0.0</float15>
    <float16>0.0</float16>
    <float17>0.0</float17>
    <float18>0.0</float18>
    <float19>0.0</float19>
    <float20>0.0</float20>
    <float21>0.0</float21>
    <float22>0.0</float22>
    <float23>0.0</float23>
    <float24>0.0</float24>
    <float25>0.0</float25>
    <bool1>false</bool1>
    <bool2>false</bool2>
    <bool3>false</bool3>
    <bool4>false</bool4>
    <bool5>false</bool5>
    <bool6>false</bool6>
    <bool7>false</bool7>
    <bool8>false</bool8>
    <bool9>false</bool9>
    <bool10>false</bool10>
    <bool11>false</bool11>
    <bool12>false</bool12>
    <bool13>false</bool13>
    <bool14>false</bool14>
    <bool15>false</bool15>
    <bool16>false</bool16>
    <bool17>false</bool17>
    <bool18>false</bool18>
    <bool19>false</bool19>
    <bool20>false</bool20>
    <bool21>false</bool21>
    <bool22>false</bool22>
    <bool23>false</bool23>
    <bool24>false</bool24>
    <bool25>false</bool25>
  </com.dotmarketing.portlets.contentlet.business.Contentlet>
  <com.dotmarketing.portlets.contentlet.business.Contentlet>
    <iDate class="sql-timestamp">2020-08-18 23:31:29.619</iDate>
    <type>contentlet</type>
    <owner>dotcms.org.1</owner>
    <inode>73902a14-ed3d-4d34-bae0-ab62b9fc2105</inode>
    <identifier>4bae2fbe-7ab3-4b44-a196-1bd444b42eda</identifier>
    <source>DB</source>
    <title>Test1</title>
    <friendlyName>Test1</friendlyName>
    <modDate class="sql-timestamp">2020-08-18 23:31:29.619</modDate>
    <modUser>dotcms.org.1</modUser>
    <sortOrder>0</sortOrder>
    <showOnMenu>false</showOnMenu>
    <fAPI class="com.dotmarketing.portlets.structure.business.FieldAPIImpl" reference="../../com.dotmarketing.portlets.contentlet.business.Contentlet/fAPI"/>
    <structureInode>a0ba0feb-440e-4881-8275-91f312bedb32</structureInode>
    <languageId>1</languageId>
    <lastReview class="sql-timestamp">2020-08-18 23:31:29.426</lastReview>
    <disabledWysiwyg></disabledWysiwyg>
    <date1 class="sql-timestamp">2021-08-20 06:00:00.0</date1>
    <date2 class="sql-timestamp">2021-08-28 15:15:00.0</date2>
    <date3 class="sql-timestamp">1970-01-01 16:30:00.0</date3>
    <text1>CA,MX,US</text1>
    <text2>b3eee8aa-f664-46a8-992a-f29915396fe4</text2>
    <text3>37996e78-c97e-4b94-aeaa-806d821f6293</text3>
    <text4>email@dotcms.com</text4>
    <text5>Test1</text5>
    <text6>Text with field variables</text6>
    <text7>val3</text7>
    <text__area2>{&quot;key1&quot;:&quot;value1&quot;,&quot;key2&quot;:&quot;value2&quot;,&quot;key3&quot;:&quot;value3&quot;}</text__area2>
    <text__area3>val2,val3,val4,val5</text__area3>
    <text__area4>Lorem ipsum dolor sit amet, consectetur adipiscing elit. Quae est igitur causa istarum angustiarum? Quod vestri non item. Idemne, quod iucunde? Non igitur bene. Eam stabilem appellas. Cur id non ita fit? 

Nihil sane. Nos commodius agimus. Duo Reges: constructio interrete. Ergo, inquit, tibi Q. Quod cum dixissent, ille contra.</text__area4>
    <text__area5>&lt;p&gt;Lorem ipsum dolor sit amet, consectetur adipiscing elit. Nihil illinc huc pervenit. Cur id non ita fit? Ait enim se, si uratur, Quam hoc suave! dicturum. Qui-vere falsone, quaerere mittimus-dicitur oculis se privasse; Quae quo sunt excelsiores, eo dant clariora indicia naturae. Que Manilium, ab iisque M.&lt;/p&gt;
&lt;p&gt;Duo Reges: constructio interrete. Quid enim? Quia nec honesto quic quam honestius nec turpi turpius. Hunc vos beatum; Bestiarum vero nullum iudicium puto. Multoque hoc melius nos veriusque quam Stoici.&lt;/p&gt;
&lt;p&gt;Nihil enim hoc differt. Quod totum contra est. Traditur, inquit, ab Epicuro ratio neglegendi doloris. Aliter enim nosmet ipsos nosse non possumus. Bonum integritas corporis: misera debilitas.&lt;/p&gt;
&lt;p&gt;Dat enim intervalla et relaxat. Hos contra singulos dici est melius. Non risu potius quam oratione eiciendum? Poterat autem inpune;&lt;/p&gt;</text__area5>
    <integer1>58</integer1>
    <integer2>3</integer2>
    <integer3>0</integer3>
    <integer4>0</integer4>
    <integer5>0</integer5>
    <integer6>0</integer6>
    <integer7>0</integer7>
    <integer8>0</integer8>
    <integer9>0</integer9>
    <integer10>0</integer10>
    <integer11>0</integer11>
    <integer12>0</integer12>
    <integer13>0</integer13>
    <integer14>0</integer14>
    <integer15>0</integer15>
    <integer16>0</integer16>
    <integer17>0</integer17>
    <integer18>0</integer18>
    <integer19>0</integer19>
    <integer20>0</integer20>
    <integer21>0</integer21>
    <integer22>0</integer22>
    <integer23>0</integer23>
    <integer24>0</integer24>
    <integer25>0</integer25>
    <float1>52.0</float1>
    <float2>0.0</float2>
    <float3>0.0</float3>
    <float4>0.0</float4>
    <float5>0.0</float5>
    <float6>0.0</float6>
    <float7>0.0</float7>
    <float8>0.0</float8>
    <float9>0.0</float9>
    <float10>0.0</float10>
    <float11>0.0</float11>
    <float12>0.0</float12>
    <float13>0.0</float13>
    <float14>0.0</float14>
    <float15>0.0</float15>
    <float16>0.0</float16>
    <float17>0.0</float17>
    <float18>0.0</float18>
    <float19>0.0</float19>
    <float20>0.0</float20>
    <float21>0.0</float21>
    <float22>0.0</float22>
    <float23>0.0</float23>
    <float24>0.0</float24>
    <float25>0.0</float25>
    <bool1>false</bool1>
    <bool2>false</bool2>
    <bool3>false</bool3>
    <bool4>false</bool4>
    <bool5>false</bool5>
    <bool6>false</bool6>
    <bool7>false</bool7>
    <bool8>false</bool8>
    <bool9>false</bool9>
    <bool10>false</bool10>
    <bool11>false</bool11>
    <bool12>false</bool12>
    <bool13>false</bool13>
    <bool14>false</bool14>
    <bool15>false</bool15>
    <bool16>false</bool16>
    <bool17>false</bool17>
    <bool18>false</bool18>
    <bool19>false</bool19>
    <bool20>false</bool20>
    <bool21>false</bool21>
    <bool22>false</bool22>
    <bool23>false</bool23>
    <bool24>false</bool24>
    <bool25>false</bool25>
  </com.dotmarketing.portlets.contentlet.business.Contentlet>
  <com.dotmarketing.portlets.contentlet.business.Contentlet>
    <iDate class="sql-timestamp">2020-08-19 20:49:35.648</iDate>
    <type>contentlet</type>
    <owner>dotcms.org.1</owner>
    <inode>92651e30-c822-456e-90f6-f572ab7bd5ec</inode>
    <identifier>4bae2fbe-7ab3-4b44-a196-1bd444b42eda</identifier>
    <source>DB</source>
    <title>Test1</title>
    <friendlyName>Test1</friendlyName>
    <modDate class="sql-timestamp">2020-08-19 20:49:35.648</modDate>
    <modUser>dotcms.org.1</modUser>
    <sortOrder>0</sortOrder>
    <showOnMenu>false</showOnMenu>
    <fAPI class="com.dotmarketing.portlets.structure.business.FieldAPIImpl" reference="../../com.dotmarketing.portlets.contentlet.business.Contentlet/fAPI"/>
    <structureInode>a0ba0feb-440e-4881-8275-91f312bedb32</structureInode>
    <languageId>1</languageId>
    <lastReview class="sql-timestamp">2020-08-19 20:49:35.508</lastReview>
    <disabledWysiwyg></disabledWysiwyg>
    <date1 class="sql-timestamp">2021-08-20 06:00:00.0</date1>
    <date2 class="sql-timestamp">2021-08-28 15:15:00.0</date2>
    <date3 class="sql-timestamp">1970-01-01 16:30:00.0</date3>
    <text1>CA,MX,US</text1>
    <text2>b3eee8aa-f664-46a8-992a-f29915396fe4</text2>
    <text3>37996e78-c97e-4b94-aeaa-806d821f6293</text3>
    <text4>email@dotcms.com</text4>
    <text5>Test1</text5>
    <text6>Text with field variables</text6>
    <text7>val3</text7>
    <text__area2>{&quot;key1&quot;:&quot;value1&quot;,&quot;key2&quot;:&quot;value2&quot;,&quot;key3&quot;:&quot;value3&quot;}</text__area2>
    <text__area3>val2,val3,val4,val5</text__area3>
    <text__area4>Lorem ipsum dolor sit amet, consectetur adipiscing elit. Quae est igitur causa istarum angustiarum? Quod vestri non item. Idemne, quod iucunde? Non igitur bene. Eam stabilem appellas. Cur id non ita fit? 

Nihil sane. Nos commodius agimus. Duo Reges: constructio interrete. Ergo, inquit, tibi Q. Quod cum dixissent, ille contra.</text__area4>
    <text__area5>&lt;p&gt;Lorem ipsum dolor sit amet, consectetur adipiscing elit. Nihil illinc huc pervenit. Cur id non ita fit? Ait enim se, si uratur, Quam hoc suave! dicturum. Qui-vere falsone, quaerere mittimus-dicitur oculis se privasse; Quae quo sunt excelsiores, eo dant clariora indicia naturae. Que Manilium, ab iisque M.&lt;/p&gt;
&lt;p&gt;Duo Reges: constructio interrete. Quid enim? Quia nec honesto quic quam honestius nec turpi turpius. Hunc vos beatum; Bestiarum vero nullum iudicium puto. Multoque hoc melius nos veriusque quam Stoici.&lt;/p&gt;
&lt;p&gt;Nihil enim hoc differt. Quod totum contra est. Traditur, inquit, ab Epicuro ratio neglegendi doloris. Aliter enim nosmet ipsos nosse non possumus. Bonum integritas corporis: misera debilitas.&lt;/p&gt;
&lt;p&gt;Dat enim intervalla et relaxat. Hos contra singulos dici est melius. Non risu potius quam oratione eiciendum? Poterat autem inpune;&lt;/p&gt;</text__area5>
    <integer1>58</integer1>
    <integer2>3</integer2>
    <integer3>0</integer3>
    <integer4>0</integer4>
    <integer5>0</integer5>
    <integer6>0</integer6>
    <integer7>0</integer7>
    <integer8>0</integer8>
    <integer9>0</integer9>
    <integer10>0</integer10>
    <integer11>0</integer11>
    <integer12>0</integer12>
    <integer13>0</integer13>
    <integer14>0</integer14>
    <integer15>0</integer15>
    <integer16>0</integer16>
    <integer17>0</integer17>
    <integer18>0</integer18>
    <integer19>0</integer19>
    <integer20>0</integer20>
    <integer21>0</integer21>
    <integer22>0</integer22>
    <integer23>0</integer23>
    <integer24>0</integer24>
    <integer25>0</integer25>
    <float1>52.0</float1>
    <float2>0.0</float2>
    <float3>0.0</float3>
    <float4>0.0</float4>
    <float5>0.0</float5>
    <float6>0.0</float6>
    <float7>0.0</float7>
    <float8>0.0</float8>
    <float9>0.0</float9>
    <float10>0.0</float10>
    <float11>0.0</float11>
    <float12>0.0</float12>
    <float13>0.0</float13>
    <float14>0.0</float14>
    <float15>0.0</float15>
    <float16>0.0</float16>
    <float17>0.0</float17>
    <float18>0.0</float18>
    <float19>0.0</float19>
    <float20>0.0</float20>
    <float21>0.0</float21>
    <float22>0.0</float22>
    <float23>0.0</float23>
    <float24>0.0</float24>
    <float25>0.0</float25>
    <bool1>false</bool1>
    <bool2>false</bool2>
    <bool3>false</bool3>
    <bool4>false</bool4>
    <bool5>false</bool5>
    <bool6>false</bool6>
    <bool7>false</bool7>
    <bool8>false</bool8>
    <bool9>false</bool9>
    <bool10>false</bool10>
    <bool11>false</bool11>
    <bool12>false</bool12>
    <bool13>false</bool13>
    <bool14>false</bool14>
    <bool15>false</bool15>
    <bool16>false</bool16>
    <bool17>false</bool17>
    <bool18>false</bool18>
    <bool19>false</bool19>
    <bool20>false</bool20>
    <bool21>false</bool21>
    <bool22>false</bool22>
    <bool23>false</bool23>
    <bool24>false</bool24>
    <bool25>false</bool25>
  </com.dotmarketing.portlets.contentlet.business.Contentlet>
  <com.dotmarketing.portlets.contentlet.business.Contentlet>
    <iDate class="sql-timestamp">2020-08-18 22:55:31.016</iDate>
    <type>contentlet</type>
    <owner>dotcms.org.1</owner>
    <inode>936162bd-d3b1-4b13-ac76-1dcdf4ecef55</inode>
    <identifier>4bae2fbe-7ab3-4b44-a196-1bd444b42eda</identifier>
    <source>DB</source>
    <title>Test1</title>
    <friendlyName>Test1</friendlyName>
    <modDate class="sql-timestamp">2020-08-18 22:55:31.016</modDate>
    <modUser>dotcms.org.1</modUser>
    <sortOrder>0</sortOrder>
    <showOnMenu>false</showOnMenu>
    <fAPI class="com.dotmarketing.portlets.structure.business.FieldAPIImpl" reference="../../com.dotmarketing.portlets.contentlet.business.Contentlet/fAPI"/>
    <structureInode>a0ba0feb-440e-4881-8275-91f312bedb32</structureInode>
    <languageId>1</languageId>
    <lastReview class="sql-timestamp">2020-08-18 22:55:30.743</lastReview>
    <disabledWysiwyg></disabledWysiwyg>
    <date1 class="sql-timestamp">2021-08-20 06:00:00.0</date1>
    <date2 class="sql-timestamp">2021-08-28 15:15:00.0</date2>
    <date3 class="sql-timestamp">1970-01-01 16:30:00.0</date3>
    <text1>CA,MX,US</text1>
    <text2>b3eee8aa-f664-46a8-992a-f29915396fe4</text2>
    <text3>37996e78-c97e-4b94-aeaa-806d821f6293</text3>
    <text4>email@dotcms.com</text4>
    <text5>Test1</text5>
    <text6>Text with field variables</text6>
    <text7>val3</text7>
    <text__area2>{&quot;key1&quot;:&quot;value1&quot;,&quot;key2&quot;:&quot;value2&quot;,&quot;key3&quot;:&quot;value3&quot;}</text__area2>
    <text__area3>val2,val3,val4,val5</text__area3>
    <text__area4>Lorem ipsum dolor sit amet, consectetur adipiscing elit. Quae est igitur causa istarum angustiarum? Quod vestri non item. Idemne, quod iucunde? Non igitur bene. Eam stabilem appellas. Cur id non ita fit? 

Nihil sane. Nos commodius agimus. Duo Reges: constructio interrete. Ergo, inquit, tibi Q. Quod cum dixissent, ille contra.</text__area4>
    <text__area5>&lt;p&gt;Lorem ipsum dolor sit amet, consectetur adipiscing elit. Nihil illinc huc pervenit. Cur id non ita fit? Ait enim se, si uratur, Quam hoc suave! dicturum. Qui-vere falsone, quaerere mittimus-dicitur oculis se privasse; Quae quo sunt excelsiores, eo dant clariora indicia naturae. Que Manilium, ab iisque M.&lt;/p&gt;
&lt;p&gt;Duo Reges: constructio interrete. Quid enim? Quia nec honesto quic quam honestius nec turpi turpius. Hunc vos beatum; Bestiarum vero nullum iudicium puto. Multoque hoc melius nos veriusque quam Stoici.&lt;/p&gt;
&lt;p&gt;Nihil enim hoc differt. Quod totum contra est. Traditur, inquit, ab Epicuro ratio neglegendi doloris. Aliter enim nosmet ipsos nosse non possumus. Bonum integritas corporis: misera debilitas.&lt;/p&gt;
&lt;p&gt;Dat enim intervalla et relaxat. Hos contra singulos dici est melius. Non risu potius quam oratione eiciendum? Poterat autem inpune;&lt;/p&gt;</text__area5>
    <integer1>58</integer1>
    <integer2>3</integer2>
    <integer3>0</integer3>
    <integer4>0</integer4>
    <integer5>0</integer5>
    <integer6>0</integer6>
    <integer7>0</integer7>
    <integer8>0</integer8>
    <integer9>0</integer9>
    <integer10>0</integer10>
    <integer11>0</integer11>
    <integer12>0</integer12>
    <integer13>0</integer13>
    <integer14>0</integer14>
    <integer15>0</integer15>
    <integer16>0</integer16>
    <integer17>0</integer17>
    <integer18>0</integer18>
    <integer19>0</integer19>
    <integer20>0</integer20>
    <integer21>0</integer21>
    <integer22>0</integer22>
    <integer23>0</integer23>
    <integer24>0</integer24>
    <integer25>0</integer25>
    <float1>52.0</float1>
    <float2>0.0</float2>
    <float3>0.0</float3>
    <float4>0.0</float4>
    <float5>0.0</float5>
    <float6>0.0</float6>
    <float7>0.0</float7>
    <float8>0.0</float8>
    <float9>0.0</float9>
    <float10>0.0</float10>
    <float11>0.0</float11>
    <float12>0.0</float12>
    <float13>0.0</float13>
    <float14>0.0</float14>
    <float15>0.0</float15>
    <float16>0.0</float16>
    <float17>0.0</float17>
    <float18>0.0</float18>
    <float19>0.0</float19>
    <float20>0.0</float20>
    <float21>0.0</float21>
    <float22>0.0</float22>
    <float23>0.0</float23>
    <float24>0.0</float24>
    <float25>0.0</float25>
    <bool1>false</bool1>
    <bool2>false</bool2>
    <bool3>false</bool3>
    <bool4>false</bool4>
    <bool5>false</bool5>
    <bool6>false</bool6>
    <bool7>false</bool7>
    <bool8>false</bool8>
    <bool9>false</bool9>
    <bool10>false</bool10>
    <bool11>false</bool11>
    <bool12>false</bool12>
    <bool13>false</bool13>
    <bool14>false</bool14>
    <bool15>false</bool15>
    <bool16>false</bool16>
    <bool17>false</bool17>
    <bool18>false</bool18>
    <bool19>false</bool19>
    <bool20>false</bool20>
    <bool21>false</bool21>
    <bool22>false</bool22>
    <bool23>false</bool23>
    <bool24>false</bool24>
    <bool25>false</bool25>
  </com.dotmarketing.portlets.contentlet.business.Contentlet>
  <com.dotmarketing.portlets.contentlet.business.Contentlet>
    <iDate class="sql-timestamp">2020-08-18 23:32:12.982</iDate>
    <type>contentlet</type>
    <owner>dotcms.org.1</owner>
    <inode>d5c46f74-a8d5-49b0-8b0b-153db84c335b</inode>
    <identifier>4bae2fbe-7ab3-4b44-a196-1bd444b42eda</identifier>
    <source>DB</source>
    <title>Test1</title>
    <friendlyName>Test1</friendlyName>
    <modDate class="sql-timestamp">2020-08-18 23:32:12.982</modDate>
    <modUser>dotcms.org.1</modUser>
    <sortOrder>0</sortOrder>
    <showOnMenu>false</showOnMenu>
    <fAPI class="com.dotmarketing.portlets.structure.business.FieldAPIImpl" reference="../../com.dotmarketing.portlets.contentlet.business.Contentlet/fAPI"/>
    <structureInode>a0ba0feb-440e-4881-8275-91f312bedb32</structureInode>
    <languageId>1</languageId>
    <lastReview class="sql-timestamp">2020-08-18 23:32:12.946</lastReview>
    <disabledWysiwyg></disabledWysiwyg>
    <date1 class="sql-timestamp">2021-08-20 06:00:00.0</date1>
    <date2 class="sql-timestamp">2021-08-28 15:15:00.0</date2>
    <date3 class="sql-timestamp">1970-01-01 16:30:00.0</date3>
    <text1>CA,MX,US</text1>
    <text2>b3eee8aa-f664-46a8-992a-f29915396fe4</text2>
    <text3>37996e78-c97e-4b94-aeaa-806d821f6293</text3>
    <text4>email@dotcms.com</text4>
    <text5>Test1</text5>
    <text6>Text with field variables</text6>
    <text7>val3</text7>
    <text__area2>{&quot;key1&quot;:&quot;value1&quot;,&quot;key2&quot;:&quot;value2&quot;,&quot;key3&quot;:&quot;value3&quot;}</text__area2>
    <text__area3>val2,val3,val4,val5</text__area3>
    <text__area4>Lorem ipsum dolor sit amet, consectetur adipiscing elit. Quae est igitur causa istarum angustiarum? Quod vestri non item. Idemne, quod iucunde? Non igitur bene. Eam stabilem appellas. Cur id non ita fit? 

Nihil sane. Nos commodius agimus. Duo Reges: constructio interrete. Ergo, inquit, tibi Q. Quod cum dixissent, ille contra.</text__area4>
    <text__area5>&lt;p&gt;Lorem ipsum dolor sit amet, consectetur adipiscing elit. Nihil illinc huc pervenit. Cur id non ita fit? Ait enim se, si uratur, Quam hoc suave! dicturum. Qui-vere falsone, quaerere mittimus-dicitur oculis se privasse; Quae quo sunt excelsiores, eo dant clariora indicia naturae. Que Manilium, ab iisque M.&lt;/p&gt;
&lt;p&gt;Duo Reges: constructio interrete. Quid enim? Quia nec honesto quic quam honestius nec turpi turpius. Hunc vos beatum; Bestiarum vero nullum iudicium puto. Multoque hoc melius nos veriusque quam Stoici.&lt;/p&gt;
&lt;p&gt;Nihil enim hoc differt. Quod totum contra est. Traditur, inquit, ab Epicuro ratio neglegendi doloris. Aliter enim nosmet ipsos nosse non possumus. Bonum integritas corporis: misera debilitas.&lt;/p&gt;
&lt;p&gt;Dat enim intervalla et relaxat. Hos contra singulos dici est melius. Non risu potius quam oratione eiciendum? Poterat autem inpune;&lt;/p&gt;</text__area5>
    <integer1>58</integer1>
    <integer2>3</integer2>
    <integer3>0</integer3>
    <integer4>0</integer4>
    <integer5>0</integer5>
    <integer6>0</integer6>
    <integer7>0</integer7>
    <integer8>0</integer8>
    <integer9>0</integer9>
    <integer10>0</integer10>
    <integer11>0</integer11>
    <integer12>0</integer12>
    <integer13>0</integer13>
    <integer14>0</integer14>
    <integer15>0</integer15>
    <integer16>0</integer16>
    <integer17>0</integer17>
    <integer18>0</integer18>
    <integer19>0</integer19>
    <integer20>0</integer20>
    <integer21>0</integer21>
    <integer22>0</integer22>
    <integer23>0</integer23>
    <integer24>0</integer24>
    <integer25>0</integer25>
    <float1>52.0</float1>
    <float2>0.0</float2>
    <float3>0.0</float3>
    <float4>0.0</float4>
    <float5>0.0</float5>
    <float6>0.0</float6>
    <float7>0.0</float7>
    <float8>0.0</float8>
    <float9>0.0</float9>
    <float10>0.0</float10>
    <float11>0.0</float11>
    <float12>0.0</float12>
    <float13>0.0</float13>
    <float14>0.0</float14>
    <float15>0.0</float15>
    <float16>0.0</float16>
    <float17>0.0</float17>
    <float18>0.0</float18>
    <float19>0.0</float19>
    <float20>0.0</float20>
    <float21>0.0</float21>
    <float22>0.0</float22>
    <float23>0.0</float23>
    <float24>0.0</float24>
    <float25>0.0</float25>
    <bool1>false</bool1>
    <bool2>false</bool2>
    <bool3>false</bool3>
    <bool4>false</bool4>
    <bool5>false</bool5>
    <bool6>false</bool6>
    <bool7>false</bool7>
    <bool8>false</bool8>
    <bool9>false</bool9>
    <bool10>false</bool10>
    <bool11>false</bool11>
    <bool12>false</bool12>
    <bool13>false</bool13>
    <bool14>false</bool14>
    <bool15>false</bool15>
    <bool16>false</bool16>
    <bool17>false</bool17>
    <bool18>false</bool18>
    <bool19>false</bool19>
    <bool20>false</bool20>
    <bool21>false</bool21>
    <bool22>false</bool22>
    <bool23>false</bool23>
    <bool24>false</bool24>
    <bool25>false</bool25>
  </com.dotmarketing.portlets.contentlet.business.Contentlet>
  <com.dotmarketing.portlets.contentlet.business.Contentlet>
    <iDate class="sql-timestamp">2020-08-18 18:44:47.931</iDate>
    <type>contentlet</type>
    <owner>user-b799a187-54ad-4a4c-a4af-b8e826e81a0b</owner>
    <inode>e631badb-0867-4471-ab39-26e1f16c6ed1</inode>
    <identifier>1b927236-4857-4763-8ef8-ab36e437fbec</identifier>
    <source>DB</source>
    <title>Test1</title>
    <friendlyName>Test1</friendlyName>
    <modDate class="sql-timestamp">2020-08-18 18:44:47.93</modDate>
    <modUser>user-b799a187-54ad-4a4c-a4af-b8e826e81a0b</modUser>
    <sortOrder>0</sortOrder>
    <showOnMenu>false</showOnMenu>
    <fAPI class="com.dotmarketing.portlets.structure.business.FieldAPIImpl" reference="../../com.dotmarketing.portlets.contentlet.business.Contentlet/fAPI"/>
    <structureInode>d99537a1-f661-4b68-9e12-07b23a14363c</structureInode>
    <languageId>1</languageId>
    <lastReview class="sql-timestamp">2020-08-18 18:44:47.865</lastReview>
    <disabledWysiwyg></disabledWysiwyg>
    <text1>Test1</text1>
    <text__area1>&lt;p&gt;Lorem ipsum dolor sit amet, consectetur adipiscing elit. At, si voluptas esset bonum, desideraret. Huius, Lyco, oratione locuples, rebus ipsis ielunior. Nam ante Aristippus, et ille melius. An potest cupiditas finiri?&lt;/p&gt;
&lt;p&gt;Duo Reges: constructio interrete. Istam voluptatem, inquit, Epicurus ignorat? Sed ad rem redeamus;&lt;/p&gt;
&lt;p&gt;Summum en&amp;iacute;m bonum exposuit vacuitatem doloris; Primum Theophrasti, Strato, physicum se voluit; Et nemo nimium beatus est; Si quicquam extra virtutem habeatur in bonis. Ergo hoc quidem apparet, nos ad agendum esse natos. Quod quidem iam fit etiam in Academia. Memini vero, inquam; Itaque hic ipse iam pridem est reiectus;&lt;/p&gt;
&lt;p&gt;Audeo dicere, inquit. Tollenda est atque extrahenda radicitus. Ea possunt paria non esse. Quae cum dixisset paulumque institisset, Quid est? Hoc mihi cum tuo fratre convenit. Quid de Pythagora?&lt;/p&gt;</text__area1>
    <integer1>0</integer1>
    <integer2>0</integer2>
    <integer3>0</integer3>
    <integer4>0</integer4>
    <integer5>0</integer5>
    <integer6>0</integer6>
    <integer7>0</integer7>
    <integer8>0</integer8>
    <integer9>0</integer9>
    <integer10>0</integer10>
    <integer11>0</integer11>
    <integer12>0</integer12>
    <integer13>0</integer13>
    <integer14>0</integer14>
    <integer15>0</integer15>
    <integer16>0</integer16>
    <integer17>0</integer17>
    <integer18>0</integer18>
    <integer19>0</integer19>
    <integer20>0</integer20>
    <integer21>0</integer21>
    <integer22>0</integer22>
    <integer23>0</integer23>
    <integer24>0</integer24>
    <integer25>0</integer25>
    <float1>0.0</float1>
    <float2>0.0</float2>
    <float3>0.0</float3>
    <float4>0.0</float4>
    <float5>0.0</float5>
    <float6>0.0</float6>
    <float7>0.0</float7>
    <float8>0.0</float8>
    <float9>0.0</float9>
    <float10>0.0</float10>
    <float11>0.0</float11>
    <float12>0.0</float12>
    <float13>0.0</float13>
    <float14>0.0</float14>
    <float15>0.0</float15>
    <float16>0.0</float16>
    <float17>0.0</float17>
    <float18>0.0</float18>
    <float19>0.0</float19>
    <float20>0.0</float20>
    <float21>0.0</float21>
    <float22>0.0</float22>
    <float23>0.0</float23>
    <float24>0.0</float24>
    <float25>0.0</float25>
    <bool1>false</bool1>
    <bool2>false</bool2>
    <bool3>false</bool3>
    <bool4>false</bool4>
    <bool5>false</bool5>
    <bool6>false</bool6>
    <bool7>false</bool7>
    <bool8>false</bool8>
    <bool9>false</bool9>
    <bool10>false</bool10>
    <bool11>false</bool11>
    <bool12>false</bool12>
    <bool13>false</bool13>
    <bool14>false</bool14>
    <bool15>false</bool15>
    <bool16>false</bool16>
    <bool17>false</bool17>
    <bool18>false</bool18>
    <bool19>false</bool19>
    <bool20>false</bool20>
    <bool21>false</bool21>
    <bool22>false</bool22>
    <bool23>false</bool23>
    <bool24>false</bool24>
    <bool25>false</bool25>
  </com.dotmarketing.portlets.contentlet.business.Contentlet>
  <com.dotmarketing.portlets.contentlet.business.Contentlet>
    <iDate class="sql-timestamp">2009-11-17 12:55:33.0</iDate>
    <type>contentlet</type>
    <owner>system</owner>
    <inode>dbdec5e2-c02b-4cfb-83a9-4a4c4f3b2eb0</inode>
    <identifier>SYSTEM_HOST</identifier>
    <source>DB</source>
    <title>System Host</title>
    <friendlyName>System Host</friendlyName>
    <modDate class="sql-timestamp">2009-11-17 17:55:33.0</modDate>
    <modUser>system</modUser>
    <sortOrder>0</sortOrder>
    <showOnMenu>false</showOnMenu>
    <fAPI class="com.dotmarketing.portlets.structure.business.FieldAPIImpl" reference="../../com.dotmarketing.portlets.contentlet.business.Contentlet/fAPI"/>
    <structureInode>855a2d72-f2f3-4169-8b04-ac5157c4380c</structureInode>
    <languageId>1</languageId>
    <text1>System Host</text1>
    <text2></text2>
    <text3></text3>
    <text4></text4>
    <text7></text7>
    <text__area1></text__area1>
    <integer1>0</integer1>
    <integer2>0</integer2>
    <integer3>0</integer3>
    <integer4>0</integer4>
    <integer5>0</integer5>
    <integer6>0</integer6>
    <integer7>0</integer7>
    <integer8>0</integer8>
    <integer9>0</integer9>
    <integer10>0</integer10>
    <integer11>0</integer11>
    <integer12>0</integer12>
    <integer13>0</integer13>
    <integer14>0</integer14>
    <integer15>0</integer15>
    <integer16>0</integer16>
    <integer17>0</integer17>
    <integer18>0</integer18>
    <integer19>0</integer19>
    <integer20>0</integer20>
    <integer21>0</integer21>
    <integer22>0</integer22>
    <integer23>0</integer23>
    <integer24>0</integer24>
    <integer25>0</integer25>
    <float1>0.0</float1>
    <float2>0.0</float2>
    <float3>0.0</float3>
    <float4>0.0</float4>
    <float5>0.0</float5>
    <float6>0.0</float6>
    <float7>0.0</float7>
    <float8>0.0</float8>
    <float9>0.0</float9>
    <float10>0.0</float10>
    <float11>0.0</float11>
    <float12>0.0</float12>
    <float13>0.0</float13>
    <float14>0.0</float14>
    <float15>0.0</float15>
    <float16>0.0</float16>
    <float17>0.0</float17>
    <float18>0.0</float18>
    <float19>0.0</float19>
    <float20>0.0</float20>
    <float21>0.0</float21>
    <float22>0.0</float22>
    <float23>0.0</float23>
    <float24>0.0</float24>
    <float25>0.0</float25>
    <bool1>false</bool1>
    <bool2>true</bool2>
    <bool3>false</bool3>
    <bool4>false</bool4>
    <bool5>false</bool5>
    <bool6>false</bool6>
    <bool7>false</bool7>
    <bool8>false</bool8>
    <bool9>false</bool9>
    <bool10>false</bool10>
    <bool11>false</bool11>
    <bool12>false</bool12>
    <bool13>false</bool13>
    <bool14>false</bool14>
    <bool15>false</bool15>
    <bool16>false</bool16>
    <bool17>false</bool17>
    <bool18>false</bool18>
    <bool19>false</bool19>
    <bool20>false</bool20>
    <bool21>false</bool21>
    <bool22>false</bool22>
    <bool23>false</bool23>
    <bool24>false</bool24>
    <bool25>false</bool25>
  </com.dotmarketing.portlets.contentlet.business.Contentlet>
  <com.dotmarketing.portlets.contentlet.business.Contentlet>
    <iDate class="sql-timestamp">2020-07-10 20:16:20.088</iDate>
    <type>contentlet</type>
    <owner>dotcms.org.1</owner>
    <inode>59b4332b-0c01-4cba-a609-42d425cee842</inode>
    <identifier>0bd874cd-32e6-4d0a-9b33-fbfa4c170d8b</identifier>
    <source>DB</source>
    <title>Squirtle.jpeg</title>
    <friendlyName>Squirtle.jpeg</friendlyName>
    <modDate class="sql-timestamp">2020-07-10 20:16:20.088</modDate>
    <modUser>dotcms.org.1</modUser>
    <sortOrder>0</sortOrder>
    <showOnMenu>false</showOnMenu>
    <fAPI class="com.dotmarketing.portlets.structure.business.FieldAPIImpl" reference="../../com.dotmarketing.portlets.contentlet.business.Contentlet/fAPI"/>
    <structureInode>33888b6f-7a8e-4069-b1b6-5c1aa9d0a48d</structureInode>
    <languageId>1</languageId>
    <text2>Squirtle.jpeg</text2>
    <text3>squirtle.jpeg</text3>
    <text5>squirtle</text5>
    <text__area1>{&quot;content&quot;:&quot;&quot;,&quot;contentType&quot;:&quot;image/jpeg&quot;,&quot;fileSize&quot;:8157,&quot;height&quot;:&quot;228&quot;,&quot;length&quot;:8157,&quot;width&quot;:&quot;221&quot;}</text__area1>
    <integer1>0</integer1>
    <integer2>0</integer2>
    <integer3>0</integer3>
    <integer4>0</integer4>
    <integer5>0</integer5>
    <integer6>0</integer6>
    <integer7>0</integer7>
    <integer8>0</integer8>
    <integer9>0</integer9>
    <integer10>0</integer10>
    <integer11>0</integer11>
    <integer12>0</integer12>
    <integer13>0</integer13>
    <integer14>0</integer14>
    <integer15>0</integer15>
    <integer16>0</integer16>
    <integer17>0</integer17>
    <integer18>0</integer18>
    <integer19>0</integer19>
    <integer20>0</integer20>
    <integer21>0</integer21>
    <integer22>0</integer22>
    <integer23>0</integer23>
    <integer24>0</integer24>
    <integer25>0</integer25>
    <float1>0.0</float1>
    <float2>0.0</float2>
    <float3>0.0</float3>
    <float4>0.0</float4>
    <float5>0.0</float5>
    <float6>0.0</float6>
    <float7>0.0</float7>
    <float8>0.0</float8>
    <float9>0.0</float9>
    <float10>0.0</float10>
    <float11>0.0</float11>
    <float12>0.0</float12>
    <float13>0.0</float13>
    <float14>0.0</float14>
    <float15>0.0</float15>
    <float16>0.0</float16>
    <float17>0.0</float17>
    <float18>0.0</float18>
    <float19>0.0</float19>
    <float20>0.0</float20>
    <float21>0.0</float21>
    <float22>0.0</float22>
    <float23>0.0</float23>
    <float24>0.0</float24>
    <float25>0.0</float25>
    <bool1>false</bool1>
    <bool2>false</bool2>
    <bool3>false</bool3>
    <bool4>false</bool4>
    <bool5>false</bool5>
    <bool6>false</bool6>
    <bool7>false</bool7>
    <bool8>false</bool8>
    <bool9>false</bool9>
    <bool10>false</bool10>
    <bool11>false</bool11>
    <bool12>false</bool12>
    <bool13>false</bool13>
    <bool14>false</bool14>
    <bool15>false</bool15>
    <bool16>false</bool16>
    <bool17>false</bool17>
    <bool18>false</bool18>
    <bool19>false</bool19>
    <bool20>false</bool20>
    <bool21>false</bool21>
    <bool22>false</bool22>
    <bool23>false</bool23>
    <bool24>false</bool24>
    <bool25>false</bool25>
  </com.dotmarketing.portlets.contentlet.business.Contentlet>
  <com.dotmarketing.portlets.contentlet.business.Contentlet>
    <iDate class="sql-timestamp">2020-07-10 20:16:19.976</iDate>
    <type>contentlet</type>
    <owner>dotcms.org.1</owner>
    <inode>9aa37648-dedf-4642-a905-089f990facec</inode>
    <identifier>286ea849-e99b-415e-bd5f-b69babae9bb6</identifier>
    <source>DB</source>
    <title>Pikachu.jpeg</title>
    <friendlyName>Pikachu.jpeg</friendlyName>
    <modDate class="sql-timestamp">2020-07-10 20:16:19.975</modDate>
    <modUser>dotcms.org.1</modUser>
    <sortOrder>0</sortOrder>
    <showOnMenu>false</showOnMenu>
    <fAPI class="com.dotmarketing.portlets.structure.business.FieldAPIImpl" reference="../../com.dotmarketing.portlets.contentlet.business.Contentlet/fAPI"/>
    <structureInode>33888b6f-7a8e-4069-b1b6-5c1aa9d0a48d</structureInode>
    <languageId>1</languageId>
    <text2>Pikachu.jpeg</text2>
    <text3>pikachu.jpeg</text3>
    <text5>pikachu</text5>
    <text__area1>{&quot;content&quot;:&quot;&quot;,&quot;contentType&quot;:&quot;image/jpeg&quot;,&quot;fileSize&quot;:6471,&quot;height&quot;:&quot;225&quot;,&quot;length&quot;:6471,&quot;width&quot;:&quot;225&quot;}</text__area1>
    <integer1>0</integer1>
    <integer2>0</integer2>
    <integer3>0</integer3>
    <integer4>0</integer4>
    <integer5>0</integer5>
    <integer6>0</integer6>
    <integer7>0</integer7>
    <integer8>0</integer8>
    <integer9>0</integer9>
    <integer10>0</integer10>
    <integer11>0</integer11>
    <integer12>0</integer12>
    <integer13>0</integer13>
    <integer14>0</integer14>
    <integer15>0</integer15>
    <integer16>0</integer16>
    <integer17>0</integer17>
    <integer18>0</integer18>
    <integer19>0</integer19>
    <integer20>0</integer20>
    <integer21>0</integer21>
    <integer22>0</integer22>
    <integer23>0</integer23>
    <integer24>0</integer24>
    <integer25>0</integer25>
    <float1>0.0</float1>
    <float2>0.0</float2>
    <float3>0.0</float3>
    <float4>0.0</float4>
    <float5>0.0</float5>
    <float6>0.0</float6>
    <float7>0.0</float7>
    <float8>0.0</float8>
    <float9>0.0</float9>
    <float10>0.0</float10>
    <float11>0.0</float11>
    <float12>0.0</float12>
    <float13>0.0</float13>
    <float14>0.0</float14>
    <float15>0.0</float15>
    <float16>0.0</float16>
    <float17>0.0</float17>
    <float18>0.0</float18>
    <float19>0.0</float19>
    <float20>0.0</float20>
    <float21>0.0</float21>
    <float22>0.0</float22>
    <float23>0.0</float23>
    <float24>0.0</float24>
    <float25>0.0</float25>
    <bool1>false</bool1>
    <bool2>false</bool2>
    <bool3>false</bool3>
    <bool4>false</bool4>
    <bool5>false</bool5>
    <bool6>false</bool6>
    <bool7>false</bool7>
    <bool8>false</bool8>
    <bool9>false</bool9>
    <bool10>false</bool10>
    <bool11>false</bool11>
    <bool12>false</bool12>
    <bool13>false</bool13>
    <bool14>false</bool14>
    <bool15>false</bool15>
    <bool16>false</bool16>
    <bool17>false</bool17>
    <bool18>false</bool18>
    <bool19>false</bool19>
    <bool20>false</bool20>
    <bool21>false</bool21>
    <bool22>false</bool22>
    <bool23>false</bool23>
    <bool24>false</bool24>
    <bool25>false</bool25>
  </com.dotmarketing.portlets.contentlet.business.Contentlet>
  <com.dotmarketing.portlets.contentlet.business.Contentlet>
    <iDate class="sql-timestamp">2020-07-10 20:16:01.691</iDate>
    <type>contentlet</type>
    <owner>dotcms.org.1</owner>
    <inode>b5884069-492d-4df5-8015-842bcab424c0</inode>
    <identifier>b3eee8aa-f664-46a8-992a-f29915396fe4</identifier>
    <source>DB</source>
    <title>Charmander.jpeg</title>
    <friendlyName>Charmander.jpeg</friendlyName>
    <modDate class="sql-timestamp">2020-07-10 20:16:01.691</modDate>
    <modUser>dotcms.org.1</modUser>
    <sortOrder>0</sortOrder>
    <showOnMenu>false</showOnMenu>
    <fAPI class="com.dotmarketing.portlets.structure.business.FieldAPIImpl" reference="../../com.dotmarketing.portlets.contentlet.business.Contentlet/fAPI"/>
    <structureInode>33888b6f-7a8e-4069-b1b6-5c1aa9d0a48d</structureInode>
    <languageId>1</languageId>
    <text2>Charmander.jpeg</text2>
    <text3>charmander.jpeg</text3>
    <text5>charmander</text5>
    <text__area1>{&quot;content&quot;:&quot;&quot;,&quot;contentType&quot;:&quot;image/jpeg&quot;,&quot;fileSize&quot;:7141,&quot;height&quot;:&quot;225&quot;,&quot;length&quot;:7141,&quot;width&quot;:&quot;225&quot;}</text__area1>
    <integer1>0</integer1>
    <integer2>0</integer2>
    <integer3>0</integer3>
    <integer4>0</integer4>
    <integer5>0</integer5>
    <integer6>0</integer6>
    <integer7>0</integer7>
    <integer8>0</integer8>
    <integer9>0</integer9>
    <integer10>0</integer10>
    <integer11>0</integer11>
    <integer12>0</integer12>
    <integer13>0</integer13>
    <integer14>0</integer14>
    <integer15>0</integer15>
    <integer16>0</integer16>
    <integer17>0</integer17>
    <integer18>0</integer18>
    <integer19>0</integer19>
    <integer20>0</integer20>
    <integer21>0</integer21>
    <integer22>0</integer22>
    <integer23>0</integer23>
    <integer24>0</integer24>
    <integer25>0</integer25>
    <float1>0.0</float1>
    <float2>0.0</float2>
    <float3>0.0</float3>
    <float4>0.0</float4>
    <float5>0.0</float5>
    <float6>0.0</float6>
    <float7>0.0</float7>
    <float8>0.0</float8>
    <float9>0.0</float9>
    <float10>0.0</float10>
    <float11>0.0</float11>
    <float12>0.0</float12>
    <float13>0.0</float13>
    <float14>0.0</float14>
    <float15>0.0</float15>
    <float16>0.0</float16>
    <float17>0.0</float17>
    <float18>0.0</float18>
    <float19>0.0</float19>
    <float20>0.0</float20>
    <float21>0.0</float21>
    <float22>0.0</float22>
    <float23>0.0</float23>
    <float24>0.0</float24>
    <float25>0.0</float25>
    <bool1>false</bool1>
    <bool2>false</bool2>
    <bool3>false</bool3>
    <bool4>false</bool4>
    <bool5>false</bool5>
    <bool6>false</bool6>
    <bool7>false</bool7>
    <bool8>false</bool8>
    <bool9>false</bool9>
    <bool10>false</bool10>
    <bool11>false</bool11>
    <bool12>false</bool12>
    <bool13>false</bool13>
    <bool14>false</bool14>
    <bool15>false</bool15>
    <bool16>false</bool16>
    <bool17>false</bool17>
    <bool18>false</bool18>
    <bool19>false</bool19>
    <bool20>false</bool20>
    <bool21>false</bool21>
    <bool22>false</bool22>
    <bool23>false</bool23>
    <bool24>false</bool24>
    <bool25>false</bool25>
  </com.dotmarketing.portlets.contentlet.business.Contentlet>
  <com.dotmarketing.portlets.contentlet.business.Contentlet>
    <iDate class="sql-timestamp">2020-07-10 20:16:01.393</iDate>
    <type>contentlet</type>
    <owner>dotcms.org.1</owner>
    <inode>f6981425-695f-4a77-8770-9ac7d85e64c5</inode>
    <identifier>37996e78-c97e-4b94-aeaa-806d821f6293</identifier>
    <source>DB</source>
    <title>Bulbasaur.jpeg</title>
    <friendlyName>Bulbasaur.jpeg</friendlyName>
    <modDate class="sql-timestamp">2020-07-10 20:16:01.392</modDate>
    <modUser>dotcms.org.1</modUser>
    <sortOrder>0</sortOrder>
    <showOnMenu>false</showOnMenu>
    <fAPI class="com.dotmarketing.portlets.structure.business.FieldAPIImpl" reference="../../com.dotmarketing.portlets.contentlet.business.Contentlet/fAPI"/>
    <structureInode>33888b6f-7a8e-4069-b1b6-5c1aa9d0a48d</structureInode>
    <languageId>1</languageId>
    <text2>Bulbasaur.jpeg</text2>
    <text3>bulbasaur.jpeg</text3>
    <text5>bulbasaur</text5>
    <text__area1>{&quot;content&quot;:&quot;&quot;,&quot;contentType&quot;:&quot;image/jpeg&quot;,&quot;fileSize&quot;:8701,&quot;height&quot;:&quot;232&quot;,&quot;length&quot;:8701,&quot;width&quot;:&quot;217&quot;}</text__area1>
    <integer1>0</integer1>
    <integer2>0</integer2>
    <integer3>0</integer3>
    <integer4>0</integer4>
    <integer5>0</integer5>
    <integer6>0</integer6>
    <integer7>0</integer7>
    <integer8>0</integer8>
    <integer9>0</integer9>
    <integer10>0</integer10>
    <integer11>0</integer11>
    <integer12>0</integer12>
    <integer13>0</integer13>
    <integer14>0</integer14>
    <integer15>0</integer15>
    <integer16>0</integer16>
    <integer17>0</integer17>
    <integer18>0</integer18>
    <integer19>0</integer19>
    <integer20>0</integer20>
    <integer21>0</integer21>
    <integer22>0</integer22>
    <integer23>0</integer23>
    <integer24>0</integer24>
    <integer25>0</integer25>
    <float1>0.0</float1>
    <float2>0.0</float2>
    <float3>0.0</float3>
    <float4>0.0</float4>
    <float5>0.0</float5>
    <float6>0.0</float6>
    <float7>0.0</float7>
    <float8>0.0</float8>
    <float9>0.0</float9>
    <float10>0.0</float10>
    <float11>0.0</float11>
    <float12>0.0</float12>
    <float13>0.0</float13>
    <float14>0.0</float14>
    <float15>0.0</float15>
    <float16>0.0</float16>
    <float17>0.0</float17>
    <float18>0.0</float18>
    <float19>0.0</float19>
    <float20>0.0</float20>
    <float21>0.0</float21>
    <float22>0.0</float22>
    <float23>0.0</float23>
    <float24>0.0</float24>
    <float25>0.0</float25>
    <bool1>false</bool1>
    <bool2>false</bool2>
    <bool3>false</bool3>
    <bool4>false</bool4>
    <bool5>false</bool5>
    <bool6>false</bool6>
    <bool7>false</bool7>
    <bool8>false</bool8>
    <bool9>false</bool9>
    <bool10>false</bool10>
    <bool11>false</bool11>
    <bool12>false</bool12>
    <bool13>false</bool13>
    <bool14>false</bool14>
    <bool15>false</bool15>
    <bool16>false</bool16>
    <bool17>false</bool17>
    <bool18>false</bool18>
    <bool19>false</bool19>
    <bool20>false</bool20>
    <bool21>false</bool21>
    <bool22>false</bool22>
    <bool23>false</bool23>
    <bool24>false</bool24>
    <bool25>false</bool25>
  </com.dotmarketing.portlets.contentlet.business.Contentlet>
</list>