<list>
  <com.dotmarketing.beans.Identifier>
    <id>0fc6e972-b808-4790-aa70-1c474e3e33b5</id>
    <assetName>content.860af880-88ca-4718-ae8a-b3783996ffe9</assetName>
    <assetType>contentlet</assetType>
    <parentPath>/</parentPath>
    <hostId>8a7d5e23-da1e-420a-b4f0-471e7da8ea2d</hostId>
  </com.dotmarketing.beans.Identifier>
  <com.dotmarketing.beans.Identifier>
    <id>1b927236-4857-4763-8ef8-ab36e437fbec</id>
    <assetName>content.e631badb-0867-4471-ab39-26e1f16c6ed1</assetName>
    <assetType>contentlet</assetType>
    <parentPath>/</parentPath>
    <hostId>b91f2b4b-ac64-429e-8a58-5c3f8484a600</hostId>
  </com.dotmarketing.beans.Identifier>
  <com.dotmarketing.beans.Identifier>
    <id>35891a5a-d1fc-4ccd-9f49-8cb3b4219ebf</id>
    <assetName>content.3bbe6f7f-91b6-419c-9e6a-258f95f5272c</assetName>
    <assetType>contentlet</assetType>
    <parentPath>/</parentPath>
    <hostId>8a7d5e23-da1e-420a-b4f0-471e7da8ea2d</hostId>
  </com.dotmarketing.beans.Identifier>
  <com.dotmarketing.beans.Identifier>
    <id>4bae2fbe-7ab3-4b44-a196-1bd444b42eda</id>
    <assetName>content.936162bd-d3b1-4b13-ac76-1dcdf4ecef55</assetName>
    <assetType>contentlet</assetType>
    <parentPath>/</parentPath>
    <hostId>SYSTEM_HOST</hostId>
  </com.dotmarketing.beans.Identifier>
  <com.dotmarketing.beans.Identifier>
    <id>7b1abffa-cf87-403f-8348-fd3e652efe2b</id>
    <assetName>content.58d838be-400b-4184-9c22-bc253f515a86</assetName>
    <assetType>contentlet</assetType>
    <parentPath>/</parentPath>
    <hostId>8a7d5e23-da1e-420a-b4f0-471e7da8ea2d</hostId>
  </com.dotmarketing.beans.Identifier>
  <com.dotmarketing.beans.Identifier>
    <id>839092c6-d26a-46d3-a641-57bfc5237c64</id>
    <assetName>content.b4b620fc-f8eb-42b9-bd67-cc75d83017f7</assetName>
    <assetType>contentlet</assetType>
    <parentPath>/</parentPath>
    <hostId>8a7d5e23-da1e-420a-b4f0-471e7da8ea2d</hostId>
  </com.dotmarketing.beans.Identifier>
  <com.dotmarketing.beans.Identifier>
    <id>8a7d5e23-da1e-420a-b4f0-471e7da8ea2d</id>
    <assetName>content.ff462f88-d9e1-4d31-b084-b73cb61976d3</assetName>
    <assetType>contentlet</assetType>
    <parentPath>/</parentPath>
    <hostId>SYSTEM_HOST</hostId>
  </com.dotmarketing.beans.Identifier>
  <com.dotmarketing.beans.Identifier>
    <id>8be1cb1e-9fd5-42ed-956e-016aa7a4b421</id>
    <assetName>content.28acb739-f01c-4310-a4e2-c15d3e9939f9</assetName>
    <assetType>contentlet</assetType>
    <parentPath>/</parentPath>
    <hostId>b91f2b4b-ac64-429e-8a58-5c3f8484a600</hostId>
  </com.dotmarketing.beans.Identifier>
  <com.dotmarketing.beans.Identifier>
    <id>90ec36f6-2aa2-4288-bfb1-bab0e152eadb</id>
    <assetName>content.e6c32a8f-8dd9-44ad-ba96-2c82b7aebb1d</assetName>
    <assetType>contentlet</assetType>
    <parentPath>/</parentPath>
    <hostId>8a7d5e23-da1e-420a-b4f0-471e7da8ea2d</hostId>
  </com.dotmarketing.beans.Identifier>
  <com.dotmarketing.beans.Identifier>
    <id>SYSTEM_HOST</id>
    <assetName>system host</assetName>
    <assetType>contentlet</assetType>
    <parentPath>/</parentPath>
    <hostId>SYSTEM_HOST</hostId>
  </com.dotmarketing.beans.Identifier>
  <com.dotmarketing.beans.Identifier>
    <id>b91f2b4b-ac64-429e-8a58-5c3f8484a600</id>
    <assetName>content.919ec2be-4eb4-4a25-8156-4c086af4ae03</assetName>
    <assetType>contentlet</assetType>
    <parentPath>/</parentPath>
    <hostId>SYSTEM_HOST</hostId>
  </com.dotmarketing.beans.Identifier>
  <com.dotmarketing.beans.Identifier>
    <id>d4857d80-075e-4a9a-856f-b54965fefa07</id>
    <assetName>folder1</assetName>
    <assetType>folder</assetType>
    <parentPath>/</parentPath>
    <hostId>8a7d5e23-da1e-420a-b4f0-471e7da8ea2d</hostId>
  </com.dotmarketing.beans.Identifier>
  <com.dotmarketing.beans.Identifier>
    <id>bc9a1d37-dd2d-4d49-a29d-0c9be740bfaf</id>
    <assetName>system folder</assetName>
    <assetType>folder</assetType>
    <parentPath>/System folder</parentPath>
    <hostId>SYSTEM_HOST</hostId>
  </com.dotmarketing.beans.Identifier>
  <com.dotmarketing.beans.Identifier>
    <id>37996e78-c97e-4b94-aeaa-806d821f6293</id>
    <assetName>bulbasaur.jpeg</assetName>
    <assetType>contentlet</assetType>
    <parentPath>/folder1/</parentPath>
    <hostId>8a7d5e23-da1e-420a-b4f0-471e7da8ea2d</hostId>
  </com.dotmarketing.beans.Identifier>
  <com.dotmarketing.beans.Identifier>
    <id>5231981a-9f47-4bc0-8588-c05d6f281be7</id>
    <assetName>folder2</assetName>
    <assetType>folder</assetType>
    <parentPath>/folder1/</parentPath>
    <hostId>8a7d5e23-da1e-420a-b4f0-471e7da8ea2d</hostId>
  </com.dotmarketing.beans.Identifier>
  <com.dotmarketing.beans.Identifier>
    <id>b3eee8aa-f664-46a8-992a-f29915396fe4</id>
    <assetName>charmander.jpeg</assetName>
    <assetType>contentlet</assetType>
    <parentPath>/folder1/</parentPath>
    <hostId>8a7d5e23-da1e-420a-b4f0-471e7da8ea2d</hostId>
  </com.dotmarketing.beans.Identifier>
  <com.dotmarketing.beans.Identifier>
    <id>0bd874cd-32e6-4d0a-9b33-fbfa4c170d8b</id>
    <assetName>squirtle.jpeg</assetName>
    <assetType>contentlet</assetType>
    <parentPath>/folder1/folder2/</parentPath>
    <hostId>8a7d5e23-da1e-420a-b4f0-471e7da8ea2d</hostId>
  </com.dotmarketing.beans.Identifier>
  <com.dotmarketing.beans.Identifier>
    <id>286ea849-e99b-415e-bd5f-b69babae9bb6</id>
    <assetName>pikachu.jpeg</assetName>
    <assetType>contentlet</assetType>
    <parentPath>/folder1/folder2/</parentPath>
    <hostId>8a7d5e23-da1e-420a-b4f0-471e7da8ea2d</hostId>
  </com.dotmarketing.beans.Identifier>
</list>