<list>
  <com.dotmarketing.plugin.model.Plugin>
    <id>com.dotcms.category.fix</id>
    <pluginName>dotCMS import starter fix plugin</pluginName>
    <pluginVersion>1.0</pluginVersion>
    <author>dotCMS</author>
    <firstDeployedDate class="sql-timestamp">2024-01-29 18:47:34.277</firstDeployedDate>
    <lastDeployedDate class="sql-timestamp">2024-01-29 18:47:34.277</lastDeployedDate>
  </com.dotmarketing.plugin.model.Plugin>
  <com.dotmarketing.plugin.model.Plugin>
    <id>com.dotcms.config</id>
    <pluginName>dotCMS Config</pluginName>
    <pluginVersion>1.0</pluginVersion>
    <author>dotCMS</author>
    <firstDeployedDate class="sql-timestamp">2024-01-29 18:47:34.298</firstDeployedDate>
    <lastDeployedDate class="sql-timestamp">2024-01-29 18:47:34.298</lastDeployedDate>
  </com.dotmarketing.plugin.model.Plugin>
  <com.dotmarketing.plugin.model.Plugin>
    <id>com.motiv.cacheBuster</id>
    <pluginName>dotCMS Config</pluginName>
    <pluginVersion>1.0</pluginVersion>
    <author>dotCMS</author>
    <firstDeployedDate class="sql-timestamp">2024-01-29 18:47:34.307</firstDeployedDate>
    <lastDeployedDate class="sql-timestamp">2024-01-29 18:47:34.307</lastDeployedDate>
  </com.dotmarketing.plugin.model.Plugin>
  <com.dotmarketing.plugin.model.Plugin>
    <id>hotfix-GIT-18912_v5.3.3</id>
    <pluginName>hotfix-GIT-18912_v5.3.3</pluginName>
    <pluginVersion>1.0</pluginVersion>
    <author>dotCMS</author>
    <firstDeployedDate class="sql-timestamp">2024-01-29 18:47:34.313</firstDeployedDate>
    <lastDeployedDate class="sql-timestamp">2024-01-29 18:47:34.313</lastDeployedDate>
  </com.dotmarketing.plugin.model.Plugin>
  <com.dotmarketing.plugin.model.Plugin>
    <id>hotfix-GIT-19245_v5.3.4.1</id>
    <pluginName>hotfix-GIT-19245_v5.3.4.1</pluginName>
    <pluginVersion>1.0</pluginVersion>
    <author>dotCMS</author>
    <firstDeployedDate class="sql-timestamp">2024-01-29 18:47:34.329</firstDeployedDate>
    <lastDeployedDate class="sql-timestamp">2024-01-29 18:47:34.329</lastDeployedDate>
  </com.dotmarketing.plugin.model.Plugin>
</list>