<list>
  <com.dotmarketing.portlets.contentlet.model.ContentletVersionInfo>
    <identifier>3941b288-61d4-420a-a241-8099c11451e0</identifier>
    <liveInode>0db9e903-55f6-4181-a466-1ecf55425c4f</liveInode>
    <workingInode>0db9e903-55f6-4181-a466-1ecf55425c4f</workingInode>
    <lockedOn class="sql-timestamp">2023-10-20 17:13:18.106</lockedOn>
    <deleted>false</deleted>
    <versionTs class="sql-timestamp">2023-10-20 17:13:18.116</versionTs>
    <lang>1</lang>
  </com.dotmarketing.portlets.contentlet.model.ContentletVersionInfo>
  <com.dotmarketing.portlets.contentlet.model.ContentletVersionInfo>
    <identifier>51b34e2f-3a4e-3baf-a241-ebe7b11c7a86</identifier>
    <liveInode>d30775fc-8b2f-3232-9a59-3a2e28c3ba66</liveInode>
    <workingInode>d30775fc-8b2f-3232-9a59-3a2e28c3ba66</workingInode>
    <deleted>false</deleted>
    <versionTs class="sql-timestamp">2024-01-29 19:23:56.562588</versionTs>
    <lang>1</lang>
  </com.dotmarketing.portlets.contentlet.model.ContentletVersionInfo>
  <com.dotmarketing.portlets.contentlet.model.ContentletVersionInfo>
    <identifier>5f6869c5-615d-3cb1-9763-5cb7e61efcb2</identifier>
    <liveInode>543a43d3-a5be-33d8-a350-ea037bc5acd7</liveInode>
    <workingInode>543a43d3-a5be-33d8-a350-ea037bc5acd7</workingInode>
    <deleted>false</deleted>
    <versionTs class="sql-timestamp">2024-01-29 19:23:56.54348</versionTs>
    <lang>1</lang>
  </com.dotmarketing.portlets.contentlet.model.ContentletVersionInfo>
  <com.dotmarketing.portlets.contentlet.model.ContentletVersionInfo>
    <identifier>72f99d91-13ea-3a05-ad70-5a5899d5593f</identifier>
    <liveInode>9d5bab02-82c7-3778-bebc-6a970961c0f5</liveInode>
    <workingInode>9d5bab02-82c7-3778-bebc-6a970961c0f5</workingInode>
    <deleted>false</deleted>
    <versionTs class="sql-timestamp">2024-01-29 19:23:56.585725</versionTs>
    <lang>1</lang>
  </com.dotmarketing.portlets.contentlet.model.ContentletVersionInfo>
  <com.dotmarketing.portlets.contentlet.model.ContentletVersionInfo>
    <identifier>8a7d5e23-da1e-420a-b4f0-471e7da8ea2d</identifier>
    <liveInode>1b407535-67e3-4f21-ad00-8ef5ef492d64</liveInode>
    <workingInode>1b407535-67e3-4f21-ad00-8ef5ef492d64</workingInode>
    <deleted>false</deleted>
    <versionTs class="sql-timestamp">2023-10-20 17:14:37.282611</versionTs>
    <lang>1</lang>
  </com.dotmarketing.portlets.contentlet.model.ContentletVersionInfo>
  <com.dotmarketing.portlets.contentlet.model.ContentletVersionInfo>
    <identifier>924a64ce-bd76-3723-8267-d259eee3f728</identifier>
    <liveInode>40c98665-2a40-3a30-9697-5512c80714d9</liveInode>
    <workingInode>40c98665-2a40-3a30-9697-5512c80714d9</workingInode>
    <deleted>false</deleted>
    <versionTs class="sql-timestamp">2024-01-29 19:26:46.07891</versionTs>
    <lang>1</lang>
  </com.dotmarketing.portlets.contentlet.model.ContentletVersionInfo>
  <com.dotmarketing.portlets.contentlet.model.ContentletVersionInfo>
    <identifier>a65aa9f5-b63c-3a26-87f2-5f9a3ced9ba4</identifier>
    <liveInode>cc92b699-b233-3c88-b913-17e51bf63192</liveInode>
    <workingInode>cc92b699-b233-3c88-b913-17e51bf63192</workingInode>
    <deleted>false</deleted>
    <versionTs class="sql-timestamp">2024-01-29 19:23:56.550226</versionTs>
    <lang>1</lang>
  </com.dotmarketing.portlets.contentlet.model.ContentletVersionInfo>
  <com.dotmarketing.portlets.contentlet.model.ContentletVersionInfo>
    <identifier>c91e13e0-6cb8-3549-ae03-0b6e9de16597</identifier>
    <liveInode>a9e14c9b-f29b-326f-908d-1ed3982050ee</liveInode>
    <workingInode>a9e14c9b-f29b-326f-908d-1ed3982050ee</workingInode>
    <deleted>false</deleted>
    <versionTs class="sql-timestamp">2024-01-29 19:23:56.568778</versionTs>
    <lang>1</lang>
  </com.dotmarketing.portlets.contentlet.model.ContentletVersionInfo>
  <com.dotmarketing.portlets.contentlet.model.ContentletVersionInfo>
    <identifier>d6a2da04-8fdd-38c4-a5ab-efddaca58a3c</identifier>
    <liveInode>df8a50df-d607-3eb5-8013-99ce0acf55e2</liveInode>
    <workingInode>df8a50df-d607-3eb5-8013-99ce0acf55e2</workingInode>
    <deleted>false</deleted>
    <versionTs class="sql-timestamp">2024-01-29 19:23:56.543169</versionTs>
    <lang>1</lang>
  </com.dotmarketing.portlets.contentlet.model.ContentletVersionInfo>
  <com.dotmarketing.portlets.contentlet.model.ContentletVersionInfo>
    <identifier>SYSTEM_HOST</identifier>
    <liveInode>dbdec5e2-c02b-4cfb-83a9-4a4c4f3b2eb0</liveInode>
    <workingInode>dbdec5e2-c02b-4cfb-83a9-4a4c4f3b2eb0</workingInode>
    <lockedOn class="sql-timestamp">2012-06-07 09:46:26.0</lockedOn>
    <deleted>false</deleted>
    <versionTs class="sql-timestamp">2020-04-20 20:23:51.289</versionTs>
    <lang>1</lang>
  </com.dotmarketing.portlets.contentlet.model.ContentletVersionInfo>
</list>