<list>
  <com.dotmarketing.portlets.workflows.model.WorkflowTask>
    <id>82d0c88d-3a33-4afa-886e-97adbd82eb31</id>
    <creationDate class="sql-timestamp">2021-05-27 13:04:47.43</creationDate>
    <modDate class="sql-timestamp">2021-05-27 13:04:47.43</modDate>
    <createdBy>e7d4e34e-5127-45fc-8123-d48b62d510e3</createdBy>
    <assignedTo>e7d4e34e-5127-45fc-8123-d48b62d510e3</assignedTo>
    <title>Single content</title>
    <description></description>
    <status>dc3c9cd0-8467-404b-bf95-cb7df3fbc293</status>
    <webasset>6cb6fe68-a044-4616-9f22-564356afafec</webasset>
    <languageId>1</languageId>
  </com.dotmarketing.portlets.workflows.model.WorkflowTask>
</list>