<list>
  <com.dotmarketing.portlets.contentlet.business.Contentlet>
    <iDate class="sql-timestamp">2020-04-20 20:28:30.816</iDate>
    <type>contentlet</type>
    <owner>dotcms.org.1</owner>
    <inode>1b407535-67e3-4f21-ad00-8ef5ef492d64</inode>
    <identifier>8a7d5e23-da1e-420a-b4f0-471e7da8ea2d</identifier>
    <source>DB</source>
    <title>default</title>
    <friendlyName>default</friendlyName>
    <modDate class="sql-timestamp">2020-04-20 20:28:30.812</modDate>
    <modUser>dotcms.org.1</modUser>
    <sortOrder>0</sortOrder>
    <showOnMenu>false</showOnMenu>
    <fAPI class="com.dotmarketing.portlets.structure.business.FieldAPIImpl"/>
    <structureInode>855a2d72-f2f3-4169-8b04-ac5157c4380c</structureInode>
    <languageId>1</languageId>
    <lastReview class="sql-timestamp">2017-12-05 18:37:02.0</lastReview>
    <text1>default</text1>
    <text4>8a7d5e23-da1e-420a-b4f0-471e7da8ea2d</text4>
    <integer1>0</integer1>
    <integer2>0</integer2>
    <integer3>0</integer3>
    <integer4>0</integer4>
    <integer5>0</integer5>
    <integer6>0</integer6>
    <integer7>0</integer7>
    <integer8>0</integer8>
    <integer9>0</integer9>
    <integer10>0</integer10>
    <integer11>0</integer11>
    <integer12>0</integer12>
    <integer13>0</integer13>
    <integer14>0</integer14>
    <integer15>0</integer15>
    <integer16>0</integer16>
    <integer17>0</integer17>
    <integer18>0</integer18>
    <integer19>0</integer19>
    <integer20>0</integer20>
    <integer21>0</integer21>
    <integer22>0</integer22>
    <integer23>0</integer23>
    <integer24>0</integer24>
    <integer25>0</integer25>
    <float1>0.0</float1>
    <float2>0.0</float2>
    <float3>0.0</float3>
    <float4>0.0</float4>
    <float5>0.0</float5>
    <float6>0.0</float6>
    <float7>0.0</float7>
    <float8>0.0</float8>
    <float9>0.0</float9>
    <float10>0.0</float10>
    <float11>0.0</float11>
    <float12>0.0</float12>
    <float13>0.0</float13>
    <float14>0.0</float14>
    <float15>0.0</float15>
    <float16>0.0</float16>
    <float17>0.0</float17>
    <float18>0.0</float18>
    <float19>0.0</float19>
    <float20>0.0</float20>
    <float21>0.0</float21>
    <float22>0.0</float22>
    <float23>0.0</float23>
    <float24>0.0</float24>
    <float25>0.0</float25>
    <bool1>true</bool1>
    <bool2>false</bool2>
    <bool3>false</bool3>
    <bool4>false</bool4>
    <bool5>false</bool5>
    <bool6>false</bool6>
    <bool7>false</bool7>
    <bool8>false</bool8>
    <bool9>false</bool9>
    <bool10>false</bool10>
    <bool11>false</bool11>
    <bool12>false</bool12>
    <bool13>false</bool13>
    <bool14>false</bool14>
    <bool15>false</bool15>
    <bool16>false</bool16>
    <bool17>false</bool17>
    <bool18>false</bool18>
    <bool19>false</bool19>
    <bool20>false</bool20>
    <bool21>false</bool21>
    <bool22>false</bool22>
    <bool23>false</bool23>
    <bool24>false</bool24>
    <bool25>false</bool25>
  </com.dotmarketing.portlets.contentlet.business.Contentlet>
  <com.dotmarketing.portlets.contentlet.business.Contentlet>
    <iDate class="sql-timestamp">2020-04-20 20:23:51.096</iDate>
    <type>contentlet</type>
    <owner>dotcms.org.1</owner>
    <inode>3fbda471-5081-4886-999c-f014456e15b4</inode>
    <identifier>8a7d5e23-da1e-420a-b4f0-471e7da8ea2d</identifier>
    <source>DB</source>
    <title>default</title>
    <friendlyName>default</friendlyName>
    <modDate class="sql-timestamp">2020-04-20 20:23:51.095</modDate>
    <modUser>system</modUser>
    <sortOrder>0</sortOrder>
    <showOnMenu>false</showOnMenu>
    <fAPI class="com.dotmarketing.portlets.structure.business.FieldAPIImpl" reference="../../com.dotmarketing.portlets.contentlet.business.Contentlet/fAPI"/>
    <structureInode>855a2d72-f2f3-4169-8b04-ac5157c4380c</structureInode>
    <languageId>1</languageId>
    <lastReview class="sql-timestamp">2017-12-05 18:37:02.0</lastReview>
    <text1>default</text1>
    <text4>8a7d5e23-da1e-420a-b4f0-471e7da8ea2d</text4>
    <integer1>0</integer1>
    <integer2>0</integer2>
    <integer3>0</integer3>
    <integer4>0</integer4>
    <integer5>0</integer5>
    <integer6>0</integer6>
    <integer7>0</integer7>
    <integer8>0</integer8>
    <integer9>0</integer9>
    <integer10>0</integer10>
    <integer11>0</integer11>
    <integer12>0</integer12>
    <integer13>0</integer13>
    <integer14>0</integer14>
    <integer15>0</integer15>
    <integer16>0</integer16>
    <integer17>0</integer17>
    <integer18>0</integer18>
    <integer19>0</integer19>
    <integer20>0</integer20>
    <integer21>0</integer21>
    <integer22>0</integer22>
    <integer23>0</integer23>
    <integer24>0</integer24>
    <integer25>0</integer25>
    <float1>0.0</float1>
    <float2>0.0</float2>
    <float3>0.0</float3>
    <float4>0.0</float4>
    <float5>0.0</float5>
    <float6>0.0</float6>
    <float7>0.0</float7>
    <float8>0.0</float8>
    <float9>0.0</float9>
    <float10>0.0</float10>
    <float11>0.0</float11>
    <float12>0.0</float12>
    <float13>0.0</float13>
    <float14>0.0</float14>
    <float15>0.0</float15>
    <float16>0.0</float16>
    <float17>0.0</float17>
    <float18>0.0</float18>
    <float19>0.0</float19>
    <float20>0.0</float20>
    <float21>0.0</float21>
    <float22>0.0</float22>
    <float23>0.0</float23>
    <float24>0.0</float24>
    <float25>0.0</float25>
    <bool1>false</bool1>
    <bool2>false</bool2>
    <bool3>false</bool3>
    <bool4>false</bool4>
    <bool5>false</bool5>
    <bool6>false</bool6>
    <bool7>false</bool7>
    <bool8>false</bool8>
    <bool9>false</bool9>
    <bool10>false</bool10>
    <bool11>false</bool11>
    <bool12>false</bool12>
    <bool13>false</bool13>
    <bool14>false</bool14>
    <bool15>false</bool15>
    <bool16>false</bool16>
    <bool17>false</bool17>
    <bool18>false</bool18>
    <bool19>false</bool19>
    <bool20>false</bool20>
    <bool21>false</bool21>
    <bool22>false</bool22>
    <bool23>false</bool23>
    <bool24>false</bool24>
    <bool25>false</bool25>
  </com.dotmarketing.portlets.contentlet.business.Contentlet>
  <com.dotmarketing.portlets.contentlet.business.Contentlet>
    <iDate class="sql-timestamp">2017-12-05 18:37:15.0</iDate>
    <type>contentlet</type>
    <owner>dotcms.org.1</owner>
    <inode>9b477a15-5ea4-4727-8b2b-034a862d87e4</inode>
    <identifier>8a7d5e23-da1e-420a-b4f0-471e7da8ea2d</identifier>
    <source>DB</source>
    <title>default</title>
    <friendlyName>default</friendlyName>
    <modDate class="sql-timestamp">2017-12-05 18:37:15.0</modDate>
    <modUser>dotcms.org.1</modUser>
    <sortOrder>0</sortOrder>
    <showOnMenu>false</showOnMenu>
    <fAPI class="com.dotmarketing.portlets.structure.business.FieldAPIImpl" reference="../../com.dotmarketing.portlets.contentlet.business.Contentlet/fAPI"/>
    <structureInode>855a2d72-f2f3-4169-8b04-ac5157c4380c</structureInode>
    <languageId>1</languageId>
    <lastReview class="sql-timestamp">2017-12-05 18:37:02.0</lastReview>
    <text1>default</text1>
    <text4>8a7d5e23-da1e-420a-b4f0-471e7da8ea2d</text4>
    <integer1>0</integer1>
    <integer2>0</integer2>
    <integer3>0</integer3>
    <integer4>0</integer4>
    <integer5>0</integer5>
    <integer6>0</integer6>
    <integer7>0</integer7>
    <integer8>0</integer8>
    <integer9>0</integer9>
    <integer10>0</integer10>
    <integer11>0</integer11>
    <integer12>0</integer12>
    <integer13>0</integer13>
    <integer14>0</integer14>
    <integer15>0</integer15>
    <integer16>0</integer16>
    <integer17>0</integer17>
    <integer18>0</integer18>
    <integer19>0</integer19>
    <integer20>0</integer20>
    <integer21>0</integer21>
    <integer22>0</integer22>
    <integer23>0</integer23>
    <integer24>0</integer24>
    <integer25>0</integer25>
    <float1>0.0</float1>
    <float2>0.0</float2>
    <float3>0.0</float3>
    <float4>0.0</float4>
    <float5>0.0</float5>
    <float6>0.0</float6>
    <float7>0.0</float7>
    <float8>0.0</float8>
    <float9>0.0</float9>
    <float10>0.0</float10>
    <float11>0.0</float11>
    <float12>0.0</float12>
    <float13>0.0</float13>
    <float14>0.0</float14>
    <float15>0.0</float15>
    <float16>0.0</float16>
    <float17>0.0</float17>
    <float18>0.0</float18>
    <float19>0.0</float19>
    <float20>0.0</float20>
    <float21>0.0</float21>
    <float22>0.0</float22>
    <float23>0.0</float23>
    <float24>0.0</float24>
    <float25>0.0</float25>
    <bool1>true</bool1>
    <bool2>false</bool2>
    <bool3>false</bool3>
    <bool4>false</bool4>
    <bool5>false</bool5>
    <bool6>false</bool6>
    <bool7>false</bool7>
    <bool8>false</bool8>
    <bool9>false</bool9>
    <bool10>false</bool10>
    <bool11>false</bool11>
    <bool12>false</bool12>
    <bool13>false</bool13>
    <bool14>false</bool14>
    <bool15>false</bool15>
    <bool16>false</bool16>
    <bool17>false</bool17>
    <bool18>false</bool18>
    <bool19>false</bool19>
    <bool20>false</bool20>
    <bool21>false</bool21>
    <bool22>false</bool22>
    <bool23>false</bool23>
    <bool24>false</bool24>
    <bool25>false</bool25>
  </com.dotmarketing.portlets.contentlet.business.Contentlet>
  <com.dotmarketing.portlets.contentlet.business.Contentlet>
    <iDate class="sql-timestamp">2009-11-17 12:55:33.0</iDate>
    <type>contentlet</type>
    <owner>system</owner>
    <inode>dbdec5e2-c02b-4cfb-83a9-4a4c4f3b2eb0</inode>
    <identifier>SYSTEM_HOST</identifier>
    <source>DB</source>
    <title>System Host</title>
    <friendlyName>System Host</friendlyName>
    <modDate class="sql-timestamp">2009-11-17 17:55:33.0</modDate>
    <modUser>system</modUser>
    <sortOrder>0</sortOrder>
    <showOnMenu>false</showOnMenu>
    <fAPI class="com.dotmarketing.portlets.structure.business.FieldAPIImpl" reference="../../com.dotmarketing.portlets.contentlet.business.Contentlet/fAPI"/>
    <structureInode>855a2d72-f2f3-4169-8b04-ac5157c4380c</structureInode>
    <languageId>1</languageId>
    <text1>System Host</text1>
    <text2></text2>
    <text3></text3>
    <text4></text4>
    <text7></text7>
    <text__area1></text__area1>
    <integer1>0</integer1>
    <integer2>0</integer2>
    <integer3>0</integer3>
    <integer4>0</integer4>
    <integer5>0</integer5>
    <integer6>0</integer6>
    <integer7>0</integer7>
    <integer8>0</integer8>
    <integer9>0</integer9>
    <integer10>0</integer10>
    <integer11>0</integer11>
    <integer12>0</integer12>
    <integer13>0</integer13>
    <integer14>0</integer14>
    <integer15>0</integer15>
    <integer16>0</integer16>
    <integer17>0</integer17>
    <integer18>0</integer18>
    <integer19>0</integer19>
    <integer20>0</integer20>
    <integer21>0</integer21>
    <integer22>0</integer22>
    <integer23>0</integer23>
    <integer24>0</integer24>
    <integer25>0</integer25>
    <float1>0.0</float1>
    <float2>0.0</float2>
    <float3>0.0</float3>
    <float4>0.0</float4>
    <float5>0.0</float5>
    <float6>0.0</float6>
    <float7>0.0</float7>
    <float8>0.0</float8>
    <float9>0.0</float9>
    <float10>0.0</float10>
    <float11>0.0</float11>
    <float12>0.0</float12>
    <float13>0.0</float13>
    <float14>0.0</float14>
    <float15>0.0</float15>
    <float16>0.0</float16>
    <float17>0.0</float17>
    <float18>0.0</float18>
    <float19>0.0</float19>
    <float20>0.0</float20>
    <float21>0.0</float21>
    <float22>0.0</float22>
    <float23>0.0</float23>
    <float24>0.0</float24>
    <float25>0.0</float25>
    <bool1>false</bool1>
    <bool2>true</bool2>
    <bool3>false</bool3>
    <bool4>false</bool4>
    <bool5>false</bool5>
    <bool6>false</bool6>
    <bool7>false</bool7>
    <bool8>false</bool8>
    <bool9>false</bool9>
    <bool10>false</bool10>
    <bool11>false</bool11>
    <bool12>false</bool12>
    <bool13>false</bool13>
    <bool14>false</bool14>
    <bool15>false</bool15>
    <bool16>false</bool16>
    <bool17>false</bool17>
    <bool18>false</bool18>
    <bool19>false</bool19>
    <bool20>false</bool20>
    <bool21>false</bool21>
    <bool22>false</bool22>
    <bool23>false</bool23>
    <bool24>false</bool24>
    <bool25>false</bool25>
  </com.dotmarketing.portlets.contentlet.business.Contentlet>
  <com.dotmarketing.portlets.contentlet.business.Contentlet>
    <iDate class="sql-timestamp">2021-05-27 13:29:00.428</iDate>
    <type>contentlet</type>
    <owner>dotcms.org.1</owner>
    <inode>69de50b2-53e9-49f9-ac44-3955b2a30068</inode>
    <identifier>3f34da23-0dd2-4218-8c3a-6f920583f548</identifier>
    <source>DB</source>
    <title>Single content</title>
    <friendlyName>Single content</friendlyName>
    <modDate class="sql-timestamp">2021-05-27 13:29:00.425</modDate>
    <modUser>dotcms.org.1</modUser>
    <sortOrder>0</sortOrder>
    <showOnMenu>false</showOnMenu>
    <fAPI class="com.dotmarketing.portlets.structure.business.FieldAPIImpl" reference="../../com.dotmarketing.portlets.contentlet.business.Contentlet/fAPI"/>
    <structureInode>2a3e91e4-fbbf-4876-8c5b-2233c1739b05</structureInode>
    <languageId>1</languageId>
    <lastReview class="sql-timestamp">2021-05-27 13:29:00.333</lastReview>
    <disabledWysiwyg></disabledWysiwyg>
    <text1>Single content</text1>
    <text__area1>&lt;p&gt;A single content to be synced.&lt;/p&gt;</text__area1>
    <integer1>0</integer1>
    <integer2>0</integer2>
    <integer3>0</integer3>
    <integer4>0</integer4>
    <integer5>0</integer5>
    <integer6>0</integer6>
    <integer7>0</integer7>
    <integer8>0</integer8>
    <integer9>0</integer9>
    <integer10>0</integer10>
    <integer11>0</integer11>
    <integer12>0</integer12>
    <integer13>0</integer13>
    <integer14>0</integer14>
    <integer15>0</integer15>
    <integer16>0</integer16>
    <integer17>0</integer17>
    <integer18>0</integer18>
    <integer19>0</integer19>
    <integer20>0</integer20>
    <integer21>0</integer21>
    <integer22>0</integer22>
    <integer23>0</integer23>
    <integer24>0</integer24>
    <integer25>0</integer25>
    <float1>0.0</float1>
    <float2>0.0</float2>
    <float3>0.0</float3>
    <float4>0.0</float4>
    <float5>0.0</float5>
    <float6>0.0</float6>
    <float7>0.0</float7>
    <float8>0.0</float8>
    <float9>0.0</float9>
    <float10>0.0</float10>
    <float11>0.0</float11>
    <float12>0.0</float12>
    <float13>0.0</float13>
    <float14>0.0</float14>
    <float15>0.0</float15>
    <float16>0.0</float16>
    <float17>0.0</float17>
    <float18>0.0</float18>
    <float19>0.0</float19>
    <float20>0.0</float20>
    <float21>0.0</float21>
    <float22>0.0</float22>
    <float23>0.0</float23>
    <float24>0.0</float24>
    <float25>0.0</float25>
    <bool1>false</bool1>
    <bool2>false</bool2>
    <bool3>false</bool3>
    <bool4>false</bool4>
    <bool5>false</bool5>
    <bool6>false</bool6>
    <bool7>false</bool7>
    <bool8>false</bool8>
    <bool9>false</bool9>
    <bool10>false</bool10>
    <bool11>false</bool11>
    <bool12>false</bool12>
    <bool13>false</bool13>
    <bool14>false</bool14>
    <bool15>false</bool15>
    <bool16>false</bool16>
    <bool17>false</bool17>
    <bool18>false</bool18>
    <bool19>false</bool19>
    <bool20>false</bool20>
    <bool21>false</bool21>
    <bool22>false</bool22>
    <bool23>false</bool23>
    <bool24>false</bool24>
    <bool25>false</bool25>
  </com.dotmarketing.portlets.contentlet.business.Contentlet>
</list>