<list>
  <com.dotmarketing.business.UsersRoles>
    <id>01ecb4c6-90a9-4c25-b4e5-cbfe2887f412</id>
    <userId>dotcms.org.1</userId>
    <roleId>999cd6bf-5cef-4729-8543-696086143884</roleId>
  </com.dotmarketing.business.UsersRoles>
  <com.dotmarketing.business.UsersRoles>
    <id>0725031f-789d-422a-aee0-f97749de66d7</id>
    <userId>dotcms.org.default</userId>
    <roleId>30243735-684a-4fdb-aaca-f2012a1bc946</roleId>
  </com.dotmarketing.business.UsersRoles>
  <com.dotmarketing.business.UsersRoles>
    <id>0e5b3d09-2c1a-4745-96c1-b2622db43e24</id>
    <userId>system</userId>
    <roleId>999cd6bf-5cef-4729-8543-696086143884</roleId>
  </com.dotmarketing.business.UsersRoles>
  <com.dotmarketing.business.UsersRoles>
    <id>1b6f3d0c-f7a8-4047-9baa-e788cd4f7a8f</id>
    <userId>dotcms.org.1</userId>
    <roleId>e7d4e34e-5127-45fc-8123-d48b62d510e3</roleId>
  </com.dotmarketing.business.UsersRoles>
  <com.dotmarketing.business.UsersRoles>
    <id>26f9cb59-8c97-4494-a0de-d22370ba9d03</id>
    <userId>anonymous</userId>
    <roleId>654b0931-1027-41f7-ad4d-173115ed8ec1</roleId>
  </com.dotmarketing.business.UsersRoles>
  <com.dotmarketing.business.UsersRoles>
    <id>3d96ec34-ee03-46ff-a9ef-f6e33ae1a339</id>
    <userId>system</userId>
    <roleId>892ab105-f212-407f-8fb4-58ec59310a5e</roleId>
  </com.dotmarketing.business.UsersRoles>
  <com.dotmarketing.business.UsersRoles>
    <id>47eb9307-de31-4754-9ad3-c7edc228f7f4</id>
    <userId>dotcms.org.default</userId>
    <roleId>999cd6bf-5cef-4729-8543-696086143884</roleId>
  </com.dotmarketing.business.UsersRoles>
  <com.dotmarketing.business.UsersRoles>
    <id>9403c318-e00d-4a8d-a4b7-587cdfd317a6</id>
    <userId>anonymous</userId>
    <roleId>999cd6bf-5cef-4729-8543-696086143884</roleId>
  </com.dotmarketing.business.UsersRoles>
  <com.dotmarketing.business.UsersRoles>
    <id>9705778d-457b-4343-8331-7b2b7e29acb9</id>
    <userId>anonymous</userId>
    <roleId>edecd377-2321-4803-aa8b-89797dd0d61f</roleId>
  </com.dotmarketing.business.UsersRoles>
  <com.dotmarketing.business.UsersRoles>
    <id>9d7b8298-11d6-4b31-b208-e3b9f498770e</id>
    <userId>dotcms.org.1</userId>
    <roleId>6f9d5449-8f48-4179-a2ad-1983d6217fef</roleId>
  </com.dotmarketing.business.UsersRoles>
  <com.dotmarketing.business.UsersRoles>
    <id>9e6ad8a8-5d22-4432-859c-49f232e1fdac</id>
    <userId>dotcms.org.1</userId>
    <roleId>ff4d1504-a077-4874-b89b-9844d10d5b6d</roleId>
  </com.dotmarketing.business.UsersRoles>
  <com.dotmarketing.business.UsersRoles>
    <id>d3598295-cf25-4dd9-9e79-d930395f6fef</id>
    <userId>dotcms.org.1</userId>
    <roleId>892ab105-f212-407f-8fb4-58ec59310a5e</roleId>
  </com.dotmarketing.business.UsersRoles>
  <com.dotmarketing.business.UsersRoles>
    <id>dcbc7b81-8a34-4672-9e72-61d102dbdb6d</id>
    <userId>system</userId>
    <roleId>02088e05-5ff5-43c2-a4fa-11a7272cb199</roleId>
  </com.dotmarketing.business.UsersRoles>
  <com.dotmarketing.business.UsersRoles>
    <id>fd513089-8350-4678-915a-cdc15e5332a3</id>
    <userId>dotcms.org.1</userId>
    <roleId>02088e05-5ff5-43c2-a4fa-11a7272cb199</roleId>
  </com.dotmarketing.business.UsersRoles>
</list>