<list>
  <com.dotmarketing.plugin.model.Plugin>
    <id>com.dotcms.category.fix</id>
    <pluginName>dotCMS import starter fix plugin</pluginName>
    <pluginVersion>1.0</pluginVersion>
    <author>dotCMS</author>
    <firstDeployedDate class="sql-timestamp">2021-05-27 12:41:18.29</firstDeployedDate>
    <lastDeployedDate class="sql-timestamp">2021-05-27 12:41:18.29</lastDeployedDate>
  </com.dotmarketing.plugin.model.Plugin>
  <com.dotmarketing.plugin.model.Plugin>
    <id>com.dotcms.config</id>
    <pluginName>dotCMS Config</pluginName>
    <pluginVersion>1.0</pluginVersion>
    <author>dotCMS</author>
    <firstDeployedDate class="sql-timestamp">2021-05-27 12:41:18.34</firstDeployedDate>
    <lastDeployedDate class="sql-timestamp">2021-05-27 12:41:18.34</lastDeployedDate>
  </com.dotmarketing.plugin.model.Plugin>
  <com.dotmarketing.plugin.model.Plugin>
    <id>com.motiv.cacheBuster</id>
    <pluginName>dotCMS Config</pluginName>
    <pluginVersion>1.0</pluginVersion>
    <author>dotCMS</author>
    <firstDeployedDate class="sql-timestamp">2021-05-27 12:41:18.344</firstDeployedDate>
    <lastDeployedDate class="sql-timestamp">2021-05-27 12:41:18.344</lastDeployedDate>
  </com.dotmarketing.plugin.model.Plugin>
</list>