<list>
  <com.dotmarketing.plugin.model.Plugin>
    <id>com.dotcms.category.fix</id>
    <pluginName>dotCMS import starter fix plugin</pluginName>
    <pluginVersion>1.0</pluginVersion>
    <author>dotCMS</author>
    <firstDeployedDate class="sql-timestamp">2021-05-27 13:24:50.421</firstDeployedDate>
    <lastDeployedDate class="sql-timestamp">2021-05-27 13:24:50.421</lastDeployedDate>
  </com.dotmarketing.plugin.model.Plugin>
  <com.dotmarketing.plugin.model.Plugin>
    <id>com.dotcms.config</id>
    <pluginName>dotCMS Config</pluginName>
    <pluginVersion>1.0</pluginVersion>
    <author>dotCMS</author>
    <firstDeployedDate class="sql-timestamp">2021-05-27 13:24:50.437</firstDeployedDate>
    <lastDeployedDate class="sql-timestamp">2021-05-27 13:24:50.437</lastDeployedDate>
  </com.dotmarketing.plugin.model.Plugin>
  <com.dotmarketing.plugin.model.Plugin>
    <id>com.motiv.cacheBuster</id>
    <pluginName>dotCMS Config</pluginName>
    <pluginVersion>1.0</pluginVersion>
    <author>dotCMS</author>
    <firstDeployedDate class="sql-timestamp">2021-05-27 13:24:50.442</firstDeployedDate>
    <lastDeployedDate class="sql-timestamp">2021-05-27 13:24:50.442</lastDeployedDate>
  </com.dotmarketing.plugin.model.Plugin>
  <com.dotmarketing.plugin.model.Plugin>
    <id>hotfix-GIT-19245_v5.3.4.1</id>
    <pluginName>hotfix-GIT-19245_v5.3.4.1</pluginName>
    <pluginVersion>1.0</pluginVersion>
    <author>dotCMS</author>
    <firstDeployedDate class="sql-timestamp">2021-05-27 13:24:50.446</firstDeployedDate>
    <lastDeployedDate class="sql-timestamp">2021-05-27 13:24:50.446</lastDeployedDate>
  </com.dotmarketing.plugin.model.Plugin>
</list>