<list>
  <com.dotmarketing.portlets.workflows.model.WorkflowTask>
    <id>e19ff2fe-d418-4f11-b08e-aadeb9aad291</id>
    <creationDate class="sql-timestamp">2021-05-27 13:29:00.523</creationDate>
    <modDate class="sql-timestamp">2021-05-27 13:29:00.524</modDate>
    <createdBy>e7d4e34e-5127-45fc-8123-d48b62d510e3</createdBy>
    <assignedTo>e7d4e34e-5127-45fc-8123-d48b62d510e3</assignedTo>
    <title>Single content</title>
    <description></description>
    <status>dc3c9cd0-8467-404b-bf95-cb7df3fbc293</status>
    <webasset>3f34da23-0dd2-4218-8c3a-6f920583f548</webasset>
    <languageId>1</languageId>
  </com.dotmarketing.portlets.workflows.model.WorkflowTask>
</list>