<list>
  <com.dotmarketing.portlets.containers.model.ContainerVersionInfo>
    <identifier>3f0255e8-b45d-46ea-8bb7-eb6597db4c1e</identifier>
    <liveInode>e6bdfe0e-16f3-4dc5-ade1-ca6badcf6253</liveInode>
    <workingInode>e6bdfe0e-16f3-4dc5-ade1-ca6badcf6253</workingInode>
    <lockedOn class="sql-timestamp">2018-06-13 15:51:18.308</lockedOn>
    <deleted>false</deleted>
    <versionTs class="sql-timestamp">2018-06-13 15:47:39.136</versionTs>
  </com.dotmarketing.portlets.containers.model.ContainerVersionInfo>
  <com.dotmarketing.portlets.containers.model.ContainerVersionInfo>
    <identifier>5363c6c6-5ba0-4946-b7af-cf875188ac2e</identifier>
    <liveInode>885060ee-0f08-43bc-9147-0d4ab0aa5cbc</liveInode>
    <workingInode>885060ee-0f08-43bc-9147-0d4ab0aa5cbc</workingInode>
    <lockedBy>dotcms.org.1</lockedBy>
    <lockedOn class="sql-timestamp">2018-06-19 18:05:30.02</lockedOn>
    <deleted>false</deleted>
    <versionTs class="sql-timestamp">2018-06-12 14:02:37.911</versionTs>
  </com.dotmarketing.portlets.containers.model.ContainerVersionInfo>
  <com.dotmarketing.portlets.containers.model.ContainerVersionInfo>
    <identifier>5eb11b21-6b13-4fb8-a823-1de20bba56c0</identifier>
    <liveInode>a7445635-14a4-47fc-a9ae-5ff4c80acffe</liveInode>
    <workingInode>a7445635-14a4-47fc-a9ae-5ff4c80acffe</workingInode>
    <lockedOn class="sql-timestamp">2018-06-12 14:01:52.812</lockedOn>
    <deleted>false</deleted>
    <versionTs class="sql-timestamp">2013-05-06 18:54:25.981</versionTs>
  </com.dotmarketing.portlets.containers.model.ContainerVersionInfo>
  <com.dotmarketing.portlets.containers.model.ContainerVersionInfo>
    <identifier>6a12bbda-0ae2-4121-a98b-ad8069eaff3a</identifier>
    <liveInode>ac39a888-5968-4465-bbfd-d6aa16998b3a</liveInode>
    <workingInode>ac39a888-5968-4465-bbfd-d6aa16998b3a</workingInode>
    <lockedOn class="sql-timestamp">2018-06-25 22:25:17.631</lockedOn>
    <deleted>false</deleted>
    <versionTs class="sql-timestamp">2018-06-25 22:25:17.628</versionTs>
  </com.dotmarketing.portlets.containers.model.ContainerVersionInfo>
  <com.dotmarketing.portlets.containers.model.ContainerVersionInfo>
    <identifier>a6e9652b-8183-4c09-b775-26196b09a300</identifier>
    <liveInode>8cbcb97e-8e04-4691-8555-da82c3dc4a91</liveInode>
    <workingInode>8cbcb97e-8e04-4691-8555-da82c3dc4a91</workingInode>
    <lockedOn class="sql-timestamp">2013-05-06 18:54:14.879</lockedOn>
    <deleted>false</deleted>
    <versionTs class="sql-timestamp">2013-05-06 18:54:14.881</versionTs>
  </com.dotmarketing.portlets.containers.model.ContainerVersionInfo>
  <com.dotmarketing.portlets.containers.model.ContainerVersionInfo>
    <identifier>b590d738-8bf9-42b0-a8dd-5787a4e20962</identifier>
    <liveInode>4a655732-7b7c-48e2-9971-87558050eed9</liveInode>
    <workingInode>4a655732-7b7c-48e2-9971-87558050eed9</workingInode>
    <lockedOn class="sql-timestamp">2017-03-08 17:59:53.397</lockedOn>
    <deleted>false</deleted>
    <versionTs class="sql-timestamp">2017-03-09 00:46:17.364</versionTs>
  </com.dotmarketing.portlets.containers.model.ContainerVersionInfo>
  <com.dotmarketing.portlets.containers.model.ContainerVersionInfo>
    <identifier>bf26b7b2-7a97-4bb6-9887-834ea03341db</identifier>
    <liveInode>6a4bcd45-070e-4549-a98b-62c6dfc39ea0</liveInode>
    <workingInode>6a4bcd45-070e-4549-a98b-62c6dfc39ea0</workingInode>
    <lockedOn class="sql-timestamp">2018-06-12 14:01:48.694</lockedOn>
    <deleted>false</deleted>
    <versionTs class="sql-timestamp">2018-06-12 14:01:48.691</versionTs>
  </com.dotmarketing.portlets.containers.model.ContainerVersionInfo>
  <com.dotmarketing.portlets.containers.model.ContainerVersionInfo>
    <identifier>d5f5f4ee-067e-4d72-addd-afd80989f684</identifier>
    <liveInode>467cc266-7931-42e4-ae20-4a8056fe6ee9</liveInode>
    <workingInode>467cc266-7931-42e4-ae20-4a8056fe6ee9</workingInode>
    <lockedOn class="sql-timestamp">2018-06-12 14:01:17.276</lockedOn>
    <deleted>false</deleted>
    <versionTs class="sql-timestamp">2018-06-12 14:01:17.273</versionTs>
  </com.dotmarketing.portlets.containers.model.ContainerVersionInfo>
  <com.dotmarketing.portlets.containers.model.ContainerVersionInfo>
    <identifier>d71d56b4-0a8b-4bb2-be15-ffa5a23366ea</identifier>
    <liveInode>3ba890c5-670c-467d-890d-bd8e9b9bb5ef</liveInode>
    <workingInode>3ba890c5-670c-467d-890d-bd8e9b9bb5ef</workingInode>
    <lockedBy>dotcms.org.1</lockedBy>
    <lockedOn class="sql-timestamp">2018-04-06 18:06:01.665</lockedOn>
    <deleted>false</deleted>
    <versionTs class="sql-timestamp">2015-10-19 20:49:32.139</versionTs>
  </com.dotmarketing.portlets.containers.model.ContainerVersionInfo>
  <com.dotmarketing.portlets.containers.model.ContainerVersionInfo>
    <identifier>f1ba7688-453c-4c0d-a214-e5ac802b8034</identifier>
    <liveInode>3efc001e-db68-408a-ac50-1284c1afe533</liveInode>
    <workingInode>3efc001e-db68-408a-ac50-1284c1afe533</workingInode>
    <lockedOn class="sql-timestamp">2013-05-06 18:54:21.353</lockedOn>
    <deleted>false</deleted>
    <versionTs class="sql-timestamp">2013-05-06 18:54:21.355</versionTs>
  </com.dotmarketing.portlets.containers.model.ContainerVersionInfo>
  <com.dotmarketing.portlets.containers.model.ContainerVersionInfo>
    <identifier>fc193c82-8c32-4abe-ba8a-49522328c93e</identifier>
    <liveInode>fbd1cdbf-85ce-481d-ba5b-58150d1d9aec</liveInode>
    <workingInode>fbd1cdbf-85ce-481d-ba5b-58150d1d9aec</workingInode>
    <lockedBy>dotcms.org.1</lockedBy>
    <lockedOn class="sql-timestamp">2018-07-18 17:02:24.036</lockedOn>
    <deleted>false</deleted>
    <versionTs class="sql-timestamp">2018-06-12 14:01:10.074</versionTs>
  </com.dotmarketing.portlets.containers.model.ContainerVersionInfo>
</list>