<list>
  <com.dotmarketing.portlets.folders.model.Folder>
    <iDate class="sql-timestamp">2019-02-07 17:38:44.718</iDate>
    <type>folder</type>
    <inode>509372ad-73aa-40f8-942f-7a87d2301945</inode>
    <identifier>809654d9-d8e3-43bb-b025-c2392cb15b21</identifier>
    <name>large-column</name>
    <sortOrder>0</sortOrder>
    <showOnMenu>false</showOnMenu>
    <hostId>48190c8c-42c4-46af-8d1a-0cd5db894797</hostId>
    <title>large-column</title>
    <filesMasks></filesMasks>
    <defaultFileType>33888b6f-7a8e-4069-b1b6-5c1aa9d0a48d</defaultFileType>
    <modDate class="sql-timestamp">2019-02-07 20:11:38.68</modDate>
  </com.dotmarketing.portlets.folders.model.Folder>
  <com.dotmarketing.portlets.folders.model.Folder>
    <iDate class="sql-timestamp">2019-02-07 17:38:31.728</iDate>
    <type>folder</type>
    <owner></owner>
    <inode>b8a303ae-4cb4-40bf-9f27-b5b29b3350dc</inode>
    <identifier>009f54c4-700c-43c1-8c2a-9d5a556c352a</identifier>
    <name>containers</name>
    <sortOrder>0</sortOrder>
    <showOnMenu>false</showOnMenu>
    <hostId>48190c8c-42c4-46af-8d1a-0cd5db894797</hostId>
    <title>containers</title>
    <filesMasks></filesMasks>
    <defaultFileType>33888b6f-7a8e-4069-b1b6-5c1aa9d0a48d</defaultFileType>
    <modDate class="sql-timestamp">2019-02-07 17:38:31.734</modDate>
  </com.dotmarketing.portlets.folders.model.Folder>
  <com.dotmarketing.portlets.folders.model.Folder>
    <iDate class="sql-timestamp">2018-04-06 07:25:11.758</iDate>
    <type>folder</type>
    <owner>dotcms.org.1</owner>
    <inode>636100ee-11b6-4f3b-9954-1df66219652c</inode>
    <identifier>96e4a1dd-ded0-4617-b5fe-40dbfcf1da47</identifier>
    <name>news</name>
    <sortOrder>0</sortOrder>
    <showOnMenu>false</showOnMenu>
    <hostId>48190c8c-42c4-46af-8d1a-0cd5db894797</hostId>
    <title>news</title>
    <filesMasks></filesMasks>
    <defaultFileType>33888b6f-7a8e-4069-b1b6-5c1aa9d0a48d</defaultFileType>
    <modDate class="sql-timestamp">2018-04-06 07:25:11.76</modDate>
  </com.dotmarketing.portlets.folders.model.Folder>
  <com.dotmarketing.portlets.folders.model.Folder>
    <iDate class="sql-timestamp">2018-04-06 07:19:56.561</iDate>
    <type>folder</type>
    <owner>dotcms.org.1</owner>
    <inode>c280a6ec-228d-4981-9899-badb5c9a26a1</inode>
    <identifier>0f145e20-2d17-494d-a294-5a3b5c2a6bda</identifier>
    <name>mixins</name>
    <sortOrder>0</sortOrder>
    <showOnMenu>false</showOnMenu>
    <hostId>48190c8c-42c4-46af-8d1a-0cd5db894797</hostId>
    <title>mixins</title>
    <filesMasks></filesMasks>
    <defaultFileType>33888b6f-7a8e-4069-b1b6-5c1aa9d0a48d</defaultFileType>
    <modDate class="sql-timestamp">2018-04-06 07:19:56.564</modDate>
  </com.dotmarketing.portlets.folders.model.Folder>
  <com.dotmarketing.portlets.folders.model.Folder>
    <iDate class="sql-timestamp">2018-04-06 07:18:52.516</iDate>
    <type>folder</type>
    <owner>dotcms.org.1</owner>
    <inode>a7e3c5b5-1cb8-4063-9a38-bb89e68d6b4d</inode>
    <identifier>56f12a75-8cee-4081-8094-eb0dc0b395b1</identifier>
    <name>utilities</name>
    <sortOrder>0</sortOrder>
    <showOnMenu>false</showOnMenu>
    <hostId>48190c8c-42c4-46af-8d1a-0cd5db894797</hostId>
    <title>utilities</title>
    <filesMasks></filesMasks>
    <defaultFileType>33888b6f-7a8e-4069-b1b6-5c1aa9d0a48d</defaultFileType>
    <modDate class="sql-timestamp">2018-04-06 07:18:52.519</modDate>
  </com.dotmarketing.portlets.folders.model.Folder>
  <com.dotmarketing.portlets.folders.model.Folder>
    <iDate class="sql-timestamp">2018-04-06 07:16:49.484</iDate>
    <type>folder</type>
    <owner>dotcms.org.1</owner>
    <inode>2339c7f6-861b-490f-921f-af371f5f199a</inode>
    <identifier>63c0381e-c4c8-48b0-960f-dad42aa4d52e</identifier>
    <name>scss</name>
    <sortOrder>0</sortOrder>
    <showOnMenu>false</showOnMenu>
    <hostId>48190c8c-42c4-46af-8d1a-0cd5db894797</hostId>
    <title>scss</title>
    <filesMasks></filesMasks>
    <defaultFileType>33888b6f-7a8e-4069-b1b6-5c1aa9d0a48d</defaultFileType>
    <modDate class="sql-timestamp">2018-04-06 07:16:49.486</modDate>
  </com.dotmarketing.portlets.folders.model.Folder>
  <com.dotmarketing.portlets.folders.model.Folder>
    <iDate class="sql-timestamp">2018-04-06 07:16:36.053</iDate>
    <type>folder</type>
    <owner>dotcms.org.1</owner>
    <inode>2b526678-e19d-4ec5-918b-0d3e88002961</inode>
    <identifier>88e97629-3951-4e92-b01b-c9a1f796631b</identifier>
    <name>bootstrap4</name>
    <sortOrder>0</sortOrder>
    <showOnMenu>false</showOnMenu>
    <hostId>48190c8c-42c4-46af-8d1a-0cd5db894797</hostId>
    <title>bootstrap4</title>
    <filesMasks></filesMasks>
    <defaultFileType>33888b6f-7a8e-4069-b1b6-5c1aa9d0a48d</defaultFileType>
    <modDate class="sql-timestamp">2018-04-06 07:16:36.066</modDate>
  </com.dotmarketing.portlets.folders.model.Folder>
  <com.dotmarketing.portlets.folders.model.Folder>
    <iDate class="sql-timestamp">2018-04-06 07:07:18.303</iDate>
    <type>folder</type>
    <owner>dotcms.org.1</owner>
    <inode>8c224d00-ea81-46fd-8292-9330ebb18ea8</inode>
    <identifier>b10d8b50-9e85-48cc-b3ad-7d0279ee2ad3</identifier>
    <name>user-account</name>
    <sortOrder>0</sortOrder>
    <showOnMenu>false</showOnMenu>
    <hostId>48190c8c-42c4-46af-8d1a-0cd5db894797</hostId>
    <title>user-account</title>
    <filesMasks></filesMasks>
    <defaultFileType>33888b6f-7a8e-4069-b1b6-5c1aa9d0a48d</defaultFileType>
    <modDate class="sql-timestamp">2018-04-06 07:07:18.306</modDate>
  </com.dotmarketing.portlets.folders.model.Folder>
  <com.dotmarketing.portlets.folders.model.Folder>
    <iDate class="sql-timestamp">2018-04-06 07:06:33.587</iDate>
    <type>folder</type>
    <owner>dotcms.org.1</owner>
    <inode>6f16579a-5e12-4b69-8623-bec1a08cfadd</inode>
    <identifier>4046ed38-4bb9-49dc-8307-87b97da7b412</identifier>
    <name>site-search</name>
    <sortOrder>0</sortOrder>
    <showOnMenu>false</showOnMenu>
    <hostId>48190c8c-42c4-46af-8d1a-0cd5db894797</hostId>
    <title>site-search</title>
    <filesMasks></filesMasks>
    <defaultFileType>33888b6f-7a8e-4069-b1b6-5c1aa9d0a48d</defaultFileType>
    <modDate class="sql-timestamp">2018-04-06 07:06:33.589</modDate>
  </com.dotmarketing.portlets.folders.model.Folder>
  <com.dotmarketing.portlets.folders.model.Folder>
    <iDate class="sql-timestamp">2018-04-06 07:06:00.207</iDate>
    <type>folder</type>
    <owner>dotcms.org.1</owner>
    <inode>c9b574e2-710c-4c43-b045-64fb358fd415</inode>
    <identifier>b07de18e-8201-4d18-85b2-37f5ccc75023</identifier>
    <name>site-map</name>
    <sortOrder>0</sortOrder>
    <showOnMenu>false</showOnMenu>
    <hostId>48190c8c-42c4-46af-8d1a-0cd5db894797</hostId>
    <title>site-map</title>
    <filesMasks></filesMasks>
    <defaultFileType>33888b6f-7a8e-4069-b1b6-5c1aa9d0a48d</defaultFileType>
    <modDate class="sql-timestamp">2018-04-06 07:06:00.209</modDate>
  </com.dotmarketing.portlets.folders.model.Folder>
  <com.dotmarketing.portlets.folders.model.Folder>
    <iDate class="sql-timestamp">2018-04-06 07:05:27.919</iDate>
    <type>folder</type>
    <owner>dotcms.org.1</owner>
    <inode>3455c6ed-3e90-4da6-855c-608b0015c5ce</inode>
    <identifier>ba7926c4-9e4a-4a42-a125-269d57f47e7a</identifier>
    <name>home</name>
    <sortOrder>0</sortOrder>
    <showOnMenu>false</showOnMenu>
    <hostId>48190c8c-42c4-46af-8d1a-0cd5db894797</hostId>
    <title>home</title>
    <filesMasks></filesMasks>
    <defaultFileType>33888b6f-7a8e-4069-b1b6-5c1aa9d0a48d</defaultFileType>
    <modDate class="sql-timestamp">2018-04-06 07:05:27.921</modDate>
  </com.dotmarketing.portlets.folders.model.Folder>
  <com.dotmarketing.portlets.folders.model.Folder>
    <iDate class="sql-timestamp">2018-04-06 07:04:49.002</iDate>
    <type>folder</type>
    <owner>dotcms.org.1</owner>
    <inode>98f2ad42-7863-45a3-9ef2-7d54039fdb09</inode>
    <identifier>f7a3ee6e-0fa1-4209-9e4e-6fc316ae36e4</identifier>
    <name>video</name>
    <sortOrder>0</sortOrder>
    <showOnMenu>false</showOnMenu>
    <hostId>48190c8c-42c4-46af-8d1a-0cd5db894797</hostId>
    <title>video</title>
    <filesMasks></filesMasks>
    <defaultFileType>33888b6f-7a8e-4069-b1b6-5c1aa9d0a48d</defaultFileType>
    <modDate class="sql-timestamp">2018-04-06 07:04:49.004</modDate>
  </com.dotmarketing.portlets.folders.model.Folder>
  <com.dotmarketing.portlets.folders.model.Folder>
    <iDate class="sql-timestamp">2018-04-06 07:04:17.552</iDate>
    <type>folder</type>
    <owner>dotcms.org.1</owner>
    <inode>607e1bfd-0f81-4280-9014-db18f9bb0289</inode>
    <identifier>17812850-d3c9-4849-8f3b-8410cef512c0</identifier>
    <name>promotion</name>
    <sortOrder>0</sortOrder>
    <showOnMenu>false</showOnMenu>
    <hostId>48190c8c-42c4-46af-8d1a-0cd5db894797</hostId>
    <title>promotion</title>
    <filesMasks></filesMasks>
    <defaultFileType>33888b6f-7a8e-4069-b1b6-5c1aa9d0a48d</defaultFileType>
    <modDate class="sql-timestamp">2018-04-06 07:04:17.554</modDate>
  </com.dotmarketing.portlets.folders.model.Folder>
  <com.dotmarketing.portlets.folders.model.Folder>
    <iDate class="sql-timestamp">2018-04-06 07:03:40.458</iDate>
    <type>folder</type>
    <owner>dotcms.org.1</owner>
    <inode>43d7565f-e062-471e-9a01-6d21a38d2be7</inode>
    <identifier>4ed84e4e-0e51-4809-956b-c2423fab6198</identifier>
    <name>products</name>
    <sortOrder>0</sortOrder>
    <showOnMenu>false</showOnMenu>
    <hostId>48190c8c-42c4-46af-8d1a-0cd5db894797</hostId>
    <title>products</title>
    <filesMasks></filesMasks>
    <defaultFileType>33888b6f-7a8e-4069-b1b6-5c1aa9d0a48d</defaultFileType>
    <modDate class="sql-timestamp">2018-04-06 07:03:40.461</modDate>
  </com.dotmarketing.portlets.folders.model.Folder>
  <com.dotmarketing.portlets.folders.model.Folder>
    <iDate class="sql-timestamp">2018-04-06 07:03:03.002</iDate>
    <type>folder</type>
    <owner>dotcms.org.1</owner>
    <inode>a1a47ee4-92ef-46c6-a27a-9e138983c595</inode>
    <identifier>cca43816-1cbd-420c-98b9-92d0879d879a</identifier>
    <name>media</name>
    <sortOrder>0</sortOrder>
    <showOnMenu>false</showOnMenu>
    <hostId>48190c8c-42c4-46af-8d1a-0cd5db894797</hostId>
    <title>media</title>
    <filesMasks></filesMasks>
    <defaultFileType>33888b6f-7a8e-4069-b1b6-5c1aa9d0a48d</defaultFileType>
    <modDate class="sql-timestamp">2018-04-06 07:03:03.005</modDate>
  </com.dotmarketing.portlets.folders.model.Folder>
  <com.dotmarketing.portlets.folders.model.Folder>
    <iDate class="sql-timestamp">2018-04-06 07:02:24.303</iDate>
    <type>folder</type>
    <owner>dotcms.org.1</owner>
    <inode>1027900a-b8ef-4bdb-9886-6c5a4755eb61</inode>
    <identifier>ca7bd3af-ca1d-4bcc-93f7-eeccf7fc763c</identifier>
    <name>location</name>
    <sortOrder>0</sortOrder>
    <showOnMenu>false</showOnMenu>
    <hostId>48190c8c-42c4-46af-8d1a-0cd5db894797</hostId>
    <title>location</title>
    <filesMasks></filesMasks>
    <defaultFileType>33888b6f-7a8e-4069-b1b6-5c1aa9d0a48d</defaultFileType>
    <modDate class="sql-timestamp">2018-04-06 07:02:24.305</modDate>
  </com.dotmarketing.portlets.folders.model.Folder>
  <com.dotmarketing.portlets.folders.model.Folder>
    <iDate class="sql-timestamp">2018-04-06 07:01:48.797</iDate>
    <type>folder</type>
    <owner>dotcms.org.1</owner>
    <inode>84766f11-34ba-4036-b327-5fc1eca104a5</inode>
    <identifier>f3e6a670-0990-46c5-97e1-291996d7e4d3</identifier>
    <name>event</name>
    <sortOrder>0</sortOrder>
    <showOnMenu>false</showOnMenu>
    <hostId>48190c8c-42c4-46af-8d1a-0cd5db894797</hostId>
    <title>event</title>
    <filesMasks></filesMasks>
    <defaultFileType>33888b6f-7a8e-4069-b1b6-5c1aa9d0a48d</defaultFileType>
    <modDate class="sql-timestamp">2018-04-06 07:01:48.799</modDate>
  </com.dotmarketing.portlets.folders.model.Folder>
  <com.dotmarketing.portlets.folders.model.Folder>
    <iDate class="sql-timestamp">2018-04-06 07:01:14.199</iDate>
    <type>folder</type>
    <owner>dotcms.org.1</owner>
    <inode>f5ba4725-89a1-4478-8f31-7a39716c1e5c</inode>
    <identifier>05e28403-3627-4f55-a555-2d10db2a1a09</identifier>
    <name>employee</name>
    <sortOrder>0</sortOrder>
    <showOnMenu>false</showOnMenu>
    <hostId>48190c8c-42c4-46af-8d1a-0cd5db894797</hostId>
    <title>employee</title>
    <filesMasks></filesMasks>
    <defaultFileType>33888b6f-7a8e-4069-b1b6-5c1aa9d0a48d</defaultFileType>
    <modDate class="sql-timestamp">2018-04-06 07:01:14.201</modDate>
  </com.dotmarketing.portlets.folders.model.Folder>
  <com.dotmarketing.portlets.folders.model.Folder>
    <iDate class="sql-timestamp">2018-04-06 07:00:31.702</iDate>
    <type>folder</type>
    <owner>dotcms.org.1</owner>
    <inode>57708808-d084-4871-9979-4dbecd974b2e</inode>
    <identifier>23148e82-3292-47c1-a554-1b3ac3f2d466</identifier>
    <name>documents</name>
    <sortOrder>0</sortOrder>
    <showOnMenu>false</showOnMenu>
    <hostId>48190c8c-42c4-46af-8d1a-0cd5db894797</hostId>
    <title>documents</title>
    <filesMasks></filesMasks>
    <defaultFileType>33888b6f-7a8e-4069-b1b6-5c1aa9d0a48d</defaultFileType>
    <modDate class="sql-timestamp">2018-04-06 07:00:31.705</modDate>
  </com.dotmarketing.portlets.folders.model.Folder>
  <com.dotmarketing.portlets.folders.model.Folder>
    <iDate class="sql-timestamp">2018-04-06 06:59:57.258</iDate>
    <type>folder</type>
    <owner>dotcms.org.1</owner>
    <inode>337284b6-fb40-4ba6-b1d6-f412e8f0bed5</inode>
    <identifier>7d58b617-15d8-427e-a153-fb34e0f6b15f</identifier>
    <name>comments</name>
    <sortOrder>0</sortOrder>
    <showOnMenu>false</showOnMenu>
    <hostId>48190c8c-42c4-46af-8d1a-0cd5db894797</hostId>
    <title>comments</title>
    <filesMasks></filesMasks>
    <defaultFileType>33888b6f-7a8e-4069-b1b6-5c1aa9d0a48d</defaultFileType>
    <modDate class="sql-timestamp">2018-04-06 06:59:57.261</modDate>
  </com.dotmarketing.portlets.folders.model.Folder>
  <com.dotmarketing.portlets.folders.model.Folder>
    <iDate class="sql-timestamp">2018-04-06 06:59:18.554</iDate>
    <type>folder</type>
    <owner>dotcms.org.1</owner>
    <inode>ed2f32c1-2f00-43f2-b8e9-9f0154edc28e</inode>
    <identifier>02277a4d-a8e2-4a1a-95c3-a54e2ae0a474</identifier>
    <name>blog</name>
    <sortOrder>0</sortOrder>
    <showOnMenu>false</showOnMenu>
    <hostId>48190c8c-42c4-46af-8d1a-0cd5db894797</hostId>
    <title>blog</title>
    <filesMasks></filesMasks>
    <defaultFileType>33888b6f-7a8e-4069-b1b6-5c1aa9d0a48d</defaultFileType>
    <modDate class="sql-timestamp">2018-04-06 06:59:18.556</modDate>
  </com.dotmarketing.portlets.folders.model.Folder>
  <com.dotmarketing.portlets.folders.model.Folder>
    <iDate class="sql-timestamp">2018-04-06 06:58:42.11</iDate>
    <type>folder</type>
    <owner>dotcms.org.1</owner>
    <inode>57a92d09-687a-4f3f-bb95-abbaac98cbd8</inode>
    <identifier>d8801e84-b89a-4565-804c-3810659e6447</identifier>
    <name>banner</name>
    <sortOrder>0</sortOrder>
    <showOnMenu>false</showOnMenu>
    <hostId>48190c8c-42c4-46af-8d1a-0cd5db894797</hostId>
    <title>banner</title>
    <filesMasks></filesMasks>
    <defaultFileType>33888b6f-7a8e-4069-b1b6-5c1aa9d0a48d</defaultFileType>
    <modDate class="sql-timestamp">2018-04-06 06:58:42.112</modDate>
  </com.dotmarketing.portlets.folders.model.Folder>
  <com.dotmarketing.portlets.folders.model.Folder>
    <iDate class="sql-timestamp">2018-04-06 06:57:59.65</iDate>
    <type>folder</type>
    <owner>dotcms.org.1</owner>
    <inode>ba49f9db-7e88-4a56-a756-1aac1ed4355a</inode>
    <identifier>5a613ab9-b2c0-4d68-9d82-bba12c27ab08</identifier>
    <name>widgets</name>
    <sortOrder>0</sortOrder>
    <showOnMenu>false</showOnMenu>
    <hostId>48190c8c-42c4-46af-8d1a-0cd5db894797</hostId>
    <title>widgets</title>
    <filesMasks></filesMasks>
    <defaultFileType>33888b6f-7a8e-4069-b1b6-5c1aa9d0a48d</defaultFileType>
    <modDate class="sql-timestamp">2018-04-06 06:57:59.652</modDate>
  </com.dotmarketing.portlets.folders.model.Folder>
  <com.dotmarketing.portlets.folders.model.Folder>
    <iDate class="sql-timestamp">2018-04-06 06:57:45.55</iDate>
    <type>folder</type>
    <owner>dotcms.org.1</owner>
    <inode>004cd086-ff9c-4c72-9919-4f844f6b886d</inode>
    <identifier>5acc4c5f-bae9-40a8-9019-869ab53647fd</identifier>
    <name>template</name>
    <sortOrder>0</sortOrder>
    <showOnMenu>false</showOnMenu>
    <hostId>48190c8c-42c4-46af-8d1a-0cd5db894797</hostId>
    <title>template</title>
    <filesMasks></filesMasks>
    <defaultFileType>33888b6f-7a8e-4069-b1b6-5c1aa9d0a48d</defaultFileType>
    <modDate class="sql-timestamp">2018-04-06 06:57:45.553</modDate>
  </com.dotmarketing.portlets.folders.model.Folder>
  <com.dotmarketing.portlets.folders.model.Folder>
    <iDate class="sql-timestamp">2018-04-06 06:57:32.536</iDate>
    <type>folder</type>
    <owner>dotcms.org.1</owner>
    <inode>df744cc8-909a-4db0-a707-f17572bf4fa2</inode>
    <identifier>b055ccca-d7c7-487c-8d06-6e217d6c8e01</identifier>
    <name>pages</name>
    <sortOrder>0</sortOrder>
    <showOnMenu>false</showOnMenu>
    <hostId>48190c8c-42c4-46af-8d1a-0cd5db894797</hostId>
    <title>pages</title>
    <filesMasks></filesMasks>
    <defaultFileType>33888b6f-7a8e-4069-b1b6-5c1aa9d0a48d</defaultFileType>
    <modDate class="sql-timestamp">2018-04-06 06:57:32.539</modDate>
  </com.dotmarketing.portlets.folders.model.Folder>
  <com.dotmarketing.portlets.folders.model.Folder>
    <iDate class="sql-timestamp">2018-04-06 06:57:23.174</iDate>
    <type>folder</type>
    <owner>dotcms.org.1</owner>
    <inode>d918d61a-1d29-4387-86cc-466e17a1cab1</inode>
    <identifier>db5e66d3-e99c-473b-997d-99d8e86dca67</identifier>
    <name>content</name>
    <sortOrder>0</sortOrder>
    <showOnMenu>false</showOnMenu>
    <hostId>48190c8c-42c4-46af-8d1a-0cd5db894797</hostId>
    <title>content</title>
    <filesMasks></filesMasks>
    <defaultFileType>33888b6f-7a8e-4069-b1b6-5c1aa9d0a48d</defaultFileType>
    <modDate class="sql-timestamp">2018-04-06 06:57:23.177</modDate>
  </com.dotmarketing.portlets.folders.model.Folder>
  <com.dotmarketing.portlets.folders.model.Folder>
    <iDate class="sql-timestamp">2018-04-06 06:57:05.871</iDate>
    <type>folder</type>
    <owner>dotcms.org.1</owner>
    <inode>777514ce-0eb2-418e-8f32-525aff97c8d0</inode>
    <identifier>e1264486-de52-40de-9760-2558797fc91c</identifier>
    <name>sass</name>
    <sortOrder>0</sortOrder>
    <showOnMenu>false</showOnMenu>
    <hostId>48190c8c-42c4-46af-8d1a-0cd5db894797</hostId>
    <title>sass</title>
    <filesMasks></filesMasks>
    <defaultFileType>33888b6f-7a8e-4069-b1b6-5c1aa9d0a48d</defaultFileType>
    <modDate class="sql-timestamp">2018-04-06 06:57:05.901</modDate>
  </com.dotmarketing.portlets.folders.model.Folder>
  <com.dotmarketing.portlets.folders.model.Folder>
    <iDate class="sql-timestamp">2017-05-05 17:04:26.095</iDate>
    <type>folder</type>
    <owner>dotcms.org.1</owner>
    <inode>7070dc39-d77e-4556-bb62-21d2cb3e1176</inode>
    <identifier>32d2c574-36c7-4782-939d-c59af230123a</identifier>
    <name>ajax</name>
    <sortOrder>0</sortOrder>
    <showOnMenu>false</showOnMenu>
    <hostId>48190c8c-42c4-46af-8d1a-0cd5db894797</hostId>
    <title>ajax</title>
    <filesMasks></filesMasks>
    <defaultFileType>33888b6f-7a8e-4069-b1b6-5c1aa9d0a48d</defaultFileType>
    <modDate class="sql-timestamp">2017-05-05 17:04:26.097</modDate>
  </com.dotmarketing.portlets.folders.model.Folder>
  <com.dotmarketing.portlets.folders.model.Folder>
    <iDate class="sql-timestamp">2017-03-10 17:03:07.007</iDate>
    <type>folder</type>
    <owner>dotcms.org.1</owner>
    <inode>cb6c1020-b9e2-4b64-8c68-52f790cbf4d8</inode>
    <identifier>7bb0585d-5c62-4ea6-aaf0-31bd537ba902</identifier>
    <name>go-quest</name>
    <sortOrder>0</sortOrder>
    <showOnMenu>false</showOnMenu>
    <hostId>48190c8c-42c4-46af-8d1a-0cd5db894797</hostId>
    <title>go-quest</title>
    <filesMasks></filesMasks>
    <defaultFileType>33888b6f-7a8e-4069-b1b6-5c1aa9d0a48d</defaultFileType>
    <modDate class="sql-timestamp">2017-03-10 17:03:07.01</modDate>
  </com.dotmarketing.portlets.folders.model.Folder>
  <com.dotmarketing.portlets.folders.model.Folder>
    <iDate class="sql-timestamp">2017-03-09 21:02:20.89</iDate>
    <type>folder</type>
    <owner>dotcms.org.1</owner>
    <inode>c013c942-77eb-43d7-9b7c-a0de65824091</inode>
    <identifier>94c7ae63-5f20-4dff-b43e-23bd0d1a4307</identifier>
    <name>landing-page</name>
    <sortOrder>0</sortOrder>
    <showOnMenu>false</showOnMenu>
    <hostId>48190c8c-42c4-46af-8d1a-0cd5db894797</hostId>
    <title>Landing Page</title>
    <filesMasks></filesMasks>
    <defaultFileType>33888b6f-7a8e-4069-b1b6-5c1aa9d0a48d</defaultFileType>
    <modDate class="sql-timestamp">2017-03-09 21:02:20.894</modDate>
  </com.dotmarketing.portlets.folders.model.Folder>
  <com.dotmarketing.portlets.folders.model.Folder>
    <iDate class="sql-timestamp">2017-03-08 17:58:28.188</iDate>
    <type>folder</type>
    <owner></owner>
    <inode>c5b2f717-29eb-42fd-9c38-70d99b8dd7ee</inode>
    <identifier>6af05731-cbfa-4cb6-8cf3-59c7bb19f94d</identifier>
    <name>containers</name>
    <sortOrder>0</sortOrder>
    <showOnMenu>false</showOnMenu>
    <hostId>48190c8c-42c4-46af-8d1a-0cd5db894797</hostId>
    <title>containers</title>
    <filesMasks></filesMasks>
    <defaultFileType>33888b6f-7a8e-4069-b1b6-5c1aa9d0a48d</defaultFileType>
    <modDate class="sql-timestamp">2017-03-08 17:58:30.542</modDate>
  </com.dotmarketing.portlets.folders.model.Folder>
  <com.dotmarketing.portlets.folders.model.Folder>
    <iDate class="sql-timestamp">2016-01-29 15:41:06.924</iDate>
    <type>folder</type>
    <owner>dotcms.org.1</owner>
    <inode>75604897-8509-4e58-aef8-2d3767090173</inode>
    <identifier>76ce4428-cb1d-436f-899b-c07cc60f42f2</identifier>
    <name>banner</name>
    <sortOrder>0</sortOrder>
    <showOnMenu>false</showOnMenu>
    <hostId>48190c8c-42c4-46af-8d1a-0cd5db894797</hostId>
    <title>banner</title>
    <filesMasks></filesMasks>
    <defaultFileType>33888b6f-7a8e-4069-b1b6-5c1aa9d0a48d</defaultFileType>
    <modDate class="sql-timestamp">2016-01-29 15:41:06.928</modDate>
  </com.dotmarketing.portlets.folders.model.Folder>
  <com.dotmarketing.portlets.folders.model.Folder>
    <iDate class="sql-timestamp">2015-11-02 16:35:41.946</iDate>
    <type>folder</type>
    <owner>dotcms.org.1</owner>
    <inode>b478a7aa-8e3d-4541-bfde-52bc10803032</inode>
    <identifier>e05f6270-4750-48a7-b3ce-1ed46c57d62c</identifier>
    <name>comments</name>
    <sortOrder>0</sortOrder>
    <showOnMenu>false</showOnMenu>
    <hostId>48190c8c-42c4-46af-8d1a-0cd5db894797</hostId>
    <title>comments</title>
    <filesMasks></filesMasks>
    <defaultFileType>33888b6f-7a8e-4069-b1b6-5c1aa9d0a48d</defaultFileType>
    <modDate class="sql-timestamp">2015-11-02 16:35:41.95</modDate>
  </com.dotmarketing.portlets.folders.model.Folder>
  <com.dotmarketing.portlets.folders.model.Folder>
    <iDate class="sql-timestamp">2015-03-15 06:57:30.586</iDate>
    <type>folder</type>
    <owner></owner>
    <inode>dd8c675b-11da-4aac-ae60-2b843b2ad8ed</inode>
    <identifier>f569469b-a58a-470a-a62b-3d2ea1d2bf89</identifier>
    <name>vimeo</name>
    <sortOrder>0</sortOrder>
    <showOnMenu>false</showOnMenu>
    <hostId>48190c8c-42c4-46af-8d1a-0cd5db894797</hostId>
    <title>vimeo</title>
    <filesMasks></filesMasks>
    <defaultFileType>33888b6f-7a8e-4069-b1b6-5c1aa9d0a48d</defaultFileType>
    <modDate class="sql-timestamp">2015-03-15 06:57:30.587</modDate>
  </com.dotmarketing.portlets.folders.model.Folder>
  <com.dotmarketing.portlets.folders.model.Folder>
    <iDate class="sql-timestamp">2014-10-06 11:20:24.25</iDate>
    <type>folder</type>
    <owner>dotcms.org.1</owner>
    <inode>88556929-4266-4b88-bd12-8810d0359b8c</inode>
    <identifier>9b56099c-a502-4d88-bf14-caef81e45b3d</identifier>
    <name>forms</name>
    <sortOrder>0</sortOrder>
    <showOnMenu>false</showOnMenu>
    <hostId>48190c8c-42c4-46af-8d1a-0cd5db894797</hostId>
    <title>forms</title>
    <filesMasks></filesMasks>
    <defaultFileType>33888b6f-7a8e-4069-b1b6-5c1aa9d0a48d</defaultFileType>
    <modDate class="sql-timestamp">2014-10-06 11:20:24.255</modDate>
  </com.dotmarketing.portlets.folders.model.Folder>
  <com.dotmarketing.portlets.folders.model.Folder>
    <iDate class="sql-timestamp">2014-09-30 19:58:41.721</iDate>
    <type>folder</type>
    <owner>dotcms.org.1</owner>
    <inode>08cddb39-ae01-4ec0-bc26-39da8ed8f3b4</inode>
    <identifier>667b003e-7191-4e19-9689-6ba4fcacaa33</identifier>
    <name>template-thumbnails</name>
    <sortOrder>0</sortOrder>
    <showOnMenu>false</showOnMenu>
    <hostId>48190c8c-42c4-46af-8d1a-0cd5db894797</hostId>
    <title>Template Thumbnails</title>
    <filesMasks></filesMasks>
    <defaultFileType>33888b6f-7a8e-4069-b1b6-5c1aa9d0a48d</defaultFileType>
    <modDate class="sql-timestamp">2014-09-30 19:58:41.724</modDate>
  </com.dotmarketing.portlets.folders.model.Folder>
  <com.dotmarketing.portlets.folders.model.Folder>
    <iDate class="sql-timestamp">2014-09-30 13:49:10.498</iDate>
    <type>folder</type>
    <inode>e06cd11f-40ad-4228-ad5e-9c40aac4078c</inode>
    <identifier>f18fe175-dfba-4059-a71c-60494d765034</identifier>
    <name>demos</name>
    <sortOrder>5</sortOrder>
    <showOnMenu>true</showOnMenu>
    <hostId>48190c8c-42c4-46af-8d1a-0cd5db894797</hostId>
    <title>Demos</title>
    <filesMasks></filesMasks>
    <defaultFileType>33888b6f-7a8e-4069-b1b6-5c1aa9d0a48d</defaultFileType>
    <modDate class="sql-timestamp">2014-09-30 13:49:40.055</modDate>
  </com.dotmarketing.portlets.folders.model.Folder>
  <com.dotmarketing.portlets.folders.model.Folder>
    <iDate class="sql-timestamp">2014-09-26 17:28:35.31</iDate>
    <type>folder</type>
    <owner></owner>
    <inode>d86b2229-a1c5-4e27-b865-538fe13a9254</inode>
    <identifier>88d71acc-ff18-4270-b9a0-212c7cbb0e88</identifier>
    <name>css</name>
    <sortOrder>0</sortOrder>
    <showOnMenu>false</showOnMenu>
    <hostId>48190c8c-42c4-46af-8d1a-0cd5db894797</hostId>
    <title>css</title>
    <defaultFileType>33888b6f-7a8e-4069-b1b6-5c1aa9d0a48d</defaultFileType>
    <modDate class="sql-timestamp">2014-09-26 17:28:35.313</modDate>
  </com.dotmarketing.portlets.folders.model.Folder>
  <com.dotmarketing.portlets.folders.model.Folder>
    <iDate class="sql-timestamp">2014-09-26 17:22:49.166</iDate>
    <type>folder</type>
    <owner></owner>
    <inode>2b183c0a-932f-4c32-8cc7-b6b5565e2ec3</inode>
    <identifier>18e472b3-daf0-497b-9756-43fea93f8af8</identifier>
    <name>css</name>
    <sortOrder>0</sortOrder>
    <showOnMenu>false</showOnMenu>
    <hostId>48190c8c-42c4-46af-8d1a-0cd5db894797</hostId>
    <title>css</title>
    <defaultFileType>33888b6f-7a8e-4069-b1b6-5c1aa9d0a48d</defaultFileType>
    <modDate class="sql-timestamp">2014-09-26 17:22:49.184</modDate>
  </com.dotmarketing.portlets.folders.model.Folder>
  <com.dotmarketing.portlets.folders.model.Folder>
    <iDate class="sql-timestamp">2014-09-25 18:41:32.819</iDate>
    <type>folder</type>
    <owner>dotcms.org.1</owner>
    <inode>8801df5d-caac-4f82-a8b5-09415515264b</inode>
    <identifier>e70f58d5-96a1-467d-8240-f03d41db1860</identifier>
    <name>photo-carousel</name>
    <sortOrder>0</sortOrder>
    <showOnMenu>false</showOnMenu>
    <hostId>48190c8c-42c4-46af-8d1a-0cd5db894797</hostId>
    <title>Photo Carousel</title>
    <filesMasks></filesMasks>
    <defaultFileType>33888b6f-7a8e-4069-b1b6-5c1aa9d0a48d</defaultFileType>
    <modDate class="sql-timestamp">2014-09-25 18:41:32.822</modDate>
  </com.dotmarketing.portlets.folders.model.Folder>
  <com.dotmarketing.portlets.folders.model.Folder>
    <iDate class="sql-timestamp">2014-09-02 22:42:33.168</iDate>
    <type>folder</type>
    <owner>dotcms.org.1</owner>
    <inode>bf60eede-500c-419f-a5bb-7d114d75737c</inode>
    <identifier>8970b015-175e-4703-91c8-c8ed27f307fc</identifier>
    <name>news</name>
    <sortOrder>5</sortOrder>
    <showOnMenu>true</showOnMenu>
    <hostId>48190c8c-42c4-46af-8d1a-0cd5db894797</hostId>
    <title>Invester News</title>
    <filesMasks></filesMasks>
    <defaultFileType>33888b6f-7a8e-4069-b1b6-5c1aa9d0a48d</defaultFileType>
    <modDate class="sql-timestamp">2014-09-02 22:42:33.183</modDate>
  </com.dotmarketing.portlets.folders.model.Folder>
  <com.dotmarketing.portlets.folders.model.Folder>
    <iDate class="sql-timestamp">2014-08-13 21:27:17.327</iDate>
    <type>folder</type>
    <owner>dotcms.org.1</owner>
    <inode>47679bc6-f4d9-45b2-8833-d17a133c8175</inode>
    <identifier>1efaa4c3-91fe-4e75-8d72-1fe9623d3356</identifier>
    <name>intranet</name>
    <sortOrder>0</sortOrder>
    <showOnMenu>false</showOnMenu>
    <hostId>48190c8c-42c4-46af-8d1a-0cd5db894797</hostId>
    <title>intranet</title>
    <filesMasks></filesMasks>
    <defaultFileType>33888b6f-7a8e-4069-b1b6-5c1aa9d0a48d</defaultFileType>
    <modDate class="sql-timestamp">2014-08-13 21:27:17.33</modDate>
  </com.dotmarketing.portlets.folders.model.Folder>
  <com.dotmarketing.portlets.folders.model.Folder>
    <iDate class="sql-timestamp">2014-08-13 19:16:49.116</iDate>
    <type>folder</type>
    <owner>dotcms.org.1</owner>
    <inode>e46a602c-bf2d-4f7a-855d-80ea6535aa2b</inode>
    <identifier>2ed7b252-50b2-43a8-a459-8a2245c37164</identifier>
    <name>products</name>
    <sortOrder>3</sortOrder>
    <showOnMenu>true</showOnMenu>
    <hostId>48190c8c-42c4-46af-8d1a-0cd5db894797</hostId>
    <title>Funds, Stocks &amp;amp; ETFs</title>
    <filesMasks></filesMasks>
    <defaultFileType>33888b6f-7a8e-4069-b1b6-5c1aa9d0a48d</defaultFileType>
    <modDate class="sql-timestamp">2014-08-13 19:16:49.119</modDate>
  </com.dotmarketing.portlets.folders.model.Folder>
  <com.dotmarketing.portlets.folders.model.Folder>
    <iDate class="sql-timestamp">2014-07-28 20:41:25.502</iDate>
    <type>folder</type>
    <owner></owner>
    <inode>c66c580c-6315-4510-b9e6-5cd840f57270</inode>
    <identifier>5e741178-a2c8-48e7-8b02-01cfef79f8ae</identifier>
    <name>documents</name>
    <sortOrder>0</sortOrder>
    <showOnMenu>false</showOnMenu>
    <hostId>48190c8c-42c4-46af-8d1a-0cd5db894797</hostId>
    <title>documents</title>
    <defaultFileType>33888b6f-7a8e-4069-b1b6-5c1aa9d0a48d</defaultFileType>
    <modDate class="sql-timestamp">2014-07-28 20:41:25.513</modDate>
  </com.dotmarketing.portlets.folders.model.Folder>
  <com.dotmarketing.portlets.folders.model.Folder>
    <iDate class="sql-timestamp">2014-07-28 19:41:09.028</iDate>
    <type>folder</type>
    <owner></owner>
    <inode>4a71e007-2cf8-45bb-93a1-db1733adfda0</inode>
    <identifier>5dc2d8aa-e765-4f7c-aaa4-e179618160fe</identifier>
    <name>employees</name>
    <sortOrder>0</sortOrder>
    <showOnMenu>false</showOnMenu>
    <hostId>48190c8c-42c4-46af-8d1a-0cd5db894797</hostId>
    <title>employees</title>
    <defaultFileType>33888b6f-7a8e-4069-b1b6-5c1aa9d0a48d</defaultFileType>
    <modDate class="sql-timestamp">2014-07-28 19:41:09.037</modDate>
  </com.dotmarketing.portlets.folders.model.Folder>
  <com.dotmarketing.portlets.folders.model.Folder>
    <iDate class="sql-timestamp">2014-07-28 16:08:13.683</iDate>
    <type>folder</type>
    <owner>dotcms.org.1</owner>
    <inode>930391c3-fcc4-41e4-a818-3a7f714094fb</inode>
    <identifier>de459a99-81f5-465b-91d3-08ca2f617938</identifier>
    <name>site-map</name>
    <sortOrder>0</sortOrder>
    <showOnMenu>false</showOnMenu>
    <hostId>48190c8c-42c4-46af-8d1a-0cd5db894797</hostId>
    <title>site-map</title>
    <filesMasks></filesMasks>
    <defaultFileType>33888b6f-7a8e-4069-b1b6-5c1aa9d0a48d</defaultFileType>
    <modDate class="sql-timestamp">2014-07-28 16:08:13.688</modDate>
  </com.dotmarketing.portlets.folders.model.Folder>
  <com.dotmarketing.portlets.folders.model.Folder>
    <iDate class="sql-timestamp">2014-07-28 15:39:35.805</iDate>
    <type>folder</type>
    <owner></owner>
    <inode>6f4d310c-d5df-4d11-8154-d0e0af8b43d5</inode>
    <identifier>a86888c4-d819-4a17-8bd8-a215ef9fed16</identifier>
    <name>custom-workflow</name>
    <sortOrder>0</sortOrder>
    <showOnMenu>false</showOnMenu>
    <hostId>48190c8c-42c4-46af-8d1a-0cd5db894797</hostId>
    <title>custom-workflow</title>
    <defaultFileType>33888b6f-7a8e-4069-b1b6-5c1aa9d0a48d</defaultFileType>
    <modDate class="sql-timestamp">2014-07-28 15:39:35.818</modDate>
  </com.dotmarketing.portlets.folders.model.Folder>
  <com.dotmarketing.portlets.folders.model.Folder>
    <iDate class="sql-timestamp">2014-07-28 15:39:23.917</iDate>
    <type>folder</type>
    <owner></owner>
    <inode>168e9807-1827-4b31-9013-9c72d31c777d</inode>
    <identifier>2179549e-62a8-467a-9564-54f35437abe4</identifier>
    <name>macros</name>
    <sortOrder>0</sortOrder>
    <showOnMenu>false</showOnMenu>
    <hostId>48190c8c-42c4-46af-8d1a-0cd5db894797</hostId>
    <title>macros</title>
    <defaultFileType>33888b6f-7a8e-4069-b1b6-5c1aa9d0a48d</defaultFileType>
    <modDate class="sql-timestamp">2014-07-28 15:39:23.926</modDate>
  </com.dotmarketing.portlets.folders.model.Folder>
  <com.dotmarketing.portlets.folders.model.Folder>
    <iDate class="sql-timestamp">2014-07-28 15:39:02.394</iDate>
    <type>folder</type>
    <owner></owner>
    <inode>008dab22-8bc3-4eb2-93a0-79e3d5d0a4ab</inode>
    <identifier>0cb7dfff-c1e3-472c-aa1f-23264fa05d75</identifier>
    <name>user-tab</name>
    <sortOrder>0</sortOrder>
    <showOnMenu>false</showOnMenu>
    <hostId>48190c8c-42c4-46af-8d1a-0cd5db894797</hostId>
    <title>user-tab</title>
    <defaultFileType>33888b6f-7a8e-4069-b1b6-5c1aa9d0a48d</defaultFileType>
    <modDate class="sql-timestamp">2014-07-28 15:39:02.405</modDate>
  </com.dotmarketing.portlets.folders.model.Folder>
  <com.dotmarketing.portlets.folders.model.Folder>
    <iDate class="sql-timestamp">2014-07-28 15:38:58.236</iDate>
    <type>folder</type>
    <owner></owner>
    <inode>df07b04d-89a2-4ab7-a4e9-f3ac3ef37457</inode>
    <identifier>f802886b-cd2c-4c85-8481-04c52b9ea822</identifier>
    <name>user-account</name>
    <sortOrder>0</sortOrder>
    <showOnMenu>false</showOnMenu>
    <hostId>48190c8c-42c4-46af-8d1a-0cd5db894797</hostId>
    <title>user-account</title>
    <defaultFileType>33888b6f-7a8e-4069-b1b6-5c1aa9d0a48d</defaultFileType>
    <modDate class="sql-timestamp">2014-07-28 15:38:58.247</modDate>
  </com.dotmarketing.portlets.folders.model.Folder>
  <com.dotmarketing.portlets.folders.model.Folder>
    <iDate class="sql-timestamp">2014-07-28 15:38:57.513</iDate>
    <type>folder</type>
    <owner></owner>
    <inode>ed9de555-a3d7-46de-9e30-5d07b0f6342c</inode>
    <identifier>5a859d85-de71-45ae-a1a2-e5070bc58f53</identifier>
    <name>site-search</name>
    <sortOrder>0</sortOrder>
    <showOnMenu>false</showOnMenu>
    <hostId>48190c8c-42c4-46af-8d1a-0cd5db894797</hostId>
    <title>site-search</title>
    <defaultFileType>33888b6f-7a8e-4069-b1b6-5c1aa9d0a48d</defaultFileType>
    <modDate class="sql-timestamp">2014-07-28 15:38:57.521</modDate>
  </com.dotmarketing.portlets.folders.model.Folder>
  <com.dotmarketing.portlets.folders.model.Folder>
    <iDate class="sql-timestamp">2014-07-28 15:38:56.508</iDate>
    <type>folder</type>
    <owner></owner>
    <inode>b93ddfd9-dfca-4208-a804-94028250a4f6</inode>
    <identifier>2fc3a557-160b-4fb7-aed6-36eff978465b</identifier>
    <name>products</name>
    <sortOrder>0</sortOrder>
    <showOnMenu>false</showOnMenu>
    <hostId>48190c8c-42c4-46af-8d1a-0cd5db894797</hostId>
    <title>products</title>
    <defaultFileType>33888b6f-7a8e-4069-b1b6-5c1aa9d0a48d</defaultFileType>
    <modDate class="sql-timestamp">2014-07-28 15:38:56.517</modDate>
  </com.dotmarketing.portlets.folders.model.Folder>
  <com.dotmarketing.portlets.folders.model.Folder>
    <iDate class="sql-timestamp">2014-07-28 15:38:55.292</iDate>
    <type>folder</type>
    <owner></owner>
    <inode>aac16946-7d41-4f4c-a571-a11325f5bf8a</inode>
    <identifier>e9f9cf6d-bce0-4b09-8b01-9e68e7457480</identifier>
    <name>news</name>
    <sortOrder>0</sortOrder>
    <showOnMenu>false</showOnMenu>
    <hostId>48190c8c-42c4-46af-8d1a-0cd5db894797</hostId>
    <title>news</title>
    <defaultFileType>33888b6f-7a8e-4069-b1b6-5c1aa9d0a48d</defaultFileType>
    <modDate class="sql-timestamp">2014-07-28 15:38:55.301</modDate>
  </com.dotmarketing.portlets.folders.model.Folder>
  <com.dotmarketing.portlets.folders.model.Folder>
    <iDate class="sql-timestamp">2014-07-28 15:38:54.053</iDate>
    <type>folder</type>
    <owner></owner>
    <inode>c71a7abe-1567-4ce5-a6db-160cd378c7fb</inode>
    <identifier>9f23b54e-b7fd-41a1-af0b-fa299639c102</identifier>
    <name>locations</name>
    <sortOrder>0</sortOrder>
    <showOnMenu>false</showOnMenu>
    <hostId>48190c8c-42c4-46af-8d1a-0cd5db894797</hostId>
    <title>locations</title>
    <defaultFileType>33888b6f-7a8e-4069-b1b6-5c1aa9d0a48d</defaultFileType>
    <modDate class="sql-timestamp">2014-07-28 15:38:54.062</modDate>
  </com.dotmarketing.portlets.folders.model.Folder>
  <com.dotmarketing.portlets.folders.model.Folder>
    <iDate class="sql-timestamp">2014-07-28 15:38:51.84</iDate>
    <type>folder</type>
    <owner></owner>
    <inode>265bc4a1-45d6-4c97-a231-a28922027f05</inode>
    <identifier>8bafb316-0745-474c-9d46-d98dbdd56e23</identifier>
    <name>events</name>
    <sortOrder>0</sortOrder>
    <showOnMenu>false</showOnMenu>
    <hostId>48190c8c-42c4-46af-8d1a-0cd5db894797</hostId>
    <title>events</title>
    <defaultFileType>33888b6f-7a8e-4069-b1b6-5c1aa9d0a48d</defaultFileType>
    <modDate class="sql-timestamp">2014-07-28 15:38:51.878</modDate>
  </com.dotmarketing.portlets.folders.model.Folder>
  <com.dotmarketing.portlets.folders.model.Folder>
    <iDate class="sql-timestamp">2014-07-28 15:38:49.737</iDate>
    <type>folder</type>
    <owner></owner>
    <inode>ccf93cce-b338-413c-be45-db83b7cf1f27</inode>
    <identifier>fb311b57-3eff-4a8f-8b11-6a1b8790ba86</identifier>
    <name>documents</name>
    <sortOrder>0</sortOrder>
    <showOnMenu>false</showOnMenu>
    <hostId>48190c8c-42c4-46af-8d1a-0cd5db894797</hostId>
    <title>documents</title>
    <defaultFileType>33888b6f-7a8e-4069-b1b6-5c1aa9d0a48d</defaultFileType>
    <modDate class="sql-timestamp">2014-07-28 15:38:49.748</modDate>
  </com.dotmarketing.portlets.folders.model.Folder>
  <com.dotmarketing.portlets.folders.model.Folder>
    <iDate class="sql-timestamp">2014-07-28 15:38:47.554</iDate>
    <type>folder</type>
    <owner></owner>
    <inode>e8886773-1b73-45b2-8c4c-87bada3f010b</inode>
    <identifier>383cbccd-59f4-4a1b-a9a8-9d192aac30f6</identifier>
    <name>blog</name>
    <sortOrder>0</sortOrder>
    <showOnMenu>false</showOnMenu>
    <hostId>48190c8c-42c4-46af-8d1a-0cd5db894797</hostId>
    <title>blog</title>
    <defaultFileType>33888b6f-7a8e-4069-b1b6-5c1aa9d0a48d</defaultFileType>
    <modDate class="sql-timestamp">2014-07-28 15:38:47.566</modDate>
  </com.dotmarketing.portlets.folders.model.Folder>
  <com.dotmarketing.portlets.folders.model.Folder>
    <iDate class="sql-timestamp">2014-07-28 15:38:47.321</iDate>
    <type>folder</type>
    <owner></owner>
    <inode>923329a5-fd66-4645-be16-7dcc4ccfbb36</inode>
    <identifier>b99d08e7-63ad-4e5b-9fd2-3fb53b50e613</identifier>
    <name>pages</name>
    <sortOrder>0</sortOrder>
    <showOnMenu>false</showOnMenu>
    <hostId>48190c8c-42c4-46af-8d1a-0cd5db894797</hostId>
    <title>pages</title>
    <defaultFileType>33888b6f-7a8e-4069-b1b6-5c1aa9d0a48d</defaultFileType>
    <modDate class="sql-timestamp">2014-07-28 15:38:47.332</modDate>
  </com.dotmarketing.portlets.folders.model.Folder>
  <com.dotmarketing.portlets.folders.model.Folder>
    <iDate class="sql-timestamp">2014-07-28 15:38:18.246</iDate>
    <type>folder</type>
    <owner></owner>
    <inode>019d085c-c7ce-4db6-9c54-05340b25e542</inode>
    <identifier>88ad6b4c-a266-4e5e-a630-80e6f01cafcc</identifier>
    <name>twitter</name>
    <sortOrder>0</sortOrder>
    <showOnMenu>false</showOnMenu>
    <hostId>48190c8c-42c4-46af-8d1a-0cd5db894797</hostId>
    <title>twitter</title>
    <defaultFileType>33888b6f-7a8e-4069-b1b6-5c1aa9d0a48d</defaultFileType>
    <modDate class="sql-timestamp">2014-07-28 15:38:18.254</modDate>
  </com.dotmarketing.portlets.folders.model.Folder>
  <com.dotmarketing.portlets.folders.model.Folder>
    <iDate class="sql-timestamp">2014-07-28 15:38:10.336</iDate>
    <type>folder</type>
    <owner></owner>
    <inode>e40128fa-d786-4424-b602-9beafcc77041</inode>
    <identifier>86d8ee9b-5895-4ff6-bf51-b66482ca9fdf</identifier>
    <name>stock-quotes</name>
    <sortOrder>0</sortOrder>
    <showOnMenu>false</showOnMenu>
    <hostId>48190c8c-42c4-46af-8d1a-0cd5db894797</hostId>
    <title>stock-quotes</title>
    <defaultFileType>33888b6f-7a8e-4069-b1b6-5c1aa9d0a48d</defaultFileType>
    <modDate class="sql-timestamp">2014-07-28 15:38:10.344</modDate>
  </com.dotmarketing.portlets.folders.model.Folder>
  <com.dotmarketing.portlets.folders.model.Folder>
    <iDate class="sql-timestamp">2014-07-28 15:38:00.919</iDate>
    <type>folder</type>
    <owner></owner>
    <inode>89a82f72-3225-4403-9578-74c378fffce1</inode>
    <identifier>e5b90fdf-8fa4-4db7-8888-1b8a1d9b66cc</identifier>
    <name>news</name>
    <sortOrder>0</sortOrder>
    <showOnMenu>false</showOnMenu>
    <hostId>48190c8c-42c4-46af-8d1a-0cd5db894797</hostId>
    <title>news</title>
    <defaultFileType>33888b6f-7a8e-4069-b1b6-5c1aa9d0a48d</defaultFileType>
    <modDate class="sql-timestamp">2014-07-28 15:38:00.926</modDate>
  </com.dotmarketing.portlets.folders.model.Folder>
  <com.dotmarketing.portlets.folders.model.Folder>
    <iDate class="sql-timestamp">2014-07-28 15:37:42.088</iDate>
    <type>folder</type>
    <owner></owner>
    <inode>c2c9f644-5247-4269-88ff-ed89199a5360</inode>
    <identifier>61d82441-1720-4409-b7e3-cb17a9bed409</identifier>
    <name>add-this</name>
    <sortOrder>0</sortOrder>
    <showOnMenu>false</showOnMenu>
    <hostId>48190c8c-42c4-46af-8d1a-0cd5db894797</hostId>
    <title>add-this</title>
    <defaultFileType>33888b6f-7a8e-4069-b1b6-5c1aa9d0a48d</defaultFileType>
    <modDate class="sql-timestamp">2014-07-28 15:37:42.099</modDate>
  </com.dotmarketing.portlets.folders.model.Folder>
  <com.dotmarketing.portlets.folders.model.Folder>
    <iDate class="sql-timestamp">2014-07-25 21:39:08.173</iDate>
    <type>folder</type>
    <owner></owner>
    <inode>c1a001bd-fadf-4890-87b4-5152facb69f4</inode>
    <identifier>c5f62b2e-c4a6-4f13-b4b5-7d1a83fe4b75</identifier>
    <name>location</name>
    <sortOrder>0</sortOrder>
    <showOnMenu>false</showOnMenu>
    <hostId>48190c8c-42c4-46af-8d1a-0cd5db894797</hostId>
    <title>location</title>
    <defaultFileType>33888b6f-7a8e-4069-b1b6-5c1aa9d0a48d</defaultFileType>
    <modDate class="sql-timestamp">2014-07-25 21:39:08.181</modDate>
  </com.dotmarketing.portlets.folders.model.Folder>
  <com.dotmarketing.portlets.folders.model.Folder>
    <iDate class="sql-timestamp">2014-07-25 21:04:25.397</iDate>
    <type>folder</type>
    <owner></owner>
    <inode>57b91c28-b2e3-4436-b5f0-b7f539a3e359</inode>
    <identifier>5cd1b8ad-433c-4ea3-ac3a-7d09d4543b90</identifier>
    <name>google-maps</name>
    <sortOrder>0</sortOrder>
    <showOnMenu>false</showOnMenu>
    <hostId>48190c8c-42c4-46af-8d1a-0cd5db894797</hostId>
    <title>google-maps</title>
    <defaultFileType>33888b6f-7a8e-4069-b1b6-5c1aa9d0a48d</defaultFileType>
    <modDate class="sql-timestamp">2014-07-25 21:04:25.405</modDate>
  </com.dotmarketing.portlets.folders.model.Folder>
  <com.dotmarketing.portlets.folders.model.Folder>
    <iDate class="sql-timestamp">2014-07-25 20:59:34.996</iDate>
    <type>folder</type>
    <owner></owner>
    <inode>998a19a9-d8ac-4d98-a6fd-ec24858eb382</inode>
    <identifier>43f5d382-318e-4291-8a42-bd61252f1c5e</identifier>
    <name>image-gallery</name>
    <sortOrder>0</sortOrder>
    <showOnMenu>false</showOnMenu>
    <hostId>48190c8c-42c4-46af-8d1a-0cd5db894797</hostId>
    <title>image-gallery</title>
    <defaultFileType>33888b6f-7a8e-4069-b1b6-5c1aa9d0a48d</defaultFileType>
    <modDate class="sql-timestamp">2014-07-25 20:59:35.006</modDate>
  </com.dotmarketing.portlets.folders.model.Folder>
  <com.dotmarketing.portlets.folders.model.Folder>
    <iDate class="sql-timestamp">2014-07-25 20:56:20.188</iDate>
    <type>folder</type>
    <owner></owner>
    <inode>86b59c5b-f2d9-47f1-a4a5-59ebfbbb8c61</inode>
    <identifier>f99d94ab-10c3-4939-a40c-e6ec6a961cf6</identifier>
    <name>flickr</name>
    <sortOrder>0</sortOrder>
    <showOnMenu>false</showOnMenu>
    <hostId>48190c8c-42c4-46af-8d1a-0cd5db894797</hostId>
    <title>flickr</title>
    <defaultFileType>33888b6f-7a8e-4069-b1b6-5c1aa9d0a48d</defaultFileType>
    <modDate class="sql-timestamp">2014-07-25 20:56:20.199</modDate>
  </com.dotmarketing.portlets.folders.model.Folder>
  <com.dotmarketing.portlets.folders.model.Folder>
    <iDate class="sql-timestamp">2014-07-25 20:43:55.151</iDate>
    <type>folder</type>
    <owner></owner>
    <inode>3a130a14-036a-4cff-a3e7-09fd1aaed8e7</inode>
    <identifier>5d42aefe-f5dd-4c49-9952-45119ca73f0d</identifier>
    <name>videos</name>
    <sortOrder>0</sortOrder>
    <showOnMenu>false</showOnMenu>
    <hostId>48190c8c-42c4-46af-8d1a-0cd5db894797</hostId>
    <title>videos</title>
    <defaultFileType>33888b6f-7a8e-4069-b1b6-5c1aa9d0a48d</defaultFileType>
    <modDate class="sql-timestamp">2014-07-25 20:43:55.187</modDate>
  </com.dotmarketing.portlets.folders.model.Folder>
  <com.dotmarketing.portlets.folders.model.Folder>
    <iDate class="sql-timestamp">2014-07-25 20:39:08.823</iDate>
    <type>folder</type>
    <owner></owner>
    <inode>d8f7145d-5824-4669-b440-db019a0f13a8</inode>
    <identifier>06bd2c5d-d6b9-46dd-8cc0-0922ba961e99</identifier>
    <name>you-tube</name>
    <sortOrder>0</sortOrder>
    <showOnMenu>false</showOnMenu>
    <hostId>48190c8c-42c4-46af-8d1a-0cd5db894797</hostId>
    <title>you-tube</title>
    <defaultFileType>33888b6f-7a8e-4069-b1b6-5c1aa9d0a48d</defaultFileType>
    <modDate class="sql-timestamp">2014-07-25 20:39:08.84</modDate>
  </com.dotmarketing.portlets.folders.model.Folder>
  <com.dotmarketing.portlets.folders.model.Folder>
    <iDate class="sql-timestamp">2014-07-25 20:38:44.086</iDate>
    <type>folder</type>
    <owner>dotcms.org.1</owner>
    <inode>cb18b6c6-7921-41b7-a1bf-80e7e2e6e82d</inode>
    <identifier>fd6ca757-298d-4605-87c4-580c42c5d8f8</identifier>
    <name>widgets</name>
    <sortOrder>0</sortOrder>
    <showOnMenu>false</showOnMenu>
    <hostId>48190c8c-42c4-46af-8d1a-0cd5db894797</hostId>
    <title>widgets</title>
    <filesMasks></filesMasks>
    <defaultFileType>33888b6f-7a8e-4069-b1b6-5c1aa9d0a48d</defaultFileType>
    <modDate class="sql-timestamp">2014-07-25 20:38:44.091</modDate>
  </com.dotmarketing.portlets.folders.model.Folder>
  <com.dotmarketing.portlets.folders.model.Folder>
    <iDate class="sql-timestamp">2014-07-25 20:34:52.816</iDate>
    <type>folder</type>
    <owner>dotcms.org.1</owner>
    <inode>d2b11d98-e43f-4ee9-908e-d22ec00bc019</inode>
    <identifier>0d60f507-558c-4763-aea2-ce760d4fc1b0</identifier>
    <name>custom-fields</name>
    <sortOrder>0</sortOrder>
    <showOnMenu>false</showOnMenu>
    <hostId>48190c8c-42c4-46af-8d1a-0cd5db894797</hostId>
    <title>Custom Fields</title>
    <filesMasks></filesMasks>
    <defaultFileType>33888b6f-7a8e-4069-b1b6-5c1aa9d0a48d</defaultFileType>
    <modDate class="sql-timestamp">2014-07-25 20:34:52.82</modDate>
  </com.dotmarketing.portlets.folders.model.Folder>
  <com.dotmarketing.portlets.folders.model.Folder>
    <iDate class="sql-timestamp">2014-07-25 20:34:07.42</iDate>
    <type>folder</type>
    <owner>dotcms.org.1</owner>
    <inode>d274cc74-305f-4a61-9bdf-4695a01ab035</inode>
    <identifier>8b2d19e8-80eb-4184-86b3-1376674b683a</identifier>
    <name>vtl</name>
    <sortOrder>0</sortOrder>
    <showOnMenu>false</showOnMenu>
    <hostId>48190c8c-42c4-46af-8d1a-0cd5db894797</hostId>
    <title>vtl</title>
    <filesMasks></filesMasks>
    <defaultFileType>33888b6f-7a8e-4069-b1b6-5c1aa9d0a48d</defaultFileType>
    <modDate class="sql-timestamp">2014-07-25 20:34:07.467</modDate>
  </com.dotmarketing.portlets.folders.model.Folder>
  <com.dotmarketing.portlets.folders.model.Folder>
    <iDate class="sql-timestamp">2014-05-22 03:50:04.983</iDate>
    <type>folder</type>
    <owner></owner>
    <inode>18a1ad93-480b-4f73-8c9e-a6eec8a1b189</inode>
    <identifier>6950dea8-6790-4ec3-a136-549419141895</identifier>
    <name>vendors</name>
    <sortOrder>0</sortOrder>
    <showOnMenu>false</showOnMenu>
    <hostId>48190c8c-42c4-46af-8d1a-0cd5db894797</hostId>
    <title>vendors</title>
    <defaultFileType>33888b6f-7a8e-4069-b1b6-5c1aa9d0a48d</defaultFileType>
    <modDate class="sql-timestamp">2014-05-22 03:50:04.995</modDate>
  </com.dotmarketing.portlets.folders.model.Folder>
  <com.dotmarketing.portlets.folders.model.Folder>
    <iDate class="sql-timestamp">2014-05-22 03:50:03.284</iDate>
    <type>folder</type>
    <owner></owner>
    <inode>fda06ba6-4876-4c68-a572-7652426197dd</inode>
    <identifier>b9a7d2ac-407a-4f6b-a204-2cf28df75eca</identifier>
    <name>js</name>
    <sortOrder>0</sortOrder>
    <showOnMenu>false</showOnMenu>
    <hostId>48190c8c-42c4-46af-8d1a-0cd5db894797</hostId>
    <title>js</title>
    <defaultFileType>33888b6f-7a8e-4069-b1b6-5c1aa9d0a48d</defaultFileType>
    <modDate class="sql-timestamp">2014-05-22 03:50:03.295</modDate>
  </com.dotmarketing.portlets.folders.model.Folder>
  <com.dotmarketing.portlets.folders.model.Folder>
    <iDate class="sql-timestamp">2014-05-22 03:49:54.859</iDate>
    <type>folder</type>
    <owner></owner>
    <inode>369fef02-91b1-484a-801c-75430ec0cc98</inode>
    <identifier>a51380f8-a87a-4a5a-8ead-1db098a0c016</identifier>
    <name>layout</name>
    <sortOrder>0</sortOrder>
    <showOnMenu>false</showOnMenu>
    <hostId>48190c8c-42c4-46af-8d1a-0cd5db894797</hostId>
    <title>layout</title>
    <defaultFileType>33888b6f-7a8e-4069-b1b6-5c1aa9d0a48d</defaultFileType>
    <modDate class="sql-timestamp">2014-05-22 03:49:54.961</modDate>
  </com.dotmarketing.portlets.folders.model.Folder>
  <com.dotmarketing.portlets.folders.model.Folder>
    <iDate class="sql-timestamp">2014-05-22 03:49:54.362</iDate>
    <type>folder</type>
    <owner></owner>
    <inode>dec31e3d-4010-42f8-815c-c1f9f1e292e0</inode>
    <identifier>35d3708e-affd-4ad0-8435-562de0b6467b</identifier>
    <name>images</name>
    <sortOrder>0</sortOrder>
    <showOnMenu>false</showOnMenu>
    <hostId>48190c8c-42c4-46af-8d1a-0cd5db894797</hostId>
    <title>images</title>
    <defaultFileType>33888b6f-7a8e-4069-b1b6-5c1aa9d0a48d</defaultFileType>
    <modDate class="sql-timestamp">2014-05-22 03:49:54.373</modDate>
  </com.dotmarketing.portlets.folders.model.Folder>
  <com.dotmarketing.portlets.folders.model.Folder>
    <iDate class="sql-timestamp">2014-05-22 03:49:14.422</iDate>
    <type>folder</type>
    <owner></owner>
    <inode>a23dd6d1-29b7-4f9d-9b44-ff234151f339</inode>
    <identifier>b66a3d45-a702-47f4-971b-7ff784806c73</identifier>
    <name>font</name>
    <sortOrder>0</sortOrder>
    <showOnMenu>false</showOnMenu>
    <hostId>48190c8c-42c4-46af-8d1a-0cd5db894797</hostId>
    <title>font</title>
    <defaultFileType>33888b6f-7a8e-4069-b1b6-5c1aa9d0a48d</defaultFileType>
    <modDate class="sql-timestamp">2014-05-22 03:49:14.43</modDate>
  </com.dotmarketing.portlets.folders.model.Folder>
  <com.dotmarketing.portlets.folders.model.Folder>
    <iDate class="sql-timestamp">2014-05-22 03:49:13.936</iDate>
    <type>folder</type>
    <owner></owner>
    <inode>692be3b4-aa35-4162-a925-d332078605da</inode>
    <identifier>63ceb9b6-860f-43c2-bcfe-d76afbc4313d</identifier>
    <name>video.js</name>
    <sortOrder>0</sortOrder>
    <showOnMenu>false</showOnMenu>
    <hostId>48190c8c-42c4-46af-8d1a-0cd5db894797</hostId>
    <title>video.js</title>
    <defaultFileType>33888b6f-7a8e-4069-b1b6-5c1aa9d0a48d</defaultFileType>
    <modDate class="sql-timestamp">2014-05-22 03:49:13.946</modDate>
  </com.dotmarketing.portlets.folders.model.Folder>
  <com.dotmarketing.portlets.folders.model.Folder>
    <iDate class="sql-timestamp">2014-05-22 03:49:12.989</iDate>
    <type>folder</type>
    <owner></owner>
    <inode>4c288fbe-d219-40a3-bfb9-9e1879c756cf</inode>
    <identifier>2232003d-d0df-46bb-955d-3c8d956ed721</identifier>
    <name>respond</name>
    <sortOrder>0</sortOrder>
    <showOnMenu>false</showOnMenu>
    <hostId>48190c8c-42c4-46af-8d1a-0cd5db894797</hostId>
    <title>respond</title>
    <defaultFileType>33888b6f-7a8e-4069-b1b6-5c1aa9d0a48d</defaultFileType>
    <modDate class="sql-timestamp">2014-05-22 03:49:12.999</modDate>
  </com.dotmarketing.portlets.folders.model.Folder>
  <com.dotmarketing.portlets.folders.model.Folder>
    <iDate class="sql-timestamp">2014-05-22 03:49:10.536</iDate>
    <type>folder</type>
    <owner></owner>
    <inode>6287e70d-6a39-470e-9b46-32025c32623b</inode>
    <identifier>0efb1d67-d811-4b8d-a2fc-a28bba9e28f5</identifier>
    <name>jquery</name>
    <sortOrder>0</sortOrder>
    <showOnMenu>false</showOnMenu>
    <hostId>48190c8c-42c4-46af-8d1a-0cd5db894797</hostId>
    <title>jquery</title>
    <defaultFileType>33888b6f-7a8e-4069-b1b6-5c1aa9d0a48d</defaultFileType>
    <modDate class="sql-timestamp">2014-05-22 03:49:10.545</modDate>
  </com.dotmarketing.portlets.folders.model.Folder>
  <com.dotmarketing.portlets.folders.model.Folder>
    <iDate class="sql-timestamp">2014-05-22 03:49:01.786</iDate>
    <type>folder</type>
    <owner></owner>
    <inode>946f0d8f-ed6c-48f9-bf34-53d0f1f2e6a3</inode>
    <identifier>851db456-3e44-4075-ad73-eddd481ebef4</identifier>
    <name>less</name>
    <sortOrder>0</sortOrder>
    <showOnMenu>false</showOnMenu>
    <hostId>48190c8c-42c4-46af-8d1a-0cd5db894797</hostId>
    <title>less</title>
    <defaultFileType>33888b6f-7a8e-4069-b1b6-5c1aa9d0a48d</defaultFileType>
    <modDate class="sql-timestamp">2014-05-22 03:49:01.795</modDate>
  </com.dotmarketing.portlets.folders.model.Folder>
  <com.dotmarketing.portlets.folders.model.Folder>
    <iDate class="sql-timestamp">2014-05-22 03:48:47.473</iDate>
    <type>folder</type>
    <owner></owner>
    <inode>2a8c055c-6d19-4c6c-b8a9-c26d8c60c0af</inode>
    <identifier>21daead3-bee2-452f-93a0-86e21afd5511</identifier>
    <name>fonts</name>
    <sortOrder>0</sortOrder>
    <showOnMenu>false</showOnMenu>
    <hostId>48190c8c-42c4-46af-8d1a-0cd5db894797</hostId>
    <title>fonts</title>
    <defaultFileType>33888b6f-7a8e-4069-b1b6-5c1aa9d0a48d</defaultFileType>
    <modDate class="sql-timestamp">2014-05-22 03:48:47.505</modDate>
  </com.dotmarketing.portlets.folders.model.Folder>
  <com.dotmarketing.portlets.folders.model.Folder>
    <iDate class="sql-timestamp">2014-05-22 03:48:46.967</iDate>
    <type>folder</type>
    <owner></owner>
    <inode>1dcd4a3b-9dfd-4ebe-b0b6-e8eefa31443b</inode>
    <identifier>d486cb95-5f22-4830-a9b4-c3949add3b91</identifier>
    <name>font-awesome</name>
    <sortOrder>0</sortOrder>
    <showOnMenu>false</showOnMenu>
    <hostId>48190c8c-42c4-46af-8d1a-0cd5db894797</hostId>
    <title>font-awesome</title>
    <defaultFileType>33888b6f-7a8e-4069-b1b6-5c1aa9d0a48d</defaultFileType>
    <modDate class="sql-timestamp">2014-05-22 03:48:46.974</modDate>
  </com.dotmarketing.portlets.folders.model.Folder>
  <com.dotmarketing.portlets.folders.model.Folder>
    <iDate class="sql-timestamp">2014-05-22 03:48:39.776</iDate>
    <type>folder</type>
    <owner></owner>
    <inode>1d505da1-cfbc-41a3-be58-613a84bc48af</inode>
    <identifier>59be4f44-2a43-4b08-8934-50cb43268135</identifier>
    <name>helpers</name>
    <sortOrder>0</sortOrder>
    <showOnMenu>false</showOnMenu>
    <hostId>48190c8c-42c4-46af-8d1a-0cd5db894797</hostId>
    <title>helpers</title>
    <defaultFileType>33888b6f-7a8e-4069-b1b6-5c1aa9d0a48d</defaultFileType>
    <modDate class="sql-timestamp">2014-05-22 03:48:39.823</modDate>
  </com.dotmarketing.portlets.folders.model.Folder>
  <com.dotmarketing.portlets.folders.model.Folder>
    <iDate class="sql-timestamp">2014-05-22 03:48:35.224</iDate>
    <type>folder</type>
    <owner></owner>
    <inode>9e380d24-2da0-4081-bbf5-77f319de43f0</inode>
    <identifier>25adb865-8954-4e55-9a25-dcdaf550b05d</identifier>
    <name>source</name>
    <sortOrder>0</sortOrder>
    <showOnMenu>false</showOnMenu>
    <hostId>48190c8c-42c4-46af-8d1a-0cd5db894797</hostId>
    <title>source</title>
    <defaultFileType>33888b6f-7a8e-4069-b1b6-5c1aa9d0a48d</defaultFileType>
    <modDate class="sql-timestamp">2014-05-22 03:48:35.233</modDate>
  </com.dotmarketing.portlets.folders.model.Folder>
  <com.dotmarketing.portlets.folders.model.Folder>
    <iDate class="sql-timestamp">2014-05-22 03:48:34.73</iDate>
    <type>folder</type>
    <owner></owner>
    <inode>f06cea2c-6277-4ceb-9331-939eeb6ad958</inode>
    <identifier>41ed13dc-b986-4900-96f4-5744c631fa9e</identifier>
    <name>fancybox</name>
    <sortOrder>0</sortOrder>
    <showOnMenu>false</showOnMenu>
    <hostId>48190c8c-42c4-46af-8d1a-0cd5db894797</hostId>
    <title>fancybox</title>
    <defaultFileType>33888b6f-7a8e-4069-b1b6-5c1aa9d0a48d</defaultFileType>
    <modDate class="sql-timestamp">2014-05-22 03:48:34.75</modDate>
  </com.dotmarketing.portlets.folders.model.Folder>
  <com.dotmarketing.portlets.folders.model.Folder>
    <iDate class="sql-timestamp">2014-05-22 03:48:32.466</iDate>
    <type>folder</type>
    <owner></owner>
    <inode>24ebfd55-5abd-4cb7-8d1d-79a5026e679b</inode>
    <identifier>4b6a16ef-e33c-4a14-8939-3234df47cc58</identifier>
    <name>public</name>
    <sortOrder>0</sortOrder>
    <showOnMenu>false</showOnMenu>
    <hostId>48190c8c-42c4-46af-8d1a-0cd5db894797</hostId>
    <title>public</title>
    <defaultFileType>33888b6f-7a8e-4069-b1b6-5c1aa9d0a48d</defaultFileType>
    <modDate class="sql-timestamp">2014-05-22 03:48:32.489</modDate>
  </com.dotmarketing.portlets.folders.model.Folder>
  <com.dotmarketing.portlets.folders.model.Folder>
    <iDate class="sql-timestamp">2014-05-22 03:48:31.988</iDate>
    <type>folder</type>
    <owner></owner>
    <inode>2430c04d-b9c4-41c4-b16c-c5672649d130</inode>
    <identifier>b17475c9-1a99-4558-b471-18e073b78fde</identifier>
    <name>chosen</name>
    <sortOrder>0</sortOrder>
    <showOnMenu>false</showOnMenu>
    <hostId>48190c8c-42c4-46af-8d1a-0cd5db894797</hostId>
    <title>chosen</title>
    <defaultFileType>33888b6f-7a8e-4069-b1b6-5c1aa9d0a48d</defaultFileType>
    <modDate class="sql-timestamp">2014-05-22 03:48:31.998</modDate>
  </com.dotmarketing.portlets.folders.model.Folder>
  <com.dotmarketing.portlets.folders.model.Folder>
    <iDate class="sql-timestamp">2014-05-22 03:48:05.991</iDate>
    <type>folder</type>
    <owner></owner>
    <inode>3bf52d14-da3c-4e44-9a0e-1e647f60a770</inode>
    <identifier>7dd4788f-1ce8-4b47-8f10-eb12724b9c93</identifier>
    <name>less</name>
    <sortOrder>0</sortOrder>
    <showOnMenu>false</showOnMenu>
    <hostId>48190c8c-42c4-46af-8d1a-0cd5db894797</hostId>
    <title>less</title>
    <defaultFileType>33888b6f-7a8e-4069-b1b6-5c1aa9d0a48d</defaultFileType>
    <modDate class="sql-timestamp">2014-05-22 03:48:06.002</modDate>
  </com.dotmarketing.portlets.folders.model.Folder>
  <com.dotmarketing.portlets.folders.model.Folder>
    <iDate class="sql-timestamp">2014-05-22 03:48:00.877</iDate>
    <type>folder</type>
    <owner></owner>
    <inode>199f53a9-203b-423a-959b-c91846d8bc5c</inode>
    <identifier>b2b8183c-94bf-4f07-850c-ac757a4e379b</identifier>
    <name>fonts</name>
    <sortOrder>0</sortOrder>
    <showOnMenu>false</showOnMenu>
    <hostId>48190c8c-42c4-46af-8d1a-0cd5db894797</hostId>
    <title>fonts</title>
    <defaultFileType>33888b6f-7a8e-4069-b1b6-5c1aa9d0a48d</defaultFileType>
    <modDate class="sql-timestamp">2014-05-22 03:48:00.886</modDate>
  </com.dotmarketing.portlets.folders.model.Folder>
  <com.dotmarketing.portlets.folders.model.Folder>
    <iDate class="sql-timestamp">2014-05-22 03:48:00.39</iDate>
    <type>folder</type>
    <owner></owner>
    <inode>fe9648d2-cbcc-4472-94bc-982553abbd57</inode>
    <identifier>01a85977-1dc9-43af-8af7-1cd3a39907f3</identifier>
    <name>bootstrap</name>
    <sortOrder>0</sortOrder>
    <showOnMenu>false</showOnMenu>
    <hostId>48190c8c-42c4-46af-8d1a-0cd5db894797</hostId>
    <title>bootstrap</title>
    <defaultFileType>33888b6f-7a8e-4069-b1b6-5c1aa9d0a48d</defaultFileType>
    <modDate class="sql-timestamp">2014-05-22 03:48:00.402</modDate>
  </com.dotmarketing.portlets.folders.model.Folder>
  <com.dotmarketing.portlets.folders.model.Folder>
    <iDate class="sql-timestamp">2014-05-22 03:47:59.782</iDate>
    <type>folder</type>
    <owner></owner>
    <inode>57bc8977-e886-4dc3-8043-1a73c8268e8c</inode>
    <identifier>716ed483-22f0-4fcb-8d4e-9c1646fecc97</identifier>
    <name>_bower_components</name>
    <sortOrder>0</sortOrder>
    <showOnMenu>false</showOnMenu>
    <hostId>48190c8c-42c4-46af-8d1a-0cd5db894797</hostId>
    <title>_bower_components</title>
    <defaultFileType>33888b6f-7a8e-4069-b1b6-5c1aa9d0a48d</defaultFileType>
    <modDate class="sql-timestamp">2014-05-22 03:47:59.8</modDate>
  </com.dotmarketing.portlets.folders.model.Folder>
  <com.dotmarketing.portlets.folders.model.Folder>
    <iDate class="sql-timestamp">2014-04-24 23:32:06.033</iDate>
    <type>folder</type>
    <inode>79479e0e-87d0-4260-9c12-3f05e303adcc</inode>
    <identifier>99664a13-301a-4d98-aa78-8bf31787e0cb</identifier>
    <name>quest</name>
    <sortOrder>0</sortOrder>
    <showOnMenu>false</showOnMenu>
    <hostId>48190c8c-42c4-46af-8d1a-0cd5db894797</hostId>
    <title>quest</title>
    <filesMasks></filesMasks>
    <defaultFileType>33888b6f-7a8e-4069-b1b6-5c1aa9d0a48d</defaultFileType>
    <modDate class="sql-timestamp">2014-05-22 04:00:49.373</modDate>
  </com.dotmarketing.portlets.folders.model.Folder>
  <com.dotmarketing.portlets.folders.model.Folder>
    <iDate class="sql-timestamp">2012-12-05 20:09:43.435</iDate>
    <type>folder</type>
    <owner>dotcms.org.1</owner>
    <inode>b9b861ef-cdd5-4250-927a-b028c7c5a708</inode>
    <identifier>3381117c-f3df-4741-ac18-b5466e17cc29</identifier>
    <name>photos</name>
    <sortOrder>0</sortOrder>
    <showOnMenu>false</showOnMenu>
    <hostId>48190c8c-42c4-46af-8d1a-0cd5db894797</hostId>
    <title>photos</title>
    <filesMasks></filesMasks>
    <defaultFileType>33888b6f-7a8e-4069-b1b6-5c1aa9d0a48d</defaultFileType>
    <modDate class="sql-timestamp">2014-03-21 14:11:18.793413</modDate>
  </com.dotmarketing.portlets.folders.model.Folder>
  <com.dotmarketing.portlets.folders.model.Folder>
    <iDate class="sql-timestamp">2012-11-15 18:38:34.019</iDate>
    <type>folder</type>
    <owner>dotcms.org.1</owner>
    <inode>8abef141-96d0-4092-ab8e-5dc3c3776c54</inode>
    <identifier>9dbaa2c3-92e6-466b-b82b-27fa62c0c1f5</identifier>
    <name>events</name>
    <sortOrder>1</sortOrder>
    <showOnMenu>true</showOnMenu>
    <hostId>48190c8c-42c4-46af-8d1a-0cd5db894797</hostId>
    <title>Events</title>
    <filesMasks></filesMasks>
    <defaultFileType>33888b6f-7a8e-4069-b1b6-5c1aa9d0a48d</defaultFileType>
    <modDate class="sql-timestamp">2014-03-21 14:11:18.793413</modDate>
  </com.dotmarketing.portlets.folders.model.Folder>
  <com.dotmarketing.portlets.folders.model.Folder>
    <iDate class="sql-timestamp">2012-11-15 18:32:54.053</iDate>
    <type>folder</type>
    <owner>dotcms.org.1</owner>
    <inode>c0884a17-7699-4693-9049-ce626a8249c3</inode>
    <identifier>82f833f9-e825-4cfd-ab6a-786637c772c4</identifier>
    <name>news</name>
    <sortOrder>0</sortOrder>
    <showOnMenu>true</showOnMenu>
    <hostId>48190c8c-42c4-46af-8d1a-0cd5db894797</hostId>
    <title>News</title>
    <filesMasks></filesMasks>
    <defaultFileType>33888b6f-7a8e-4069-b1b6-5c1aa9d0a48d</defaultFileType>
    <modDate class="sql-timestamp">2014-03-21 14:11:18.793413</modDate>
  </com.dotmarketing.portlets.folders.model.Folder>
  <com.dotmarketing.portlets.folders.model.Folder>
    <iDate class="sql-timestamp">2012-11-14 20:35:49.059</iDate>
    <type>folder</type>
    <inode>d19a2815-1037-4a17-bce5-7a36eeaa8d54</inode>
    <identifier>9ac5703f-d954-48ca-8f7e-c0fe261f91bb</identifier>
    <name>locations</name>
    <sortOrder>2</sortOrder>
    <showOnMenu>true</showOnMenu>
    <hostId>48190c8c-42c4-46af-8d1a-0cd5db894797</hostId>
    <title>Locations</title>
    <filesMasks></filesMasks>
    <defaultFileType>33888b6f-7a8e-4069-b1b6-5c1aa9d0a48d</defaultFileType>
    <modDate class="sql-timestamp">2014-03-21 14:11:18.793413</modDate>
  </com.dotmarketing.portlets.folders.model.Folder>
  <com.dotmarketing.portlets.folders.model.Folder>
    <iDate class="sql-timestamp">2012-11-08 22:25:32.676</iDate>
    <type>folder</type>
    <owner>dotcms.org.1</owner>
    <inode>e79e85b8-5d38-4b81-a8d3-095e585ddc3a</inode>
    <identifier>fd47f91c-7110-4ed3-b005-f1ca35fe1a71</identifier>
    <name>icons</name>
    <sortOrder>0</sortOrder>
    <showOnMenu>false</showOnMenu>
    <hostId>48190c8c-42c4-46af-8d1a-0cd5db894797</hostId>
    <title>Icons</title>
    <filesMasks></filesMasks>
    <defaultFileType>33888b6f-7a8e-4069-b1b6-5c1aa9d0a48d</defaultFileType>
    <modDate class="sql-timestamp">2014-03-21 14:11:18.793413</modDate>
  </com.dotmarketing.portlets.folders.model.Folder>
  <com.dotmarketing.portlets.folders.model.Folder>
    <iDate class="sql-timestamp">2012-11-08 22:25:10.289</iDate>
    <type>folder</type>
    <owner>dotcms.org.1</owner>
    <inode>2ad0dd36-5b07-41ac-b9f5-c7c54085ac58</inode>
    <identifier>8ddef32b-89f3-47ab-80bb-a46ec89046db</identifier>
    <name>images</name>
    <sortOrder>0</sortOrder>
    <showOnMenu>false</showOnMenu>
    <hostId>48190c8c-42c4-46af-8d1a-0cd5db894797</hostId>
    <title>Images</title>
    <filesMasks></filesMasks>
    <defaultFileType>33888b6f-7a8e-4069-b1b6-5c1aa9d0a48d</defaultFileType>
    <modDate class="sql-timestamp">2014-03-21 14:11:18.793413</modDate>
  </com.dotmarketing.portlets.folders.model.Folder>
  <com.dotmarketing.portlets.folders.model.Folder>
    <iDate class="sql-timestamp">2012-10-15 20:35:14.322</iDate>
    <type>folder</type>
    <owner></owner>
    <inode>8c31a241-9dce-434a-8b77-ec902155307d</inode>
    <identifier>4aa37d39-41c0-4a99-bb22-f7580dbe9dcc</identifier>
    <name>themes</name>
    <sortOrder>0</sortOrder>
    <showOnMenu>false</showOnMenu>
    <hostId>48190c8c-42c4-46af-8d1a-0cd5db894797</hostId>
    <title>themes</title>
    <defaultFileType>33888b6f-7a8e-4069-b1b6-5c1aa9d0a48d</defaultFileType>
    <modDate class="sql-timestamp">2014-03-21 14:11:18.793413</modDate>
  </com.dotmarketing.portlets.folders.model.Folder>
  <com.dotmarketing.portlets.folders.model.Folder>
    <iDate class="sql-timestamp">2012-07-05 16:19:32.31</iDate>
    <type>folder</type>
    <owner>dotcms.org.1</owner>
    <inode>dbda9d5d-06a4-432c-9347-855acbfe3c94</inode>
    <identifier>14e4c36d-2fa5-4556-8c03-81c19c884437</identifier>
    <name>documents</name>
    <sortOrder>0</sortOrder>
    <showOnMenu>false</showOnMenu>
    <hostId>48190c8c-42c4-46af-8d1a-0cd5db894797</hostId>
    <title>documents</title>
    <filesMasks></filesMasks>
    <defaultFileType>d8262b9f-84ea-46f9-88c4-0c8959271d67</defaultFileType>
    <modDate class="sql-timestamp">2014-03-21 14:11:18.793413</modDate>
  </com.dotmarketing.portlets.folders.model.Folder>
  <com.dotmarketing.portlets.folders.model.Folder>
    <iDate class="sql-timestamp">2012-06-25 15:34:24.846</iDate>
    <type>folder</type>
    <inode>88051711-96d3-4f0b-997d-cc414daded48</inode>
    <identifier>01f64a4e-d5af-4da2-94fc-b4fa4cc18aa3</identifier>
    <name>intranet</name>
    <sortOrder>0</sortOrder>
    <showOnMenu>false</showOnMenu>
    <hostId>48190c8c-42c4-46af-8d1a-0cd5db894797</hostId>
    <title>intranet</title>
    <filesMasks></filesMasks>
    <defaultFileType>33888b6f-7a8e-4069-b1b6-5c1aa9d0a48d</defaultFileType>
    <modDate class="sql-timestamp">2014-03-21 14:11:18.793413</modDate>
  </com.dotmarketing.portlets.folders.model.Folder>
  <com.dotmarketing.portlets.folders.model.Folder>
    <iDate class="sql-timestamp">2012-05-22 13:38:43.358</iDate>
    <type>folder</type>
    <inode>12167305-1d6d-43e4-a6d0-9795570cec7f</inode>
    <identifier>4ddafa95-0089-4f29-8226-653338f9811a</identifier>
    <name>res-images</name>
    <sortOrder>0</sortOrder>
    <showOnMenu>false</showOnMenu>
    <hostId>48190c8c-42c4-46af-8d1a-0cd5db894797</hostId>
    <title>images</title>
    <filesMasks></filesMasks>
    <defaultFileType>d8262b9f-84ea-46f9-88c4-0c8959271d67</defaultFileType>
    <modDate class="sql-timestamp">2015-02-03 04:24:39.841</modDate>
  </com.dotmarketing.portlets.folders.model.Folder>
  <com.dotmarketing.portlets.folders.model.Folder>
    <iDate class="sql-timestamp">2012-05-22 13:38:37.455</iDate>
    <type>folder</type>
    <inode>f2554b49-d307-44c2-a893-d7f42a912b73</inode>
    <identifier>25359fb7-44c4-4538-803b-276a8588a5b1</identifier>
    <name>res-documents</name>
    <sortOrder>0</sortOrder>
    <showOnMenu>false</showOnMenu>
    <hostId>48190c8c-42c4-46af-8d1a-0cd5db894797</hostId>
    <title>documents</title>
    <filesMasks></filesMasks>
    <defaultFileType>d8262b9f-84ea-46f9-88c4-0c8959271d67</defaultFileType>
    <modDate class="sql-timestamp">2015-02-03 04:25:00.628</modDate>
  </com.dotmarketing.portlets.folders.model.Folder>
  <com.dotmarketing.portlets.folders.model.Folder>
    <iDate class="sql-timestamp">2012-03-02 20:46:30.47</iDate>
    <type>folder</type>
    <inode>c8e28fe2-1b00-41d6-b26c-5cadbf756699</inode>
    <identifier>34d7d7ae-f62f-4ad8-85fd-2d390300eb4f</identifier>
    <name>wealth-managers</name>
    <sortOrder>3</sortOrder>
    <showOnMenu>true</showOnMenu>
    <hostId>48190c8c-42c4-46af-8d1a-0cd5db894797</hostId>
    <title>Wealth Managers</title>
    <filesMasks></filesMasks>
    <defaultFileType>33888b6f-7a8e-4069-b1b6-5c1aa9d0a48d</defaultFileType>
    <modDate class="sql-timestamp">2016-01-27 14:03:33.121</modDate>
  </com.dotmarketing.portlets.folders.model.Folder>
  <com.dotmarketing.portlets.folders.model.Folder>
    <iDate class="sql-timestamp">2012-03-01 18:50:04.292</iDate>
    <type>folder</type>
    <owner>dotcms.org.1</owner>
    <inode>303676ba-8bca-45a2-a3e7-04e1b4ce92f2</inode>
    <identifier>2abe28a0-0bd3-47c4-aed0-b4db62625bb0</identifier>
    <name>login</name>
    <sortOrder>0</sortOrder>
    <showOnMenu>false</showOnMenu>
    <hostId>48190c8c-42c4-46af-8d1a-0cd5db894797</hostId>
    <title>Login</title>
    <filesMasks></filesMasks>
    <defaultFileType>33888b6f-7a8e-4069-b1b6-5c1aa9d0a48d</defaultFileType>
    <modDate class="sql-timestamp">2014-03-21 14:11:18.793413</modDate>
  </com.dotmarketing.portlets.folders.model.Folder>
  <com.dotmarketing.portlets.folders.model.Folder>
    <iDate class="sql-timestamp">2012-03-01 18:49:48.711</iDate>
    <type>folder</type>
    <owner>dotcms.org.1</owner>
    <inode>83bb5752-4264-43c4-84c8-28176603431a</inode>
    <identifier>81f17c44-d2e2-49fb-a24e-a65ca8c6d9de</identifier>
    <name>application</name>
    <sortOrder>0</sortOrder>
    <showOnMenu>false</showOnMenu>
    <hostId>48190c8c-42c4-46af-8d1a-0cd5db894797</hostId>
    <title>Application</title>
    <filesMasks></filesMasks>
    <defaultFileType>33888b6f-7a8e-4069-b1b6-5c1aa9d0a48d</defaultFileType>
    <modDate class="sql-timestamp">2014-03-21 14:11:18.793413</modDate>
  </com.dotmarketing.portlets.folders.model.Folder>
  <com.dotmarketing.portlets.folders.model.Folder>
    <iDate class="sql-timestamp">2011-12-16 19:27:32.572</iDate>
    <type>folder</type>
    <inode>8a00a924-1183-43d5-9251-7a873c04ab37</inode>
    <identifier>5d65a89d-870d-431e-848f-067ad7c08585</identifier>
    <name>res-videos</name>
    <sortOrder>0</sortOrder>
    <showOnMenu>false</showOnMenu>
    <hostId>48190c8c-42c4-46af-8d1a-0cd5db894797</hostId>
    <title>Videos</title>
    <filesMasks>*.mov, *.mp4, *.ogg, *.ogv, *.webm</filesMasks>
    <defaultFileType>d8262b9f-84ea-46f9-88c4-0c8959271d67</defaultFileType>
    <modDate class="sql-timestamp">2015-02-03 04:24:48.738</modDate>
  </com.dotmarketing.portlets.folders.model.Folder>
  <com.dotmarketing.portlets.folders.model.Folder>
    <iDate class="sql-timestamp">2011-08-25 19:01:52.907</iDate>
    <type>folder</type>
    <owner>dotcms.org.1</owner>
    <inode>fa455fb5-b961-4d0c-9e63-e79a8ba8622a</inode>
    <identifier>3d765e9c-5267-4c5c-839c-4120cffe58f5</identifier>
    <name>blogs</name>
    <sortOrder>0</sortOrder>
    <showOnMenu>false</showOnMenu>
    <hostId>48190c8c-42c4-46af-8d1a-0cd5db894797</hostId>
    <title>blogs</title>
    <filesMasks></filesMasks>
    <defaultFileType>33888b6f-7a8e-4069-b1b6-5c1aa9d0a48d</defaultFileType>
    <modDate class="sql-timestamp">2014-03-21 14:11:18.793413</modDate>
  </com.dotmarketing.portlets.folders.model.Folder>
  <com.dotmarketing.portlets.folders.model.Folder>
    <iDate class="sql-timestamp">2011-07-05 16:12:29.91</iDate>
    <type>folder</type>
    <inode>e4266fcb-f47c-457b-a992-9f5462541df8</inode>
    <identifier>7d6186b0-92a2-4ef3-be4d-58b70fb7fb89</identifier>
    <name>news-events</name>
    <sortOrder>4</sortOrder>
    <showOnMenu>true</showOnMenu>
    <hostId>48190c8c-42c4-46af-8d1a-0cd5db894797</hostId>
    <title>News &amp; Events</title>
    <filesMasks></filesMasks>
    <defaultFileType>33888b6f-7a8e-4069-b1b6-5c1aa9d0a48d</defaultFileType>
    <modDate class="sql-timestamp">2014-03-21 14:11:18.793413</modDate>
  </com.dotmarketing.portlets.folders.model.Folder>
  <com.dotmarketing.portlets.folders.model.Folder>
    <iDate class="sql-timestamp">2011-06-28 17:15:40.788</iDate>
    <type>folder</type>
    <inode>9c5e78a9-62ce-48e0-99ce-6817b0f5c2f3</inode>
    <identifier>f2626d92-4c45-41aa-b749-769aff8f2d99</identifier>
    <name>contact-us</name>
    <sortOrder>0</sortOrder>
    <showOnMenu>false</showOnMenu>
    <hostId>48190c8c-42c4-46af-8d1a-0cd5db894797</hostId>
    <title>Contact Us</title>
    <filesMasks></filesMasks>
    <defaultFileType>33888b6f-7a8e-4069-b1b6-5c1aa9d0a48d</defaultFileType>
    <modDate class="sql-timestamp">2014-03-21 14:11:18.793413</modDate>
  </com.dotmarketing.portlets.folders.model.Folder>
  <com.dotmarketing.portlets.folders.model.Folder>
    <iDate class="sql-timestamp">2011-06-28 17:15:06.169</iDate>
    <type>folder</type>
    <owner>dotcms.org.1</owner>
    <inode>ce49e1e7-4d0f-4af2-a87c-5e9c5562278c</inode>
    <identifier>84927f50-2cff-42e0-be37-777e619f477e</identifier>
    <name>our-team</name>
    <sortOrder>3</sortOrder>
    <showOnMenu>true</showOnMenu>
    <hostId>48190c8c-42c4-46af-8d1a-0cd5db894797</hostId>
    <title>Our Team</title>
    <filesMasks></filesMasks>
    <defaultFileType>33888b6f-7a8e-4069-b1b6-5c1aa9d0a48d</defaultFileType>
    <modDate class="sql-timestamp">2014-03-21 14:11:18.793413</modDate>
  </com.dotmarketing.portlets.folders.model.Folder>
  <com.dotmarketing.portlets.folders.model.Folder>
    <iDate class="sql-timestamp">2011-06-28 17:14:38.767</iDate>
    <type>folder</type>
    <inode>b37bed19-b1fd-497d-be5e-f8cc33c3fb8d</inode>
    <identifier>6486802b-902f-49f2-84f0-3d6b04e9b66c</identifier>
    <name>resources</name>
    <sortOrder>3</sortOrder>
    <showOnMenu>true</showOnMenu>
    <hostId>48190c8c-42c4-46af-8d1a-0cd5db894797</hostId>
    <title>Resources</title>
    <filesMasks></filesMasks>
    <defaultFileType>d8262b9f-84ea-46f9-88c4-0c8959271d67</defaultFileType>
    <modDate class="sql-timestamp">2014-03-21 14:11:18.793413</modDate>
  </com.dotmarketing.portlets.folders.model.Folder>
  <com.dotmarketing.portlets.folders.model.Folder>
    <iDate class="sql-timestamp">2011-06-28 17:14:11.867</iDate>
    <type>folder</type>
    <inode>ca1e91b2-6d8c-47fd-a410-462da6fa7ecf</inode>
    <identifier>a16fa53e-7b34-458f-ab15-6ec814533515</identifier>
    <name>services</name>
    <sortOrder>0</sortOrder>
    <showOnMenu>true</showOnMenu>
    <hostId>48190c8c-42c4-46af-8d1a-0cd5db894797</hostId>
    <title>Services</title>
    <filesMasks></filesMasks>
    <defaultFileType>33888b6f-7a8e-4069-b1b6-5c1aa9d0a48d</defaultFileType>
    <modDate class="sql-timestamp">2017-03-03 22:24:40.971</modDate>
  </com.dotmarketing.portlets.folders.model.Folder>
  <com.dotmarketing.portlets.folders.model.Folder>
    <iDate class="sql-timestamp">2011-06-28 16:15:50.436</iDate>
    <type>folder</type>
    <owner>dotcms.org.1</owner>
    <inode>966b155a-eb6f-4be6-9047-4f41f2c8efbb</inode>
    <identifier>b8473948-b953-40ca-b31a-2dad39ecfab6</identifier>
    <name>products</name>
    <sortOrder>2</sortOrder>
    <showOnMenu>true</showOnMenu>
    <hostId>48190c8c-42c4-46af-8d1a-0cd5db894797</hostId>
    <title>Products</title>
    <filesMasks></filesMasks>
    <defaultFileType>33888b6f-7a8e-4069-b1b6-5c1aa9d0a48d</defaultFileType>
    <modDate class="sql-timestamp">2014-03-21 14:11:18.793413</modDate>
  </com.dotmarketing.portlets.folders.model.Folder>
  <com.dotmarketing.portlets.folders.model.Folder>
    <iDate class="sql-timestamp">2011-06-28 16:15:26.846</iDate>
    <type>folder</type>
    <inode>1049e7fe-1553-4731-bdf9-ba069f1dc08b</inode>
    <identifier>5381b311-a97c-4f04-ae7f-db0005183f3e</identifier>
    <name>about-us</name>
    <sortOrder>1</sortOrder>
    <showOnMenu>true</showOnMenu>
    <hostId>48190c8c-42c4-46af-8d1a-0cd5db894797</hostId>
    <title>About Us</title>
    <filesMasks></filesMasks>
    <defaultFileType>33888b6f-7a8e-4069-b1b6-5c1aa9d0a48d</defaultFileType>
    <modDate class="sql-timestamp">2014-03-21 14:11:18.793413</modDate>
  </com.dotmarketing.portlets.folders.model.Folder>
  <com.dotmarketing.portlets.folders.model.Folder>
    <iDate class="sql-timestamp">2010-02-09 20:22:28.0</iDate>
    <type>folder</type>
    <inode>a1ea5a05-2460-4544-ae6a-f25f37a11db1</inode>
    <identifier>303c6685-2405-4ebd-9043-b2cc26cce624</identifier>
    <name>home</name>
    <sortOrder>0</sortOrder>
    <showOnMenu>false</showOnMenu>
    <hostId>48190c8c-42c4-46af-8d1a-0cd5db894797</hostId>
    <title>Home</title>
    <filesMasks></filesMasks>
    <defaultFileType>33888b6f-7a8e-4069-b1b6-5c1aa9d0a48d</defaultFileType>
    <modDate class="sql-timestamp">2014-03-21 14:11:18.793413</modDate>
  </com.dotmarketing.portlets.folders.model.Folder>
  <com.dotmarketing.portlets.folders.model.Folder>
    <iDate class="sql-timestamp">2009-10-08 20:27:18.0</iDate>
    <type>folder</type>
    <owner>system</owner>
    <inode>SYSTEM_FOLDER</inode>
    <identifier>bc9a1d37-dd2d-4d49-a29d-0c9be740bfaf</identifier>
    <name>system folder</name>
    <sortOrder>0</sortOrder>
    <showOnMenu>false</showOnMenu>
    <hostId>SYSTEM_HOST</hostId>
    <title>System folder</title>
    <filesMasks></filesMasks>
    <defaultFileType>33888b6f-7a8e-4069-b1b6-5c1aa9d0a48d</defaultFileType>
    <modDate class="sql-timestamp">2017-03-07 18:25:58.116</modDate>
  </com.dotmarketing.portlets.folders.model.Folder>
</list>