<list>
  <com.dotmarketing.portlets.structure.model.Relationship>
    <iDate>2021-02-02 21:22:41.186 UTC</iDate>
    <type>relationship</type>
    <owner></owner>
    <inode>244c9fdf-1db8-4768-aede-8f83ea5778c2</inode>
    <parentStructureInode>5a19371b-6b31-46d1-94db-8e100197cbb4</parentStructureInode>
    <childStructureInode>9ea36ae1-7775-48ae-99fe-f4ebca03a3de</childStructureInode>
    <parentRelationName>LandingPage</parentRelationName>
    <childRelationName>Products</childRelationName>
    <relationTypeValue>LandingPage-Products</relationTypeValue>
    <cardinality>1</cardinality>
    <parentRequired>false</parentRequired>
    <childRequired>false</childRequired>
    <fixed>false</fixed>
  </com.dotmarketing.portlets.structure.model.Relationship>
  <com.dotmarketing.portlets.structure.model.Relationship>
    <iDate>2021-02-02 21:22:41.186 UTC</iDate>
    <type>relationship</type>
    <owner></owner>
    <inode>26ff1822-ac3a-4083-ba86-878d2fdf8af2</inode>
    <parentStructureInode>a007def2-896d-4fd1-843b-d3abb5305f3f</parentStructureInode>
    <childStructureInode>a007def2-896d-4fd1-843b-d3abb5305f3f</childStructureInode>
    <parentRelationName>Replies</parentRelationName>
    <childRelationName>Parent Comment</childRelationName>
    <relationTypeValue>Comments-Comments</relationTypeValue>
    <cardinality>0</cardinality>
    <parentRequired>false</parentRequired>
    <childRequired>false</childRequired>
    <fixed>false</fixed>
  </com.dotmarketing.portlets.structure.model.Relationship>
  <com.dotmarketing.portlets.structure.model.Relationship>
    <iDate>2021-02-02 21:22:41.186 UTC</iDate>
    <type>relationship</type>
    <owner></owner>
    <inode>2b565142-8b48-47d1-9bd4-6f20d1b7d352</inode>
    <parentStructureInode>28039964-5615-4ccf-bb96-ded62adbcc6a</parentStructureInode>
    <childStructureInode>a007def2-896d-4fd1-843b-d3abb5305f3f</childStructureInode>
    <parentRelationName>News</parentRelationName>
    <childRelationName>Comments</childRelationName>
    <relationTypeValue>News-Comments</relationTypeValue>
    <cardinality>0</cardinality>
    <parentRequired>false</parentRequired>
    <childRequired>false</childRequired>
    <fixed>false</fixed>
  </com.dotmarketing.portlets.structure.model.Relationship>
  <com.dotmarketing.portlets.structure.model.Relationship>
    <iDate>2021-02-02 21:22:41.186 UTC</iDate>
    <type>relationship</type>
    <owner></owner>
    <inode>30a7b43a-1935-4d5f-9f8b-22d72b26eb16</inode>
    <parentStructureInode>5a19371b-6b31-46d1-94db-8e100197cbb4</parentStructureInode>
    <childStructureInode>9cec8e2c-3bd7-4217-8149-0bd569abd00b</childStructureInode>
    <parentRelationName>LandingPage</parentRelationName>
    <childRelationName>Testimonial</childRelationName>
    <relationTypeValue>LandingPage-Testimonial</relationTypeValue>
    <cardinality>1</cardinality>
    <parentRequired>false</parentRequired>
    <childRequired>false</childRequired>
    <fixed>false</fixed>
  </com.dotmarketing.portlets.structure.model.Relationship>
  <com.dotmarketing.portlets.structure.model.Relationship>
    <iDate>2021-02-02 21:22:41.186 UTC</iDate>
    <type>relationship</type>
    <owner></owner>
    <inode>631a07ea-c840-402d-a330-37ed2826ba30</inode>
    <parentStructureInode>799f176a-d32e-4844-a07c-1b5fcd107578</parentStructureInode>
    <childStructureInode>a007def2-896d-4fd1-843b-d3abb5305f3f</childStructureInode>
    <parentRelationName>Blog</parentRelationName>
    <childRelationName>Comments</childRelationName>
    <relationTypeValue>Blog-Comments</relationTypeValue>
    <cardinality>0</cardinality>
    <parentRequired>false</parentRequired>
    <childRequired>false</childRequired>
    <fixed>false</fixed>
  </com.dotmarketing.portlets.structure.model.Relationship>
  <com.dotmarketing.portlets.structure.model.Relationship>
    <iDate>2021-02-02 21:22:41.186 UTC</iDate>
    <type>relationship</type>
    <owner></owner>
    <inode>73eaa056-c08c-4e12-abbb-bda5ac1c6cc7</inode>
    <parentStructureInode>28039964-5615-4ccf-bb96-ded62adbcc6a</parentStructureInode>
    <childStructureInode>393acd6c-a496-4221-a761-fcef2fd8de33</childStructureInode>
    <parentRelationName>Parent News</parentRelationName>
    <childRelationName>Child Youtube</childRelationName>
    <relationTypeValue>Parent_News-Child_Youtube</relationTypeValue>
    <cardinality>1</cardinality>
    <parentRequired>false</parentRequired>
    <childRequired>false</childRequired>
    <fixed>false</fixed>
  </com.dotmarketing.portlets.structure.model.Relationship>
  <com.dotmarketing.portlets.structure.model.Relationship>
    <iDate>2021-02-02 21:22:41.186 UTC</iDate>
    <type>relationship</type>
    <owner></owner>
    <inode>7d0afa18-b6bc-4983-bef9-46936902a462</inode>
    <parentStructureInode>9ea36ae1-7775-48ae-99fe-f4ebca03a3de</parentStructureInode>
    <childStructureInode>393acd6c-a496-4221-a761-fcef2fd8de33</childStructureInode>
    <parentRelationName>Products</parentRelationName>
    <childRelationName>Youtube</childRelationName>
    <relationTypeValue>Products-Youtube</relationTypeValue>
    <cardinality>1</cardinality>
    <parentRequired>false</parentRequired>
    <childRequired>false</childRequired>
    <fixed>false</fixed>
  </com.dotmarketing.portlets.structure.model.Relationship>
  <com.dotmarketing.portlets.structure.model.Relationship>
    <iDate>2021-02-02 21:22:41.186 UTC</iDate>
    <type>relationship</type>
    <owner></owner>
    <inode>7da8e973-92bd-45b9-bc9e-3f77ca952554</inode>
    <parentStructureInode>d2a77f80-2628-4819-bfe9-e9916eb6ba70</parentStructureInode>
    <childStructureInode>ddf29c1e-babd-40a8-bfed-920fc9b8c77f</childStructureInode>
    <parentRelationName>Parent Location</parentRelationName>
    <childRelationName>Child Employee</childRelationName>
    <relationTypeValue>Parent_Location-Child_Employee</relationTypeValue>
    <cardinality>0</cardinality>
    <parentRequired>false</parentRequired>
    <childRequired>false</childRequired>
    <fixed>false</fixed>
  </com.dotmarketing.portlets.structure.model.Relationship>
  <com.dotmarketing.portlets.structure.model.Relationship>
    <iDate>2021-02-02 21:22:41.186 UTC</iDate>
    <type>relationship</type>
    <owner></owner>
    <inode>a2446e0c-0e8f-4308-8b17-9d0e907aaff5</inode>
    <parentStructureInode>28039964-5615-4ccf-bb96-ded62adbcc6a</parentStructureInode>
    <childStructureInode>2182e848-0240-4931-b63d-824962b66007</childStructureInode>
    <parentRelationName>Parent News</parentRelationName>
    <childRelationName>Child Media</childRelationName>
    <relationTypeValue>Parent_News-Child_Media</relationTypeValue>
    <cardinality>1</cardinality>
    <parentRequired>false</parentRequired>
    <childRequired>false</childRequired>
    <fixed>false</fixed>
  </com.dotmarketing.portlets.structure.model.Relationship>
</list>