<list>
  <com.dotmarketing.portlets.containers.model.Container>
    <iDate class="sql-timestamp">2018-06-25 22:25:17.578</iDate>
    <type>containers</type>
    <inode>ac39a888-5968-4465-bbfd-d6aa16998b3a</inode>
    <identifier>6a12bbda-0ae2-4121-a98b-ad8069eaff3a</identifier>
    <source>DB</source>
    <title>Banner Carousel </title>
    <friendlyName>Banner</friendlyName>
    <modDate class="sql-timestamp">2018-06-25 22:25:17.629</modDate>
    <modUser>dotcms.org.1</modUser>
    <sortOrder>0</sortOrder>
    <showOnMenu>false</showOnMenu>
    <code></code>
    <maxContentlets>1</maxContentlets>
    <useDiv>false</useDiv>
    <sortContentletsBy></sortContentletsBy>
    <preLoop></preLoop>
    <postLoop></postLoop>
    <staticify>false</staticify>
    <luceneQuery></luceneQuery>
    <notes></notes>
  </com.dotmarketing.portlets.containers.model.Container>
  <com.dotmarketing.portlets.containers.model.Container>
    <iDate class="sql-timestamp">2018-06-13 15:47:39.118</iDate>
    <type>containers</type>
    <inode>e6bdfe0e-16f3-4dc5-ade1-ca6badcf6253</inode>
    <identifier>3f0255e8-b45d-46ea-8bb7-eb6597db4c1e</identifier>
    <source>DB</source>
    <title>Promotions (Homepage)</title>
    <friendlyName>Displays promtions and ads</friendlyName>
    <modDate class="sql-timestamp">2018-06-13 15:47:39.136</modDate>
    <modUser>dotcms.org.1</modUser>
    <sortOrder>0</sortOrder>
    <showOnMenu>false</showOnMenu>
    <code></code>
    <maxContentlets>4</maxContentlets>
    <useDiv>false</useDiv>
    <sortContentletsBy></sortContentletsBy>
    <preLoop></preLoop>
    <postLoop></postLoop>
    <staticify>false</staticify>
    <luceneQuery></luceneQuery>
    <notes>    Homepage Promos:&#xd;
    - Promotions</notes>
  </com.dotmarketing.portlets.containers.model.Container>
  <com.dotmarketing.portlets.containers.model.Container>
    <iDate class="sql-timestamp">2018-06-12 14:02:37.888</iDate>
    <type>containers</type>
    <inode>885060ee-0f08-43bc-9147-0d4ab0aa5cbc</inode>
    <identifier>5363c6c6-5ba0-4946-b7af-cf875188ac2e</identifier>
    <source>DB</source>
    <title>Medium Column (md-1)</title>
    <friendlyName>Medium body column container</friendlyName>
    <modDate class="sql-timestamp">2018-06-12 14:02:37.912</modDate>
    <modUser>dotcms.org.1</modUser>
    <sortOrder>0</sortOrder>
    <showOnMenu>false</showOnMenu>
    <code></code>
    <maxContentlets>25</maxContentlets>
    <useDiv>false</useDiv>
    <sortContentletsBy></sortContentletsBy>
    <preLoop>&lt;div class=&quot;medium-column&quot;&gt;</preLoop>
    <postLoop>&lt;/div&gt;</postLoop>
    <staticify>false</staticify>
    <luceneQuery></luceneQuery>
    <notes>    Medium Column:&#xd;
    - Blog&#xd;
    - Events&#xd;
    - Generic&#xd;
    - Location&#xd;
    - Media&#xd;
    - News&#xd;
    - Documents&#xd;
    - Products</notes>
  </com.dotmarketing.portlets.containers.model.Container>
  <com.dotmarketing.portlets.containers.model.Container>
    <iDate class="sql-timestamp">2018-06-12 14:01:48.664</iDate>
    <type>containers</type>
    <inode>6a4bcd45-070e-4549-a98b-62c6dfc39ea0</inode>
    <identifier>bf26b7b2-7a97-4bb6-9887-834ea03341db</identifier>
    <source>DB</source>
    <title>Medium Column (md-2)</title>
    <friendlyName>Medium body column container</friendlyName>
    <modDate class="sql-timestamp">2018-06-12 14:01:48.692</modDate>
    <modUser>dotcms.org.1</modUser>
    <sortOrder>0</sortOrder>
    <showOnMenu>false</showOnMenu>
    <code></code>
    <maxContentlets>25</maxContentlets>
    <useDiv>false</useDiv>
    <sortContentletsBy></sortContentletsBy>
    <preLoop>&lt;div class=&quot;medium-column&quot;&gt;</preLoop>
    <postLoop>&lt;/div&gt;</postLoop>
    <staticify>false</staticify>
    <luceneQuery></luceneQuery>
    <notes>    Medium Column:&#xd;
    - Blog&#xd;
    - Events&#xd;
    - Generic&#xd;
    - Location&#xd;
    - Media&#xd;
    - News&#xd;
    - Documents&#xd;
    - Products</notes>
  </com.dotmarketing.portlets.containers.model.Container>
  <com.dotmarketing.portlets.containers.model.Container>
    <iDate class="sql-timestamp">2018-06-12 14:01:17.246</iDate>
    <type>containers</type>
    <inode>467cc266-7931-42e4-ae20-4a8056fe6ee9</inode>
    <identifier>d5f5f4ee-067e-4d72-addd-afd80989f684</identifier>
    <source>DB</source>
    <title>Medium Column (md-3)</title>
    <friendlyName>Medium body column container</friendlyName>
    <modDate class="sql-timestamp">2018-06-12 14:01:17.274</modDate>
    <modUser>dotcms.org.1</modUser>
    <sortOrder>0</sortOrder>
    <showOnMenu>false</showOnMenu>
    <code></code>
    <maxContentlets>25</maxContentlets>
    <useDiv>false</useDiv>
    <sortContentletsBy></sortContentletsBy>
    <preLoop>&lt;div class=&quot;medium-column&quot;&gt;</preLoop>
    <postLoop>&lt;/div&gt;</postLoop>
    <staticify>false</staticify>
    <luceneQuery></luceneQuery>
    <notes>    Medium Column:&#xd;
    - Blog&#xd;
    - Events&#xd;
    - Generic&#xd;
    - Location&#xd;
    - Media&#xd;
    - News&#xd;
    - Documents&#xd;
    - Products</notes>
  </com.dotmarketing.portlets.containers.model.Container>
  <com.dotmarketing.portlets.containers.model.Container>
    <iDate class="sql-timestamp">2018-06-12 14:01:10.046</iDate>
    <type>containers</type>
    <inode>fbd1cdbf-85ce-481d-ba5b-58150d1d9aec</inode>
    <identifier>fc193c82-8c32-4abe-ba8a-49522328c93e</identifier>
    <source>DB</source>
    <title>Small Column (sm-1)</title>
    <friendlyName>Small body column container</friendlyName>
    <modDate class="sql-timestamp">2018-06-12 14:01:10.075</modDate>
    <modUser>dotcms.org.1</modUser>
    <sortOrder>0</sortOrder>
    <showOnMenu>false</showOnMenu>
    <code></code>
    <maxContentlets>25</maxContentlets>
    <useDiv>false</useDiv>
    <sortContentletsBy></sortContentletsBy>
    <preLoop>&lt;div class=&quot;small-column&quot;&gt;</preLoop>
    <postLoop>&lt;/div&gt;</postLoop>
    <staticify>false</staticify>
    <luceneQuery></luceneQuery>
    <notes>    Small Column:&#xd;
    - Blog&#xd;
    - Events&#xd;
    - Generic&#xd;
    - Location&#xd;
    - Media&#xd;
    - News&#xd;
    - Documents&#xd;
    - Products</notes>
  </com.dotmarketing.portlets.containers.model.Container>
  <com.dotmarketing.portlets.containers.model.Container>
    <iDate class="sql-timestamp">2017-03-08 17:59:53.384</iDate>
    <type>containers</type>
    <inode>4a655732-7b7c-48e2-9971-87558050eed9</inode>
    <identifier>b590d738-8bf9-42b0-a8dd-5787a4e20962</identifier>
    <source>DB</source>
    <title>Subnav Menu</title>
    <friendlyName>Sidebar Navigation</friendlyName>
    <modDate class="sql-timestamp">2017-03-08 17:59:53.386</modDate>
    <modUser>dotcms.org.1</modUser>
    <sortOrder>0</sortOrder>
    <showOnMenu>false</showOnMenu>
    <code>#dotParse(&quot;/application/vtl/containers/second-level-nav.vtl&quot;)</code>
    <maxContentlets>0</maxContentlets>
    <useDiv>false</useDiv>
    <sortContentletsBy></sortContentletsBy>
    <preLoop></preLoop>
    <postLoop></postLoop>
    <staticify>false</staticify>
    <luceneQuery></luceneQuery>
    <notes></notes>
  </com.dotmarketing.portlets.containers.model.Container>
  <com.dotmarketing.portlets.containers.model.Container>
    <iDate class="sql-timestamp">2015-10-19 20:49:32.07</iDate>
    <type>containers</type>
    <inode>3ba890c5-670c-467d-890d-bd8e9b9bb5ef</inode>
    <identifier>d71d56b4-0a8b-4bb2-be15-ffa5a23366ea</identifier>
    <source>DB</source>
    <title>Blank Container</title>
    <friendlyName></friendlyName>
    <modDate class="sql-timestamp">2015-10-19 20:49:32.139</modDate>
    <modUser>dotcms.org.1</modUser>
    <sortOrder>0</sortOrder>
    <showOnMenu>false</showOnMenu>
    <code></code>
    <maxContentlets>50</maxContentlets>
    <useDiv>false</useDiv>
    <sortContentletsBy></sortContentletsBy>
    <preLoop></preLoop>
    <postLoop></postLoop>
    <staticify>false</staticify>
    <luceneQuery></luceneQuery>
    <notes></notes>
  </com.dotmarketing.portlets.containers.model.Container>
  <com.dotmarketing.portlets.containers.model.Container>
    <iDate class="sql-timestamp">2013-05-06 18:54:25.953</iDate>
    <type>containers</type>
    <owner></owner>
    <inode>a7445635-14a4-47fc-a9ae-5ff4c80acffe</inode>
    <identifier>5eb11b21-6b13-4fb8-a823-1de20bba56c0</identifier>
    <source>DB</source>
    <title>Default 2 (Page Content)</title>
    <friendlyName>Displays Page Content</friendlyName>
    <modDate class="sql-timestamp">2013-05-06 18:54:25.976</modDate>
    <modUser>dotcms.org.1</modUser>
    <sortOrder>0</sortOrder>
    <showOnMenu>false</showOnMenu>
    <code></code>
    <maxContentlets>25</maxContentlets>
    <useDiv>false</useDiv>
    <sortContentletsBy></sortContentletsBy>
    <preLoop></preLoop>
    <postLoop></postLoop>
    <staticify>false</staticify>
    <luceneQuery></luceneQuery>
    <notes>This container display the body field of the content type Page Content.</notes>
  </com.dotmarketing.portlets.containers.model.Container>
  <com.dotmarketing.portlets.containers.model.Container>
    <iDate class="sql-timestamp">2013-05-06 18:54:21.324</iDate>
    <type>containers</type>
    <owner></owner>
    <inode>3efc001e-db68-408a-ac50-1284c1afe533</inode>
    <identifier>f1ba7688-453c-4c0d-a214-e5ac802b8034</identifier>
    <source>DB</source>
    <title>Default 3 (Page Content)</title>
    <friendlyName>Displays Page Content</friendlyName>
    <modDate class="sql-timestamp">2013-05-06 18:54:21.35</modDate>
    <modUser>dotcms.org.1</modUser>
    <sortOrder>0</sortOrder>
    <showOnMenu>false</showOnMenu>
    <code></code>
    <maxContentlets>25</maxContentlets>
    <useDiv>false</useDiv>
    <sortContentletsBy></sortContentletsBy>
    <preLoop></preLoop>
    <postLoop></postLoop>
    <staticify>false</staticify>
    <luceneQuery></luceneQuery>
    <notes>This container display the body field of the content type Page Content.</notes>
  </com.dotmarketing.portlets.containers.model.Container>
  <com.dotmarketing.portlets.containers.model.Container>
    <iDate class="sql-timestamp">2013-05-06 18:54:14.855</iDate>
    <type>containers</type>
    <owner></owner>
    <inode>8cbcb97e-8e04-4691-8555-da82c3dc4a91</inode>
    <identifier>a6e9652b-8183-4c09-b775-26196b09a300</identifier>
    <source>DB</source>
    <title>Default 4 (Page Content)</title>
    <friendlyName>Displays Page Content</friendlyName>
    <modDate class="sql-timestamp">2013-05-06 18:54:14.875</modDate>
    <modUser>dotcms.org.1</modUser>
    <sortOrder>0</sortOrder>
    <showOnMenu>false</showOnMenu>
    <code></code>
    <maxContentlets>25</maxContentlets>
    <useDiv>false</useDiv>
    <sortContentletsBy></sortContentletsBy>
    <preLoop></preLoop>
    <postLoop></postLoop>
    <staticify>false</staticify>
    <luceneQuery></luceneQuery>
    <notes>This container display the body field of the content type Page Content.</notes>
  </com.dotmarketing.portlets.containers.model.Container>
</list>