{"schemes":[{"id":"d61a59e1-a49c-46f2-a929-db2b4bfa88b2","creationDate":1612300685232,"name":"System Workflow","description":"","archived":false,"mandatory":false,"defaultScheme":false,"modDate":1612291062193,"entryActionId":null,"system":true}],"steps":[{"id":"6cb7e3bd-1710-4eed-8838-d3db60f78f19","creationDate":1612300965378,"name":"New","schemeId":"d61a59e1-a49c-46f2-a929-db2b4bfa88b2","myOrder":0,"resolved":false,"enableEscalation":false,"escalationAction":null,"escalationTime":0},{"id":"ee24a4cb-2d15-4c98-b1bd-6327126451f3","creationDate":1612300965379,"name":"Unpublished","schemeId":"d61a59e1-a49c-46f2-a929-db2b4bfa88b2","myOrder":1,"resolved":false,"enableEscalation":false,"escalationAction":null,"escalationTime":0},{"id":"dc3c9cd0-8467-404b-bf95-cb7df3fbc293","creationDate":1612300965379,"name":"Published","schemeId":"d61a59e1-a49c-46f2-a929-db2b4bfa88b2","myOrder":2,"resolved":true,"enableEscalation":false,"escalationAction":null,"escalationTime":0},{"id":"d6b095b6-b65f-4bdb-bbfd-701d663dfee2","creationDate":1612300965380,"name":"Archived","schemeId":"d61a59e1-a49c-46f2-a929-db2b4bfa88b2","myOrder":3,"resolved":true,"enableEscalation":false,"escalationAction":null,"escalationTime":0}],"actions":[{"id":"4da13a42-5d59-480c-ad8f-94a3adf809fe","name":"Archive","schemeId":"d61a59e1-a49c-46f2-a929-db2b4bfa88b2","condition":"","nextStep":"d6b095b6-b65f-4bdb-bbfd-701d663dfee2","nextAssign":"654b0931-1027-41f7-ad4d-173115ed8ec1","icon":"workflowIcon","roleHierarchyForAssign":false,"assignable":false,"commentable":false,"order":0,"nextStepCurrentStep":false,"owner":null,"showOn":["UNLOCKED","UNPUBLISHED","LISTING"]},{"id":"134a50d3-782d-43de-8877-42c0be1c86a4","name":"Copy","schemeId":"d61a59e1-a49c-46f2-a929-db2b4bfa88b2","condition":"","nextStep":"currentstep","nextAssign":"654b0931-1027-41f7-ad4d-173115ed8ec1","icon":"workflowIcon","roleHierarchyForAssign":false,"assignable":false,"commentable":false,"order":0,"nextStepCurrentStep":true,"owner":null,"showOn":["LOCKED","UNLOCKED","UNPUBLISHED","LISTING","PUBLISHED"]},{"id":"777f1c6b-c877-4a37-ba4b-10627316c2cc","name":"Delete","schemeId":"d61a59e1-a49c-46f2-a929-db2b4bfa88b2","condition":"","nextStep":"d6b095b6-b65f-4bdb-bbfd-701d663dfee2","nextAssign":"654b0931-1027-41f7-ad4d-173115ed8ec1","icon":"workflowIcon","roleHierarchyForAssign":false,"assignable":false,"commentable":false,"order":0,"nextStepCurrentStep":false,"owner":null,"showOn":["LOCKED","UNLOCKED","LISTING","EDITING","ARCHIVED"]},{"id":"1e0f1c6b-b67f-4c99-983d-db2b4bfa88b2","name":"Destroy","schemeId":"d61a59e1-a49c-46f2-a929-db2b4bfa88b2","condition":"","nextStep":"d6b095b6-b65f-4bdb-bbfd-701d663dfee2","nextAssign":"654b0931-1027-41f7-ad4d-173115ed8ec1","icon":"workflowIcon","roleHierarchyForAssign":false,"assignable":false,"commentable":false,"order":0,"nextStepCurrentStep":false,"owner":null,"showOn":["LOCKED","UNLOCKED","LISTING","EDITING","ARCHIVED"]},{"id":"000ec468-0a63-4283-beb7-fcb36c107b2f","name":"Publish","schemeId":"d61a59e1-a49c-46f2-a929-db2b4bfa88b2","condition":"","nextStep":"dc3c9cd0-8467-404b-bf95-cb7df3fbc293","nextAssign":"654b0931-1027-41f7-ad4d-173115ed8ec1","icon":"workflowIcon","roleHierarchyForAssign":false,"assignable":false,"commentable":false,"order":0,"nextStepCurrentStep":false,"owner":null,"showOn":["LOCKED","UNLOCKED","UNPUBLISHED","LISTING"]},{"id":"ceca71a0-deee-4999-bd47-b01baa1bcfc8","name":"Save","schemeId":"d61a59e1-a49c-46f2-a929-db2b4bfa88b2","condition":"","nextStep":"ee24a4cb-2d15-4c98-b1bd-6327126451f3","nextAssign":"654b0931-1027-41f7-ad4d-173115ed8ec1","icon":"workflowIcon","roleHierarchyForAssign":false,"assignable":false,"commentable":false,"order":0,"nextStepCurrentStep":false,"owner":null,"showOn":["NEW","LOCKED","UNPUBLISHED","PUBLISHED","EDITING"]},{"id":"b9d89c80-3d88-4311-8365-187323c96436","name":"Save / Publish","schemeId":"d61a59e1-a49c-46f2-a929-db2b4bfa88b2","condition":"","nextStep":"dc3c9cd0-8467-404b-bf95-cb7df3fbc293","nextAssign":"654b0931-1027-41f7-ad4d-173115ed8ec1","icon":"workflowIcon","roleHierarchyForAssign":false,"assignable":false,"commentable":false,"order":0,"nextStepCurrentStep":false,"owner":null,"showOn":["NEW","LOCKED","UNPUBLISHED","PUBLISHED","EDITING"]},{"id":"c92f9aa1-9503-4567-ac30-d3242b54d02d","name":"Unarchive","schemeId":"d61a59e1-a49c-46f2-a929-db2b4bfa88b2","condition":"","nextStep":"ee24a4cb-2d15-4c98-b1bd-6327126451f3","nextAssign":"654b0931-1027-41f7-ad4d-173115ed8ec1","icon":"workflowIcon","roleHierarchyForAssign":false,"assignable":false,"commentable":false,"order":0,"nextStepCurrentStep":false,"owner":null,"showOn":["LOCKED","UNLOCKED","LISTING","ARCHIVED"]},{"id":"38efc763-d78f-4e4b-b092-59cd8c579b93","name":"Unpublish","schemeId":"d61a59e1-a49c-46f2-a929-db2b4bfa88b2","condition":"","nextStep":"ee24a4cb-2d15-4c98-b1bd-6327126451f3","nextAssign":"654b0931-1027-41f7-ad4d-173115ed8ec1","icon":"workflowIcon","roleHierarchyForAssign":false,"assignable":false,"commentable":false,"order":0,"nextStepCurrentStep":false,"owner":null,"showOn":["LOCKED","UNLOCKED","LISTING","PUBLISHED"]}],"actionSteps":[{"stepId":"6cb7e3bd-1710-4eed-8838-d3db60f78f19","actionId":"ceca71a0-deee-4999-bd47-b01baa1bcfc8","actionOrder":"0"},{"stepId":"6cb7e3bd-1710-4eed-8838-d3db60f78f19","actionId":"b9d89c80-3d88-4311-8365-187323c96436","actionOrder":"1"},{"stepId":"6cb7e3bd-1710-4eed-8838-d3db60f78f19","actionId":"38efc763-d78f-4e4b-b092-59cd8c579b93","actionOrder":"2"},{"stepId":"ee24a4cb-2d15-4c98-b1bd-6327126451f3","actionId":"4da13a42-5d59-480c-ad8f-94a3adf809fe","actionOrder":"0"},{"stepId":"ee24a4cb-2d15-4c98-b1bd-6327126451f3","actionId":"000ec468-0a63-4283-beb7-fcb36c107b2f","actionOrder":"1"},{"stepId":"ee24a4cb-2d15-4c98-b1bd-6327126451f3","actionId":"134a50d3-782d-43de-8877-42c0be1c86a4","actionOrder":"2"},{"stepId":"ee24a4cb-2d15-4c98-b1bd-6327126451f3","actionId":"ceca71a0-deee-4999-bd47-b01baa1bcfc8","actionOrder":"3"},{"stepId":"ee24a4cb-2d15-4c98-b1bd-6327126451f3","actionId":"b9d89c80-3d88-4311-8365-187323c96436","actionOrder":"4"},{"stepId":"ee24a4cb-2d15-4c98-b1bd-6327126451f3","actionId":"38efc763-d78f-4e4b-b092-59cd8c579b93","actionOrder":"5"},{"stepId":"dc3c9cd0-8467-404b-bf95-cb7df3fbc293","actionId":"000ec468-0a63-4283-beb7-fcb36c107b2f","actionOrder":"0"},{"stepId":"dc3c9cd0-8467-404b-bf95-cb7df3fbc293","actionId":"38efc763-d78f-4e4b-b092-59cd8c579b93","actionOrder":"1"},{"stepId":"dc3c9cd0-8467-404b-bf95-cb7df3fbc293","actionId":"134a50d3-782d-43de-8877-42c0be1c86a4","actionOrder":"2"},{"stepId":"dc3c9cd0-8467-404b-bf95-cb7df3fbc293","actionId":"ceca71a0-deee-4999-bd47-b01baa1bcfc8","actionOrder":"3"},{"stepId":"dc3c9cd0-8467-404b-bf95-cb7df3fbc293","actionId":"b9d89c80-3d88-4311-8365-187323c96436","actionOrder":"4"},{"stepId":"d6b095b6-b65f-4bdb-bbfd-701d663dfee2","actionId":"c92f9aa1-9503-4567-ac30-d3242b54d02d","actionOrder":"0"},{"stepId":"d6b095b6-b65f-4bdb-bbfd-701d663dfee2","actionId":"777f1c6b-c877-4a37-ba4b-10627316c2cc","actionOrder":"1"},{"stepId":"d6b095b6-b65f-4bdb-bbfd-701d663dfee2","actionId":"1e0f1c6b-b67f-4c99-983d-db2b4bfa88b2","actionOrder":"2"}],"actionClasses":[{"id":"74c560b7-f71d-44cd-bb33-8016abb3f0f2","actionId":"4da13a42-5d59-480c-ad8f-94a3adf809fe","name":"Archive content","order":0,"clazz":"com.dotmarketing.portlets.workflows.actionlet.ArchiveContentActionlet","actionlet":{"howTo":"This actionlet will archive the content.","name":"Archive content","parameters":null,"localizedHowto":"com.dotmarketing.portlets.workflows.actionlet.ArchiveContentActionlet.howTo","actionClass":"com.dotmarketing.portlets.workflows.actionlet.ArchiveContentActionlet","localizedName":"Archive Content"}},{"id":"6bc6def5-0565-483d-a5bf-e42d4e424bf0","actionId":"4da13a42-5d59-480c-ad8f-94a3adf809fe","name":"Unlock content","order":1,"clazz":"com.dotmarketing.portlets.workflows.actionlet.CheckinContentActionlet","actionlet":{"nextStep":null,"howTo":"This actionlet will unlock the content.","name":"Unlock content","parameters":null,"localizedHowto":"com.dotmarketing.portlets.workflows.actionlet.CheckinContentActionlet.howTo","actionClass":"com.dotmarketing.portlets.workflows.actionlet.CheckinContentActionlet","localizedName":"Unlock Content"}},{"id":"369f381e-d58b-4243-8c92-f3a40b6b801d","actionId":"134a50d3-782d-43de-8877-42c0be1c86a4","name":"Copy Contentlet","order":0,"clazz":"com.dotmarketing.portlets.workflows.actionlet.CopyActionlet","actionlet":{"howTo":"This workflow actionlet copies the edited contentlet ","name":"Copy Contentlet","parameters":[],"localizedHowto":"com.dotmarketing.portlets.workflows.actionlet.CopyActionlet.howTo","actionClass":"com.dotmarketing.portlets.workflows.actionlet.CopyActionlet","localizedName":"Copy Contentlet"}},{"id":"93f32847-87b7-4770-bd00-987446fd69b8","actionId":"777f1c6b-c877-4a37-ba4b-10627316c2cc","name":"Delete content","order":0,"clazz":"com.dotmarketing.portlets.workflows.actionlet.DeleteContentActionlet","actionlet":{"howTo":"This action will delete the content. Warning: this can't be undone!","name":"Delete content","parameters":null,"localizedHowto":"com.dotmarketing.portlets.workflows.actionlet.DeleteContentActionlet.howTo","actionClass":"com.dotmarketing.portlets.workflows.actionlet.DeleteContentActionlet","localizedName":"Delete content"}},{"id":"74f42846-86b6-4660-bd00-789446fd67c8","actionId":"1e0f1c6b-b67f-4c99-983d-db2b4bfa88b2","name":"Destroy content","order":0,"clazz":"com.dotmarketing.portlets.workflows.actionlet.DestroyContentActionlet","actionlet":{"howTo":"This will destroy the content in ALL languages that exist and cannot be undone","name":"Destroy content","parameters":null,"localizedHowto":"com.dotmarketing.portlets.workflows.actionlet.DestroyContentActionlet.howTo","actionClass":"com.dotmarketing.portlets.workflows.actionlet.DestroyContentActionlet","localizedName":"Destroy content"}},{"id":"10494596-1368-460f-980b-51c68fd32e5f","actionId":"000ec468-0a63-4283-beb7-fcb36c107b2f","name":"Save content","order":0,"clazz":"com.dotmarketing.portlets.workflows.actionlet.SaveContentActionlet","actionlet":{"nextStep":null,"howTo":"This actionlet will checkin the content.","name":"Save content","parameters":null,"localizedHowto":"com.dotmarketing.portlets.workflows.actionlet.SaveContentActionlet.howTo","actionClass":"com.dotmarketing.portlets.workflows.actionlet.SaveContentActionlet","localizedName":"Save content"}},{"id":"3dbab869-3abd-4c8c-ab54-3f7a7d893097","actionId":"000ec468-0a63-4283-beb7-fcb36c107b2f","name":"Publish content","order":1,"clazz":"com.dotmarketing.portlets.workflows.actionlet.PublishContentActionlet","actionlet":{"nextStep":null,"howTo":"This actionlet will publish the content.","name":"Publish content","parameters":null,"localizedHowto":"com.dotmarketing.portlets.workflows.actionlet.PublishContentActionlet.howTo","actionClass":"com.dotmarketing.portlets.workflows.actionlet.PublishContentActionlet","localizedName":"Publish Content"}},{"id":"9f18823e-0a70-4e41-abbe-d356891ff044","actionId":"000ec468-0a63-4283-beb7-fcb36c107b2f","name":"Unlock content","order":2,"clazz":"com.dotmarketing.portlets.workflows.actionlet.CheckinContentActionlet","actionlet":{"nextStep":null,"howTo":"This actionlet will unlock the content.","name":"Unlock content","parameters":null,"localizedHowto":"com.dotmarketing.portlets.workflows.actionlet.CheckinContentActionlet.howTo","actionClass":"com.dotmarketing.portlets.workflows.actionlet.CheckinContentActionlet","localizedName":"Unlock Content"}},{"id":"61e7c4f5-cbc8-4535-a927-b9b793b7b3eb","actionId":"ceca71a0-deee-4999-bd47-b01baa1bcfc8","name":"Save content","order":0,"clazz":"com.dotmarketing.portlets.workflows.actionlet.SaveContentActionlet","actionlet":{"nextStep":null,"howTo":"This actionlet will checkin the content.","name":"Save content","parameters":null,"localizedHowto":"com.dotmarketing.portlets.workflows.actionlet.SaveContentActionlet.howTo","actionClass":"com.dotmarketing.portlets.workflows.actionlet.SaveContentActionlet","localizedName":"Save content"}},{"id":"b84879e9-545f-4436-b4c5-e76c1743d168","actionId":"b9d89c80-3d88-4311-8365-187323c96436","name":"Save content","order":0,"clazz":"com.dotmarketing.portlets.workflows.actionlet.SaveContentActionlet","actionlet":{"nextStep":null,"howTo":"This actionlet will checkin the content.","name":"Save content","parameters":null,"localizedHowto":"com.dotmarketing.portlets.workflows.actionlet.SaveContentActionlet.howTo","actionClass":"com.dotmarketing.portlets.workflows.actionlet.SaveContentActionlet","localizedName":"Save content"}},{"id":"9aacba54-b6f4-424c-97f2-56019cbdbbc7","actionId":"b9d89c80-3d88-4311-8365-187323c96436","name":"Publish content","order":1,"clazz":"com.dotmarketing.portlets.workflows.actionlet.PublishContentActionlet","actionlet":{"nextStep":null,"howTo":"This actionlet will publish the content.","name":"Publish content","parameters":null,"localizedHowto":"com.dotmarketing.portlets.workflows.actionlet.PublishContentActionlet.howTo","actionClass":"com.dotmarketing.portlets.workflows.actionlet.PublishContentActionlet","localizedName":"Publish Content"}},{"id":"50ed0898-b721-4075-800e-ab2d9ea6183b","actionId":"b9d89c80-3d88-4311-8365-187323c96436","name":"Unlock content","order":2,"clazz":"com.dotmarketing.portlets.workflows.actionlet.CheckinContentActionlet","actionlet":{"nextStep":null,"howTo":"This actionlet will unlock the content.","name":"Unlock content","parameters":null,"localizedHowto":"com.dotmarketing.portlets.workflows.actionlet.CheckinContentActionlet.howTo","actionClass":"com.dotmarketing.portlets.workflows.actionlet.CheckinContentActionlet","localizedName":"Unlock Content"}},{"id":"a766e1a8-dd14-4b6a-b39e-98db6a258623","actionId":"c92f9aa1-9503-4567-ac30-d3242b54d02d","name":"Unarchive content","order":0,"clazz":"com.dotmarketing.portlets.workflows.actionlet.UnarchiveContentActionlet","actionlet":{"nextStep":null,"howTo":"This actionlet will un archive the content and return it to a working state","name":"Unarchive content","parameters":null,"localizedHowto":"com.dotmarketing.portlets.workflows.actionlet.UnarchiveContentActionlet.howTo","actionClass":"com.dotmarketing.portlets.workflows.actionlet.UnarchiveContentActionlet","localizedName":"Unarchive Content"}},{"id":"4132cee3-393d-42ee-84f7-1084a015c4b3","actionId":"38efc763-d78f-4e4b-b092-59cd8c579b93","name":"Unpublish content","order":0,"clazz":"com.dotmarketing.portlets.workflows.actionlet.UnpublishContentActionlet","actionlet":{"nextStep":null,"howTo":"This actionlet will unpublish the content.","name":"Unpublish content","parameters":null,"localizedHowto":"com.dotmarketing.portlets.workflows.actionlet.UnpublishContentActionlet.howTo","actionClass":"com.dotmarketing.portlets.workflows.actionlet.UnpublishContentActionlet","localizedName":"Unpublish Content"}}],"actionClassParams":[],"workflowStructures":[{"scheme_id":"d61a59e1-a49c-46f2-a929-db2b4bfa88b2","rownumber":"0","structure_id":"9e0a09af-a7be-4c83-9d5e-c6cc9c050219","id":"79f7e5ff-12f2-4350-812d-5e785f491c38","oddoreven":"0"},{"scheme_id":"d61a59e1-a49c-46f2-a929-db2b4bfa88b2","rownumber":"1","structure_id":"4d701fe3-fcc3-4fca-a854-66802644dc72","id":"5b67f16a-09cc-40a3-800a-f456c3b6e082","oddoreven":"1"},{"scheme_id":"d61a59e1-a49c-46f2-a929-db2b4bfa88b2","rownumber":"2","structure_id":"662c4a37-369d-47f1-979f-31fba12fcebf","id":"98df089b-0838-4ee5-8a0b-dfb16a0fd9f6","oddoreven":"0"},{"scheme_id":"d61a59e1-a49c-46f2-a929-db2b4bfa88b2","rownumber":"3","structure_id":"64debd6b-d478-49a7-9253-062281538fa1","id":"0a711649-e014-48ff-905e-85c9fa4b5111","oddoreven":"1"},{"scheme_id":"d61a59e1-a49c-46f2-a929-db2b4bfa88b2","rownumber":"4","structure_id":"074f3880-e771-4084-9c04-8db74fdbba10","id":"b3212175-8d42-4133-bae4-58a88be7523d","oddoreven":"0"},{"scheme_id":"d61a59e1-a49c-46f2-a929-db2b4bfa88b2","rownumber":"5","structure_id":"4b1fc848-87f0-4efb-94a8-d04e11f5d3fc","id":"516a04ed-3875-4ab6-a199-accba802d2b2","oddoreven":"1"},{"scheme_id":"d61a59e1-a49c-46f2-a929-db2b4bfa88b2","rownumber":"6","structure_id":"4316185e-a95c-4464-8884-3b6523f694e9","id":"426e2d9d-a44b-4758-b31c-b2da6e2f5680","oddoreven":"0"},{"scheme_id":"d61a59e1-a49c-46f2-a929-db2b4bfa88b2","rownumber":"7","structure_id":"33f08cca-b1d0-4b77-a3e4-1a2c475fadc2","id":"98ccfc85-559c-4a20-9a16-e87b0918560c","oddoreven":"1"},{"scheme_id":"d61a59e1-a49c-46f2-a929-db2b4bfa88b2","rownumber":"8","structure_id":"f4771485-6d30-4698-8d73-d6745e00ef64","id":"aee6dde1-b7f1-4c71-9eae-e89603e03eaf","oddoreven":"0"},{"scheme_id":"d61a59e1-a49c-46f2-a929-db2b4bfa88b2","rownumber":"9","structure_id":"b132c8a5-826a-4ecb-8409-9e59ea4e99b6","id":"728ce5e1-c2c0-42ed-972d-0914b19191fe","oddoreven":"1"},{"scheme_id":"d61a59e1-a49c-46f2-a929-db2b4bfa88b2","rownumber":"10","structure_id":"091b5c2b-d3fa-4502-853c-06c167ad867d","id":"3670ba13-c0fc-4dc9-8ace-a632eed930df","oddoreven":"0"},{"scheme_id":"d61a59e1-a49c-46f2-a929-db2b4bfa88b2","rownumber":"11","structure_id":"090e889f-caa4-453f-8ad5-213152bc6c06","id":"ad8555f9-ce78-4d73-8917-1731d4d9eb6a","oddoreven":"1"},{"scheme_id":"d61a59e1-a49c-46f2-a929-db2b4bfa88b2","rownumber":"12","structure_id":"5deeaea3-e3c9-4aef-a4b3-94e4ad48e176","id":"d41083b8-cbaa-4a34-88c9-d18443c8ab1d","oddoreven":"0"},{"scheme_id":"d61a59e1-a49c-46f2-a929-db2b4bfa88b2","rownumber":"13","structure_id":"c6e3a3c6-a0c6-494b-9ae8-bde7322bc68e","id":"d4d191ee-2196-40ae-bc53-10d53ceef135","oddoreven":"1"},{"scheme_id":"d61a59e1-a49c-46f2-a929-db2b4bfa88b2","rownumber":"14","structure_id":"28039964-5615-4ccf-bb96-ded62adbcc6a","id":"f1eb9870-7daa-472c-b724-fd6b5413982f","oddoreven":"0"},{"scheme_id":"d61a59e1-a49c-46f2-a929-db2b4bfa88b2","rownumber":"15","structure_id":"4c441ada-944a-43af-a653-9bb4f3f0cb2b","id":"7dcca61a-6de6-445d-a2c3-aeb283b503d3","oddoreven":"1"},{"scheme_id":"d61a59e1-a49c-46f2-a929-db2b4bfa88b2","rownumber":"16","structure_id":"5a19371b-6b31-46d1-94db-8e100197cbb4","id":"acc43c95-46c2-4aea-9390-4056bcd2b309","oddoreven":"0"},{"scheme_id":"d61a59e1-a49c-46f2-a929-db2b4bfa88b2","rownumber":"17","structure_id":"9ea36ae1-7775-48ae-99fe-f4ebca03a3de","id":"c563a169-6e49-427c-94bc-ca17e136d429","oddoreven":"1"},{"scheme_id":"d61a59e1-a49c-46f2-a929-db2b4bfa88b2","rownumber":"18","structure_id":"ddf29c1e-babd-40a8-bfed-920fc9b8c77f","id":"6825e14c-f387-4f49-a4ee-9fcf504eaa51","oddoreven":"0"},{"scheme_id":"d61a59e1-a49c-46f2-a929-db2b4bfa88b2","rownumber":"19","structure_id":"d2a77f80-2628-4819-bfe9-e9916eb6ba70","id":"41ab82ca-2346-4fd2-b9b7-4d456236e481","oddoreven":"1"},{"scheme_id":"d61a59e1-a49c-46f2-a929-db2b4bfa88b2","rownumber":"20","structure_id":"799f176a-d32e-4844-a07c-1b5fcd107578","id":"e2131818-6f06-408d-8b83-bde4797dc6c7","oddoreven":"0"},{"scheme_id":"d61a59e1-a49c-46f2-a929-db2b4bfa88b2","rownumber":"21","structure_id":"9cec8e2c-3bd7-4217-8149-0bd569abd00b","id":"f34a121a-c002-4d34-a092-2cea34c8db68","oddoreven":"1"},{"scheme_id":"d61a59e1-a49c-46f2-a929-db2b4bfa88b2","rownumber":"22","structure_id":"393acd6c-a496-4221-a761-fcef2fd8de33","id":"3dd57e1e-4ce4-4350-b96d-8ddabc90ae4b","oddoreven":"0"},{"scheme_id":"d61a59e1-a49c-46f2-a929-db2b4bfa88b2","rownumber":"23","structure_id":"2182e848-0240-4931-b63d-824962b66007","id":"cb0ae93a-15d6-4110-8814-ef274009ca2e","oddoreven":"1"},{"scheme_id":"d61a59e1-a49c-46f2-a929-db2b4bfa88b2","rownumber":"24","structure_id":"2a3e91e4-fbbf-4876-8c5b-2233c1739b05","id":"f6a905c3-7f85-441b-b303-91c8669bdd01","oddoreven":"0"},{"scheme_id":"d61a59e1-a49c-46f2-a929-db2b4bfa88b2","rownumber":"25","structure_id":"8e850645-bb92-4fda-a765-e67063a59be0","id":"9931030f-133f-4e91-a10e-6f2e1596ecbb","oddoreven":"1"},{"scheme_id":"d61a59e1-a49c-46f2-a929-db2b4bfa88b2","rownumber":"26","structure_id":"f6259cc9-5d78-453e-8167-efd7b72b2e96","id":"70a386c8-e3b1-4ae8-8086-20f48fe86f64","oddoreven":"0"},{"scheme_id":"d61a59e1-a49c-46f2-a929-db2b4bfa88b2","rownumber":"27","structure_id":"a007def2-896d-4fd1-843b-d3abb5305f3f","id":"957b4e8f-6505-4db2-8287-795285cf684e","oddoreven":"1"},{"scheme_id":"d61a59e1-a49c-46f2-a929-db2b4bfa88b2","rownumber":"28","structure_id":"9d8cba31-0072-4c38-96db-8b619f2b57ab","id":"8e688155-71e7-44a1-bfea-422879a1f0b6","oddoreven":"0"},{"scheme_id":"d61a59e1-a49c-46f2-a929-db2b4bfa88b2","rownumber":"29","structure_id":"c541abb1-69b3-4bc5-8430-5e09e5239cc8","id":"bcc3a9c8-f354-41cf-bfb8-1b47991bdd65","oddoreven":"1"},{"scheme_id":"d61a59e1-a49c-46f2-a929-db2b4bfa88b2","rownumber":"30","structure_id":"855a2d72-f2f3-4169-8b04-ac5157c4380c","id":"fcce572d-3c4e-4c1b-a3e2-6c13f8c6eae0","oddoreven":"0"},{"scheme_id":"d61a59e1-a49c-46f2-a929-db2b4bfa88b2","rownumber":"31","structure_id":"4d21b6d8-1711-4ae6-9419-89e2b1ae5a06","id":"6c58de90-fe67-4a25-80b1-fb35567cc083","oddoreven":"1"},{"scheme_id":"d61a59e1-a49c-46f2-a929-db2b4bfa88b2","rownumber":"32","structure_id":"33888b6f-7a8e-4069-b1b6-5c1aa9d0a48d","id":"d09f338d-f8e9-447b-8ea7-0314f7f85288","oddoreven":"0"}],"schemeSystemActionWorkflowActionMappings":[{"identifier":"3d6be719-6b61-4ef8-a594-a9764e461597","systemAction":"NEW","workflowAction":{"id":"ceca71a0-deee-4999-bd47-b01baa1bcfc8","name":"Save","schemeId":"d61a59e1-a49c-46f2-a929-db2b4bfa88b2","condition":"","nextStep":"ee24a4cb-2d15-4c98-b1bd-6327126451f3","nextAssign":"654b0931-1027-41f7-ad4d-173115ed8ec1","icon":"workflowIcon","roleHierarchyForAssign":false,"assignable":false,"commentable":false,"order":0,"nextStepCurrentStep":false,"owner":null,"showOn":["NEW","LOCKED","UNPUBLISHED","PUBLISHED","EDITING"]},"owner":{"id":"d61a59e1-a49c-46f2-a929-db2b4bfa88b2","creationDate":1612300685232,"name":"System Workflow","description":"","archived":false,"mandatory":false,"defaultScheme":false,"modDate":1612291062193,"entryActionId":null,"system":true},"ownerScheme":true,"ownerContentType":false},{"identifier":"63865890-c863-43a1-ab61-4b495dba5eb5","systemAction":"EDIT","workflowAction":{"id":"ceca71a0-deee-4999-bd47-b01baa1bcfc8","name":"Save","schemeId":"d61a59e1-a49c-46f2-a929-db2b4bfa88b2","condition":"","nextStep":"ee24a4cb-2d15-4c98-b1bd-6327126451f3","nextAssign":"654b0931-1027-41f7-ad4d-173115ed8ec1","icon":"workflowIcon","roleHierarchyForAssign":false,"assignable":false,"commentable":false,"order":0,"nextStepCurrentStep":false,"owner":null,"showOn":["NEW","LOCKED","UNPUBLISHED","PUBLISHED","EDITING"]},"owner":{"id":"d61a59e1-a49c-46f2-a929-db2b4bfa88b2","creationDate":1612300685232,"name":"System Workflow","description":"","archived":false,"mandatory":false,"defaultScheme":false,"modDate":1612291062193,"entryActionId":null,"system":true},"ownerScheme":true,"ownerContentType":false},{"identifier":"2016a72e-85c7-4ee0-936f-36ce52df355e","systemAction":"PUBLISH","workflowAction":{"id":"b9d89c80-3d88-4311-8365-187323c96436","name":"Save / Publish","schemeId":"d61a59e1-a49c-46f2-a929-db2b4bfa88b2","condition":"","nextStep":"dc3c9cd0-8467-404b-bf95-cb7df3fbc293","nextAssign":"654b0931-1027-41f7-ad4d-173115ed8ec1","icon":"workflowIcon","roleHierarchyForAssign":false,"assignable":false,"commentable":false,"order":0,"nextStepCurrentStep":false,"owner":null,"showOn":["NEW","LOCKED","UNPUBLISHED","PUBLISHED","EDITING"]},"owner":{"id":"d61a59e1-a49c-46f2-a929-db2b4bfa88b2","creationDate":1612300685232,"name":"System Workflow","description":"","archived":false,"mandatory":false,"defaultScheme":false,"modDate":1612291062193,"entryActionId":null,"system":true},"ownerScheme":true,"ownerContentType":false},{"identifier":"3ec446c8-a9b6-47fe-830f-1e623493090c","systemAction":"UNPUBLISH","workflowAction":{"id":"38efc763-d78f-4e4b-b092-59cd8c579b93","name":"Unpublish","schemeId":"d61a59e1-a49c-46f2-a929-db2b4bfa88b2","condition":"","nextStep":"ee24a4cb-2d15-4c98-b1bd-6327126451f3","nextAssign":"654b0931-1027-41f7-ad4d-173115ed8ec1","icon":"workflowIcon","roleHierarchyForAssign":false,"assignable":false,"commentable":false,"order":0,"nextStepCurrentStep":false,"owner":null,"showOn":["LOCKED","UNLOCKED","LISTING","PUBLISHED"]},"owner":{"id":"d61a59e1-a49c-46f2-a929-db2b4bfa88b2","creationDate":1612300685232,"name":"System Workflow","description":"","archived":false,"mandatory":false,"defaultScheme":false,"modDate":1612291062193,"entryActionId":null,"system":true},"ownerScheme":true,"ownerContentType":false},{"identifier":"e7b8c8a3-e605-473c-8680-6d95cac15c9b","systemAction":"ARCHIVE","workflowAction":{"id":"4da13a42-5d59-480c-ad8f-94a3adf809fe","name":"Archive","schemeId":"d61a59e1-a49c-46f2-a929-db2b4bfa88b2","condition":"","nextStep":"d6b095b6-b65f-4bdb-bbfd-701d663dfee2","nextAssign":"654b0931-1027-41f7-ad4d-173115ed8ec1","icon":"workflowIcon","roleHierarchyForAssign":false,"assignable":false,"commentable":false,"order":0,"nextStepCurrentStep":false,"owner":null,"showOn":["UNLOCKED","UNPUBLISHED","LISTING"]},"owner":{"id":"d61a59e1-a49c-46f2-a929-db2b4bfa88b2","creationDate":1612300685232,"name":"System Workflow","description":"","archived":false,"mandatory":false,"defaultScheme":false,"modDate":1612291062193,"entryActionId":null,"system":true},"ownerScheme":true,"ownerContentType":false},{"identifier":"99019118-df2c-4297-a5aa-2fe3fe0f52ce","systemAction":"UNARCHIVE","workflowAction":{"id":"c92f9aa1-9503-4567-ac30-d3242b54d02d","name":"Unarchive","schemeId":"d61a59e1-a49c-46f2-a929-db2b4bfa88b2","condition":"","nextStep":"ee24a4cb-2d15-4c98-b1bd-6327126451f3","nextAssign":"654b0931-1027-41f7-ad4d-173115ed8ec1","icon":"workflowIcon","roleHierarchyForAssign":false,"assignable":false,"commentable":false,"order":0,"nextStepCurrentStep":false,"owner":null,"showOn":["LOCKED","UNLOCKED","LISTING","ARCHIVED"]},"owner":{"id":"d61a59e1-a49c-46f2-a929-db2b4bfa88b2","creationDate":1612300685232,"name":"System Workflow","description":"","archived":false,"mandatory":false,"defaultScheme":false,"modDate":1612291062193,"entryActionId":null,"system":true},"ownerScheme":true,"ownerContentType":false},{"identifier":"d073436e-3c10-4e4c-8c97-225e9cddf320","systemAction":"DELETE","workflowAction":{"id":"777f1c6b-c877-4a37-ba4b-10627316c2cc","name":"Delete","schemeId":"d61a59e1-a49c-46f2-a929-db2b4bfa88b2","condition":"","nextStep":"d6b095b6-b65f-4bdb-bbfd-701d663dfee2","nextAssign":"654b0931-1027-41f7-ad4d-173115ed8ec1","icon":"workflowIcon","roleHierarchyForAssign":false,"assignable":false,"commentable":false,"order":0,"nextStepCurrentStep":false,"owner":null,"showOn":["LOCKED","UNLOCKED","LISTING","EDITING","ARCHIVED"]},"owner":{"id":"d61a59e1-a49c-46f2-a929-db2b4bfa88b2","creationDate":1612300685232,"name":"System Workflow","description":"","archived":false,"mandatory":false,"defaultScheme":false,"modDate":1612291062193,"entryActionId":null,"system":true},"ownerScheme":true,"ownerContentType":false},{"identifier":"3d73437e-3f1c-8e5c-ac97-a25e9cddf320","systemAction":"DESTROY","workflowAction":{"id":"1e0f1c6b-b67f-4c99-983d-db2b4bfa88b2","name":"Destroy","schemeId":"d61a59e1-a49c-46f2-a929-db2b4bfa88b2","condition":"","nextStep":"d6b095b6-b65f-4bdb-bbfd-701d663dfee2","nextAssign":"654b0931-1027-41f7-ad4d-173115ed8ec1","icon":"workflowIcon","roleHierarchyForAssign":false,"assignable":false,"commentable":false,"order":0,"nextStepCurrentStep":false,"owner":null,"showOn":["LOCKED","UNLOCKED","LISTING","EDITING","ARCHIVED"]},"owner":{"id":"d61a59e1-a49c-46f2-a929-db2b4bfa88b2","creationDate":1612300685232,"name":"System Workflow","description":"","archived":false,"mandatory":false,"defaultScheme":false,"modDate":1612291062193,"entryActionId":null,"system":true},"ownerScheme":true,"ownerContentType":false}],"contentTpeSystemActionWorkflowActionMappings":[]}