{"content":"#if ($UtilMethods.isSet($request.getParameter(\"id\")))\n  #set ($content = $dotcontent.find($request.getParameter(\"id\")))\n\n  <div class=\"document-detail-wrap\">\n    <div class=\"document-detail-file\">\n      ## IF IMAGE\n      #if($content.metaData.contentType.indexOf(\"image/\") == 0)\n        <a href=\"$content.fileAsset.uri\" class=\"thumb image-thumb js-fancybox-img\" title=\"$content.title\">\n          <img src=\"$content.shortyUrl/560w\">\n        </a>\n\n      ## IF\n      #elseif($content.metaData.contentType.indexOf(\"application/pdf\") == 0)\n        <a href=\"${content.fileAsset.uri}?force_download=true\" class=\"thumb\" />\n          <img src=\"$content.shortyUrl/560w\" alt=\"Download PDF\" />\n        </a>\n\n      ## IF QUICKTIME\n      #elseif($content.metaData.contentType.indexOf(\"video/quicktime\") == 0)\n        <div class=\"thumb\">\n          <object classid='clsid:02BF25D5-8C17-4B23-BC80-D3488ABDDC6B' width=\"100%\"codebase='http://www.apple.com/qtactivex/qtplugin.cab'>\n            <param name='src' value=\"$content.fileAsset.uri\">\n            <param name='autoplay' value=\"false\">\n            <param name='controller' value=\"true\">\n            <param name='loop' value=\"false\">\n            <embed src=\"$content.fileAsset.uri\" width=\"100%\" autoplay=\"false\"\n              controller=\"true\" loop=\"false\" bgcolor=\"#000000\" pluginspage='http://www.apple.com/quicktime/download/'>\n            </embed>\n          </object>\n        </div>\n\n      ## IF MP4 VIDEO\n      #elseif($content.metaData.contentType.indexOf(\"video/mp4\") == 0)\n        <div class=\"thumb\">\n          <video class=\"video-js vjs-default-skin vjs-big-play-centered\"\n            controls preload=\"auto\"\n            data-setup='{ \"controls\": true, \"autoplay\": false, \"preload\": \"metadata\" }'>\n            <source src=\"$content.fileAsset.uri\" type=\"video/mp4\" />\n          </video>\n        </div>\n\n      ## IF OGG VIDEO\n      #elseif($content.metaData.contentType.indexOf(\"application/ogg\") == 0)\n      <div class=\"thumb\">\n        <video class=\"video-js vjs-default-skin vjs-big-play-centered\"\n          controls preload=\"auto\"\n          data-setup='{ \"controls\": true, \"autoplay\": false, \"preload\": \"metadata\" }'>\n          <source src=\"$content.fileAsset.uri\" type=\"video/ogg\" />\n        </video>\n      </div>\n\n      ## IF WEB VIDEO\n      #elseif($content.metaData.contentType.indexOf(\"application/octet-stream\") == 0)\n        <div class=\"thumb\">\n          <video class=\"video-js vjs-default-skin vjs-big-play-centered\"\n            controls preload=\"auto\"\n            data-setup='{ \"controls\": true, \"autoplay\": false, \"preload\": \"metadata\" }'>\n            <source src=\"$content.fileAsset.uri\" type=\"video/webv\" />\n          </video>\n        </div>\n\n      ## IF WINDOWS VIDEO\n      #elseif($content.metaData.contentType.indexOf(\"video/wmv\") == 0)\n        <div class=\"thumb\">\n          <object id='mediaPlayer' width=\"560\" height=\"264\"\n            classid='CLSID:22d6f312-b0f6-11d0-94ab-0080c74c7e95'\n            codebase='http://activex.microsoft.com/activex/controls/ mplayer/en/nsmp2inf.cab#Version=5,1,52,701'\n            standby='Loading Microsoft Windows Media Player components...' type='application/x-oleobject'>\n            <param name='fileName' value=\"$content.fileAsset.uri\">\n            <param name='animationatStart' value='1'>\n            <param name='transparentatStart' value='1'>\n            <param name='autoStart' value='0'>\n            <param name='ShowControls' value='1'>\n            <param name='ShowDisplay' value='1'>\n            <param name='ShowStatusBar' value='1'>\n            <param name='loop' value='0'>\n\n            <embed type='application/x-mplayer2'\n              pluginspage='http://microsoft.com/windows/mediaplayer/ en/download/'\n              id='mediaPlayer' name='mediaPlayer' displaysize='4' autosize='0'\n              bgcolor='darkblue' showcontrols='1' showtracker='1'\n              showdisplay='1' showstatusbar='1' videoborder3d='0' width=\"560\" height=\"264\"\n              src=\"$content.fileAsset.uri\" autostart='0' designtimesp='5311' loop='0'>\n            </embed>\n          </object>\n        </div>\n      ## IF WORD DOC\n      #elseif(\n            $content.metaData.contentType.indexOf(\"application/msword\") == 0 || \n            $content.metaData.contentType.indexOf(\"application/vnd.openxmlformats-officedocument.wordprocessingml.document\") == 0 || \n            $content.metaData.contentType.indexOf(\"application/vnd.openxmlformats-officedocument.wordprocessingml.template\") == 0 || \n            $content.metaData.contentType.indexOf(\"application/vnd.ms-word.document.macroEnabled.12\") == 0 || \n            $content.metaData.contentType.indexOf(\"application/vnd.ms-word.template.macroEnabled.12\") == 0\n          )\n        <a href=\"${content.fileAsset.uri}?force_download=true\" class=\"thumb\" />\n          <img src=\"/images/icons/word-icon.jpg\" alt=\"Download Word Doc\" />\n        </a>\n\n      ## IF EXCEL DOC\n      #elseif(\n            $content.metaData.contentType.indexOf(\"application/vnd.ms-excel\") == 0 || \n            $content.metaData.contentType.indexOf(\"application/vnd.openxmlformats-officedocument.spreadsheetml.","contentType":"text/plain; charset=ISO-8859-1","fileSize":9681,"length":9681}