<list>
  <com.dotmarketing.portlets.containers.model.Container>
    <iDate class="sql-timestamp">2021-05-27 02:56:06.905</iDate>
    <type>containers</type>
    <inode>98137f89-6f3c-4b8e-af83-5659011d13db</inode>
    <identifier>5eeafb58-4ecb-4721-8913-3c093f90685d</identifier>
    <source>DB</source>
    <title>Container1</title>
    <friendlyName>Container1 description</friendlyName>
    <modDate class="sql-timestamp">2021-05-27 02:56:06.975</modDate>
    <modUser>dotcms.org.1</modUser>
    <sortOrder>0</sortOrder>
    <showOnMenu>false</showOnMenu>
    <code></code>
    <maxContentlets>20</maxContentlets>
    <useDiv>false</useDiv>
    <sortContentletsBy></sortContentletsBy>
    <preLoop>&lt;strong&gt;Pre Loop - Container1&lt;/strong&gt;</preLoop>
    <postLoop>&lt;br/&gt;&#xd;
&lt;strong&gt;Post Loop - Container1&lt;/strong&gt;</postLoop>
    <staticify>false</staticify>
    <luceneQuery></luceneQuery>
    <notes>Container1 notes.</notes>
  </com.dotmarketing.portlets.containers.model.Container>
</list>