<list>
  <com.dotmarketing.business.Role>
    <id>9ac1ff78-71a9-4485-a541-9d1418b17aa4</id>
    <name>Users</name>
    <description>User Roles root</description>
    <roleKey>cms_users</roleKey>
    <DBFQN>9ac1ff78-71a9-4485-a541-9d1418b17aa4</DBFQN>
    <parent>9ac1ff78-71a9-4485-a541-9d1418b17aa4</parent>
    <editPermissions>false</editPermissions>
    <editUsers>false</editUsers>
    <editLayouts>true</editLayouts>
    <locked>false</locked>
    <system>false</system>
  </com.dotmarketing.business.Role>
  <com.dotmarketing.business.Role>
    <id>2adccac3-a56b-4078-be40-94e343f20712</id>
    <name>System</name>
    <description>System roles root</description>
    <roleKey>System</roleKey>
    <DBFQN>2adccac3-a56b-4078-be40-94e343f20712</DBFQN>
    <parent>2adccac3-a56b-4078-be40-94e343f20712</parent>
    <editPermissions>false</editPermissions>
    <editUsers>false</editUsers>
    <editLayouts>true</editLayouts>
    <locked>false</locked>
    <system>false</system>
  </com.dotmarketing.business.Role>
  <com.dotmarketing.business.Role>
    <id>02088e05-5ff5-43c2-a4fa-11a7272cb199</id>
    <name>Back-end User</name>
    <description>CMS User</description>
    <roleKey>DOTCMS_BACK_END_USER</roleKey>
    <DBFQN>2adccac3-a56b-4078-be40-94e343f20712 --&gt; 02088e05-5ff5-43c2-a4fa-11a7272cb199</DBFQN>
    <parent>2adccac3-a56b-4078-be40-94e343f20712</parent>
    <editPermissions>true</editPermissions>
    <editUsers>true</editUsers>
    <editLayouts>true</editLayouts>
    <locked>true</locked>
    <system>true</system>
  </com.dotmarketing.business.Role>
  <com.dotmarketing.business.Role>
    <id>0cc07fcf-f6d1-45bb-8f1c-32542dfa9b02</id>
    <name>Admin2 User</name>
    <description></description>
    <roleKey>user-b799a187-54ad-4a4c-a4af-b8e826e81a0b</roleKey>
    <DBFQN>9ac1ff78-71a9-4485-a541-9d1418b17aa4 --&gt; 0cc07fcf-f6d1-45bb-8f1c-32542dfa9b02</DBFQN>
    <parent>9ac1ff78-71a9-4485-a541-9d1418b17aa4</parent>
    <editPermissions>true</editPermissions>
    <editUsers>false</editUsers>
    <editLayouts>true</editLayouts>
    <locked>false</locked>
    <system>true</system>
  </com.dotmarketing.business.Role>
  <com.dotmarketing.business.Role>
    <id>0f995057-5c35-4ae7-998a-774dda146c63</id>
    <name>Anyone who can View Content</name>
    <description>Anyone who can View Content</description>
    <roleKey>cms_workflow_any_who_can_view</roleKey>
    <DBFQN>2adccac3-a56b-4078-be40-94e343f20712 --&gt; 0f995057-5c35-4ae7-998a-774dda146c63</DBFQN>
    <parent>2adccac3-a56b-4078-be40-94e343f20712</parent>
    <editPermissions>true</editPermissions>
    <editUsers>true</editUsers>
    <editLayouts>false</editLayouts>
    <locked>false</locked>
    <system>true</system>
  </com.dotmarketing.business.Role>
  <com.dotmarketing.business.Role>
    <id>29e0af9e-0e60-48ee-b9f7-1453d94d9cb6</id>
    <name>Form Editor</name>
    <description>Form Editor</description>
    <roleKey>Form Editor</roleKey>
    <DBFQN>2adccac3-a56b-4078-be40-94e343f20712 --&gt; 29e0af9e-0e60-48ee-b9f7-1453d94d9cb6</DBFQN>
    <parent>2adccac3-a56b-4078-be40-94e343f20712</parent>
    <editPermissions>true</editPermissions>
    <editUsers>true</editUsers>
    <editLayouts>true</editLayouts>
    <locked>true</locked>
    <system>true</system>
  </com.dotmarketing.business.Role>
  <com.dotmarketing.business.Role>
    <id>30243735-684a-4fdb-aaca-f2012a1bc946</id>
    <name> </name>
    <description></description>
    <roleKey>dotcms.org.default</roleKey>
    <DBFQN>9ac1ff78-71a9-4485-a541-9d1418b17aa4 --&gt; 30243735-684a-4fdb-aaca-f2012a1bc946</DBFQN>
    <parent>9ac1ff78-71a9-4485-a541-9d1418b17aa4</parent>
    <editPermissions>true</editPermissions>
    <editUsers>false</editUsers>
    <editLayouts>true</editLayouts>
    <locked>false</locked>
    <system>true</system>
  </com.dotmarketing.business.Role>
  <com.dotmarketing.business.Role>
    <id>52181fb6-65c8-4221-8d17-1da8b0e20784</id>
    <name>Anyone who can Edit Permissions Content</name>
    <description>Anyone who can Edit Permissions Content</description>
    <roleKey>cms_workflow_any_who_can_edit_permissions</roleKey>
    <DBFQN>2adccac3-a56b-4078-be40-94e343f20712 --&gt; 52181fb6-65c8-4221-8d17-1da8b0e20784</DBFQN>
    <parent>2adccac3-a56b-4078-be40-94e343f20712</parent>
    <editPermissions>true</editPermissions>
    <editUsers>true</editUsers>
    <editLayouts>false</editLayouts>
    <locked>false</locked>
    <system>true</system>
  </com.dotmarketing.business.Role>
  <com.dotmarketing.business.Role>
    <id>617f7300-5c7b-463f-9554-380b918520bc</id>
    <name>Anyone who can Edit Content</name>
    <description>Anyone who can Edit Content</description>
    <roleKey>cms_workflow_any_who_can_edit</roleKey>
    <DBFQN>2adccac3-a56b-4078-be40-94e343f20712 --&gt; 617f7300-5c7b-463f-9554-380b918520bc</DBFQN>
    <parent>2adccac3-a56b-4078-be40-94e343f20712</parent>
    <editPermissions>true</editPermissions>
    <editUsers>true</editUsers>
    <editLayouts>false</editLayouts>
    <locked>false</locked>
    <system>true</system>
  </com.dotmarketing.business.Role>
  <com.dotmarketing.business.Role>
    <id>654b0931-1027-41f7-ad4d-173115ed8ec1</id>
    <name>CMS Anonymous</name>
    <description></description>
    <roleKey>CMS Anonymous</roleKey>
    <DBFQN>2adccac3-a56b-4078-be40-94e343f20712 --&gt; 654b0931-1027-41f7-ad4d-173115ed8ec1</DBFQN>
    <parent>2adccac3-a56b-4078-be40-94e343f20712</parent>
    <editPermissions>true</editPermissions>
    <editUsers>true</editUsers>
    <editLayouts>true</editLayouts>
    <locked>false</locked>
    <system>false</system>
  </com.dotmarketing.business.Role>
  <com.dotmarketing.business.Role>
    <id>6b1fa42f-8729-4625-80d1-17e4ef691ce7</id>
    <name>CMS Owner</name>
    <description></description>
    <roleKey>CMS Owner</roleKey>
    <DBFQN>2adccac3-a56b-4078-be40-94e343f20712 --&gt; 6b1fa42f-8729-4625-80d1-17e4ef691ce7</DBFQN>
    <parent>2adccac3-a56b-4078-be40-94e343f20712</parent>
    <editPermissions>true</editPermissions>
    <editUsers>true</editUsers>
    <editLayouts>true</editLayouts>
    <locked>false</locked>
    <system>false</system>
  </com.dotmarketing.business.Role>
  <com.dotmarketing.business.Role>
    <id>6f9d5449-8f48-4179-a2ad-1983d6217fef</id>
    <name>Login As</name>
    <description></description>
    <roleKey>Login As</roleKey>
    <DBFQN>2adccac3-a56b-4078-be40-94e343f20712 --&gt; 6f9d5449-8f48-4179-a2ad-1983d6217fef</DBFQN>
    <parent>2adccac3-a56b-4078-be40-94e343f20712</parent>
    <editPermissions>true</editPermissions>
    <editUsers>true</editUsers>
    <editLayouts>true</editLayouts>
    <locked>false</locked>
    <system>false</system>
  </com.dotmarketing.business.Role>
  <com.dotmarketing.business.Role>
    <id>742c9eb3-8651-4df4-b1dc-00c8c64aee4f</id>
    <name>LDAP User</name>
    <description></description>
    <roleKey>LDAP User</roleKey>
    <DBFQN>2adccac3-a56b-4078-be40-94e343f20712 --&gt; 742c9eb3-8651-4df4-b1dc-00c8c64aee4f</DBFQN>
    <parent>2adccac3-a56b-4078-be40-94e343f20712</parent>
    <editPermissions>true</editPermissions>
    <editUsers>true</editUsers>
    <editLayouts>true</editLayouts>
    <locked>false</locked>
    <system>false</system>
  </com.dotmarketing.business.Role>
  <com.dotmarketing.business.Role>
    <id>892ab105-f212-407f-8fb4-58ec59310a5e</id>
    <name>CMS Administrator</name>
    <description></description>
    <roleKey>CMS Administrator</roleKey>
    <DBFQN>2adccac3-a56b-4078-be40-94e343f20712 --&gt; 892ab105-f212-407f-8fb4-58ec59310a5e</DBFQN>
    <parent>2adccac3-a56b-4078-be40-94e343f20712</parent>
    <editPermissions>false</editPermissions>
    <editUsers>true</editUsers>
    <editLayouts>true</editLayouts>
    <locked>false</locked>
    <system>false</system>
  </com.dotmarketing.business.Role>
  <com.dotmarketing.business.Role>
    <id>999cd6bf-5cef-4729-8543-696086143884</id>
    <name>Front-end User</name>
    <description>LoggedIn Site User</description>
    <roleKey>DOTCMS_FRONT_END_USER</roleKey>
    <DBFQN>2adccac3-a56b-4078-be40-94e343f20712 --&gt; 999cd6bf-5cef-4729-8543-696086143884</DBFQN>
    <parent>2adccac3-a56b-4078-be40-94e343f20712</parent>
    <editPermissions>true</editPermissions>
    <editUsers>true</editUsers>
    <editLayouts>false</editLayouts>
    <locked>true</locked>
    <system>true</system>
  </com.dotmarketing.business.Role>
  <com.dotmarketing.business.Role>
    <id>c3eb4526-6d96-48d8-9540-e5fa560cfc0f</id>
    <name>Anyone who can Publish Content</name>
    <description>Anyone who can Publish Content</description>
    <roleKey>cms_workflow_any_who_can_publish</roleKey>
    <DBFQN>2adccac3-a56b-4078-be40-94e343f20712 --&gt; c3eb4526-6d96-48d8-9540-e5fa560cfc0f</DBFQN>
    <parent>2adccac3-a56b-4078-be40-94e343f20712</parent>
    <editPermissions>true</editPermissions>
    <editUsers>true</editUsers>
    <editLayouts>false</editLayouts>
    <locked>false</locked>
    <system>true</system>
  </com.dotmarketing.business.Role>
  <com.dotmarketing.business.Role>
    <id>e7d4e34e-5127-45fc-8123-d48b62d510e3</id>
    <name>Admin User</name>
    <description></description>
    <roleKey>dotcms.org.1</roleKey>
    <DBFQN>9ac1ff78-71a9-4485-a541-9d1418b17aa4 --&gt; e7d4e34e-5127-45fc-8123-d48b62d510e3</DBFQN>
    <parent>9ac1ff78-71a9-4485-a541-9d1418b17aa4</parent>
    <editPermissions>true</editPermissions>
    <editUsers>false</editUsers>
    <editLayouts>true</editLayouts>
    <locked>false</locked>
    <system>false</system>
  </com.dotmarketing.business.Role>
  <com.dotmarketing.business.Role>
    <id>edecd377-2321-4803-aa8b-89797dd0d61f</id>
    <name>anonymous user anonymous</name>
    <description></description>
    <roleKey>anonymous</roleKey>
    <DBFQN>9ac1ff78-71a9-4485-a541-9d1418b17aa4 --&gt; edecd377-2321-4803-aa8b-89797dd0d61f</DBFQN>
    <parent>9ac1ff78-71a9-4485-a541-9d1418b17aa4</parent>
    <editPermissions>true</editPermissions>
    <editUsers>false</editUsers>
    <editLayouts>true</editLayouts>
    <locked>false</locked>
    <system>false</system>
  </com.dotmarketing.business.Role>
  <com.dotmarketing.business.Role>
    <id>ff4d1504-a077-4874-b89b-9844d10d5b6d</id>
    <name>Scripting User</name>
    <description></description>
    <roleKey>Scripting Developer</roleKey>
    <DBFQN>2adccac3-a56b-4078-be40-94e343f20712 --&gt; ff4d1504-a077-4874-b89b-9844d10d5b6d</DBFQN>
    <parent>2adccac3-a56b-4078-be40-94e343f20712</parent>
    <editPermissions>false</editPermissions>
    <editUsers>true</editUsers>
    <editLayouts>false</editLayouts>
    <locked>false</locked>
    <system>false</system>
  </com.dotmarketing.business.Role>
</list>