<list>
  <com.dotmarketing.portlets.categories.model.Category>
    <iDate class="sql-timestamp">2020-08-19 21:06:45.805</iDate>
    <type>category</type>
    <owner></owner>
    <inode>81a56c8d-b9d1-4df6-95e2-39577270154f</inode>
    <categoryName>Cat1.3.3</categoryName>
    <key>cat133</key>
    <sortOrder>0</sortOrder>
    <active>true</active>
    <keywords></keywords>
    <categoryVelocityVarName>cat133</categoryVelocityVarName>
    <modDate class="sql-timestamp">2020-08-19 21:06:45.806</modDate>
  </com.dotmarketing.portlets.categories.model.Category>
  <com.dotmarketing.portlets.categories.model.Category>
    <iDate class="sql-timestamp">2020-08-19 21:06:42.992</iDate>
    <type>category</type>
    <owner></owner>
    <inode>aa2738de-4134-47d4-8852-1d86bd5e78ed</inode>
    <categoryName>Cat1.3.2</categoryName>
    <key>cat132</key>
    <sortOrder>0</sortOrder>
    <active>true</active>
    <keywords></keywords>
    <categoryVelocityVarName>cat132</categoryVelocityVarName>
    <modDate class="sql-timestamp">2020-08-19 21:06:42.994</modDate>
  </com.dotmarketing.portlets.categories.model.Category>
  <com.dotmarketing.portlets.categories.model.Category>
    <iDate class="sql-timestamp">2020-08-19 21:06:35.432</iDate>
    <type>category</type>
    <owner></owner>
    <inode>e65d2a8e-ad10-41e6-bf21-aa36dfbf520f</inode>
    <categoryName>Cat1.3.1</categoryName>
    <key>cat131</key>
    <sortOrder>0</sortOrder>
    <active>true</active>
    <keywords></keywords>
    <categoryVelocityVarName>cat131</categoryVelocityVarName>
    <modDate class="sql-timestamp">2020-08-19 21:06:35.434</modDate>
  </com.dotmarketing.portlets.categories.model.Category>
  <com.dotmarketing.portlets.categories.model.Category>
    <iDate class="sql-timestamp">2020-08-19 21:06:23.285</iDate>
    <type>category</type>
    <owner></owner>
    <inode>cb98ee02-5515-47d1-bb52-826b99940954</inode>
    <categoryName>Cat1.2.3</categoryName>
    <key>cat123</key>
    <sortOrder>0</sortOrder>
    <active>true</active>
    <keywords></keywords>
    <categoryVelocityVarName>cat123</categoryVelocityVarName>
    <modDate class="sql-timestamp">2020-08-19 21:06:23.286</modDate>
  </com.dotmarketing.portlets.categories.model.Category>
  <com.dotmarketing.portlets.categories.model.Category>
    <iDate class="sql-timestamp">2020-08-19 21:06:20.379</iDate>
    <type>category</type>
    <owner></owner>
    <inode>a5a655fb-825f-431b-9bc3-1b1a32ca8da5</inode>
    <categoryName>Cat1.2.2</categoryName>
    <key>cat122</key>
    <sortOrder>0</sortOrder>
    <active>true</active>
    <keywords></keywords>
    <categoryVelocityVarName>cat122</categoryVelocityVarName>
    <modDate class="sql-timestamp">2020-08-19 21:06:20.381</modDate>
  </com.dotmarketing.portlets.categories.model.Category>
  <com.dotmarketing.portlets.categories.model.Category>
    <iDate class="sql-timestamp">2020-08-19 21:06:17.645</iDate>
    <type>category</type>
    <owner></owner>
    <inode>598a577b-9409-4414-ae08-fbe7855b9ed1</inode>
    <categoryName>Cat1.2.1</categoryName>
    <key>cat121</key>
    <sortOrder>0</sortOrder>
    <active>true</active>
    <keywords></keywords>
    <categoryVelocityVarName>cat121</categoryVelocityVarName>
    <modDate class="sql-timestamp">2020-08-19 21:06:17.647</modDate>
  </com.dotmarketing.portlets.categories.model.Category>
  <com.dotmarketing.portlets.categories.model.Category>
    <iDate class="sql-timestamp">2020-08-19 21:06:05.644</iDate>
    <type>category</type>
    <owner></owner>
    <inode>5abdb8ed-3076-41b2-917c-ff2de12eda07</inode>
    <categoryName>Cat1.1.3</categoryName>
    <key>cat113</key>
    <sortOrder>0</sortOrder>
    <active>true</active>
    <keywords></keywords>
    <categoryVelocityVarName>cat113</categoryVelocityVarName>
    <modDate class="sql-timestamp">2020-08-19 21:06:05.646</modDate>
  </com.dotmarketing.portlets.categories.model.Category>
  <com.dotmarketing.portlets.categories.model.Category>
    <iDate class="sql-timestamp">2020-08-19 21:06:02.536</iDate>
    <type>category</type>
    <owner></owner>
    <inode>f8641448-b22d-4c15-92ac-14e91a29fe3c</inode>
    <categoryName>Cat1.1.2</categoryName>
    <key>cat112</key>
    <sortOrder>0</sortOrder>
    <active>true</active>
    <keywords></keywords>
    <categoryVelocityVarName>cat112</categoryVelocityVarName>
    <modDate class="sql-timestamp">2020-08-19 21:06:02.538</modDate>
  </com.dotmarketing.portlets.categories.model.Category>
  <com.dotmarketing.portlets.categories.model.Category>
    <iDate class="sql-timestamp">2020-08-19 21:05:59.544</iDate>
    <type>category</type>
    <owner></owner>
    <inode>e4b2fbab-8aa7-432b-b529-f52a77da9e39</inode>
    <categoryName>Cat1.1.1</categoryName>
    <key>cat111</key>
    <sortOrder>0</sortOrder>
    <active>true</active>
    <keywords></keywords>
    <categoryVelocityVarName>cat111</categoryVelocityVarName>
    <modDate class="sql-timestamp">2020-08-19 21:05:59.55</modDate>
  </com.dotmarketing.portlets.categories.model.Category>
  <com.dotmarketing.portlets.categories.model.Category>
    <iDate class="sql-timestamp">2020-08-19 21:05:48.093</iDate>
    <type>category</type>
    <owner></owner>
    <inode>7ec289ef-f830-4d0b-ba3d-a43e4cdceec0</inode>
    <categoryName>Cat1.3</categoryName>
    <key>cat13</key>
    <sortOrder>0</sortOrder>
    <active>true</active>
    <keywords></keywords>
    <categoryVelocityVarName>cat13</categoryVelocityVarName>
    <modDate class="sql-timestamp">2020-08-19 21:05:48.094</modDate>
  </com.dotmarketing.portlets.categories.model.Category>
  <com.dotmarketing.portlets.categories.model.Category>
    <iDate class="sql-timestamp">2020-08-19 21:05:45.168</iDate>
    <type>category</type>
    <owner></owner>
    <inode>2bc7078e-02e6-4b21-8a41-0febc7a324b7</inode>
    <categoryName>Cat1.2</categoryName>
    <key>cat12</key>
    <sortOrder>0</sortOrder>
    <active>true</active>
    <keywords></keywords>
    <categoryVelocityVarName>cat12</categoryVelocityVarName>
    <modDate class="sql-timestamp">2020-08-19 21:05:45.17</modDate>
  </com.dotmarketing.portlets.categories.model.Category>
  <com.dotmarketing.portlets.categories.model.Category>
    <iDate class="sql-timestamp">2020-08-19 21:05:41.881</iDate>
    <type>category</type>
    <owner></owner>
    <inode>b5e588d4-0289-4f6e-b5e4-be67d3fb1a76</inode>
    <categoryName>Cat1.1</categoryName>
    <key>cat11</key>
    <sortOrder>0</sortOrder>
    <active>true</active>
    <keywords></keywords>
    <categoryVelocityVarName>cat11</categoryVelocityVarName>
    <modDate class="sql-timestamp">2020-08-19 21:05:41.884</modDate>
  </com.dotmarketing.portlets.categories.model.Category>
  <com.dotmarketing.portlets.categories.model.Category>
    <iDate class="sql-timestamp">2020-08-19 21:05:31.149</iDate>
    <type>category</type>
    <owner></owner>
    <inode>f5476c1e-7fcc-4e5c-846f-7390fa8c6f60</inode>
    <categoryName>Cat1</categoryName>
    <key>cat1</key>
    <sortOrder>0</sortOrder>
    <active>true</active>
    <keywords></keywords>
    <categoryVelocityVarName>cat1</categoryVelocityVarName>
    <modDate class="sql-timestamp">2020-08-19 21:05:31.184</modDate>
  </com.dotmarketing.portlets.categories.model.Category>
</list>