<list>
  <com.dotmarketing.tag.model.Tag>
    <userId></userId>
    <tagName>tag6</tagName>
    <tagId>3477e8d8-b5b4-4d2c-be71-14b41dda6562</tagId>
    <persona>false</persona>
    <modDate class="sql-timestamp">2020-08-18 23:27:05.01</modDate>
    <hostId>b91f2b4b-ac64-429e-8a58-5c3f8484a600</hostId>
  </com.dotmarketing.tag.model.Tag>
  <com.dotmarketing.tag.model.Tag>
    <userId></userId>
    <tagName>tag6</tagName>
    <tagId>5626e743-6dc8-48df-af67-c21aa6c641cd</tagId>
    <persona>false</persona>
    <modDate class="sql-timestamp">2020-08-18 23:00:51.654</modDate>
    <hostId>8a7d5e23-da1e-420a-b4f0-471e7da8ea2d</hostId>
  </com.dotmarketing.tag.model.Tag>
  <com.dotmarketing.tag.model.Tag>
    <userId></userId>
    <tagName>tag3</tagName>
    <tagId>6c7a56bf-006e-4f93-a092-1c1b905998a6</tagId>
    <persona>false</persona>
    <modDate class="sql-timestamp">2020-08-18 22:57:11.891</modDate>
    <hostId>SYSTEM_HOST</hostId>
  </com.dotmarketing.tag.model.Tag>
  <com.dotmarketing.tag.model.Tag>
    <userId></userId>
    <tagName>tag5</tagName>
    <tagId>7944f05c-82db-4849-b9f9-4b68f88293c4</tagId>
    <persona>false</persona>
    <modDate class="sql-timestamp">2020-08-18 23:26:56.121</modDate>
    <hostId>b91f2b4b-ac64-429e-8a58-5c3f8484a600</hostId>
  </com.dotmarketing.tag.model.Tag>
  <com.dotmarketing.tag.model.Tag>
    <userId></userId>
    <tagName>tag5</tagName>
    <tagId>a724108e-f475-4468-909e-2985b2225809</tagId>
    <persona>false</persona>
    <modDate class="sql-timestamp">2020-08-18 23:00:44.262</modDate>
    <hostId>8a7d5e23-da1e-420a-b4f0-471e7da8ea2d</hostId>
  </com.dotmarketing.tag.model.Tag>
  <com.dotmarketing.tag.model.Tag>
    <userId></userId>
    <tagName>tag4</tagName>
    <tagId>ba51b006-589c-424e-aff1-28ce1cb5e0de</tagId>
    <persona>false</persona>
    <modDate class="sql-timestamp">2020-08-18 23:00:34.838</modDate>
    <hostId>8a7d5e23-da1e-420a-b4f0-471e7da8ea2d</hostId>
  </com.dotmarketing.tag.model.Tag>
  <com.dotmarketing.tag.model.Tag>
    <userId></userId>
    <tagName>tag2</tagName>
    <tagId>d20dca41-2a90-43f7-af90-19b0eaa42af1</tagId>
    <persona>false</persona>
    <modDate class="sql-timestamp">2020-08-18 22:56:50.559</modDate>
    <hostId>SYSTEM_HOST</hostId>
  </com.dotmarketing.tag.model.Tag>
  <com.dotmarketing.tag.model.Tag>
    <userId></userId>
    <tagName>tag1</tagName>
    <tagId>df56f776-928f-4cb7-93f9-0ca242df928f</tagId>
    <persona>false</persona>
    <modDate class="sql-timestamp">2020-08-18 22:56:40.392</modDate>
    <hostId>SYSTEM_HOST</hostId>
  </com.dotmarketing.tag.model.Tag>
  <com.dotmarketing.tag.model.Tag>
    <userId></userId>
    <tagName>tag4</tagName>
    <tagId>e8c44c0e-af6a-4de2-b857-479e6930eb47</tagId>
    <persona>false</persona>
    <modDate class="sql-timestamp">2020-08-18 23:26:50.723</modDate>
    <hostId>b91f2b4b-ac64-429e-8a58-5c3f8484a600</hostId>
  </com.dotmarketing.tag.model.Tag>
</list>