<list>
  <com.dotmarketing.beans.Identifier>
    <id>051158a0-f6ff-4615-af20-284ce11b2fbc</id>
    <assetName>content.3d71f3b6-cb32-4e40-8dbb-0ceffefbda72</assetName>
    <assetType>contentlet</assetType>
    <parentPath>/</parentPath>
    <hostId>8a7d5e23-da1e-420a-b4f0-471e7da8ea2d</hostId>
  </com.dotmarketing.beans.Identifier>
  <com.dotmarketing.beans.Identifier>
    <id>08f6969a-fa64-41eb-8c5c-57e2c95a2c93</id>
    <assetName>content.3cfd3e51-fed1-40ab-bbbd-3b8bcfcbce47</assetName>
    <assetType>contentlet</assetType>
    <parentPath>/</parentPath>
    <hostId>8a7d5e23-da1e-420a-b4f0-471e7da8ea2d</hostId>
  </com.dotmarketing.beans.Identifier>
  <com.dotmarketing.beans.Identifier>
    <id>0fc6e972-b808-4790-aa70-1c474e3e33b5</id>
    <assetName>content.860af880-88ca-4718-ae8a-b3783996ffe9</assetName>
    <assetType>contentlet</assetType>
    <parentPath>/</parentPath>
    <hostId>8a7d5e23-da1e-420a-b4f0-471e7da8ea2d</hostId>
  </com.dotmarketing.beans.Identifier>
  <com.dotmarketing.beans.Identifier>
    <id>0fe86dcd-4fd0-4680-9722-f3f21cc65c08</id>
    <assetName>content.6c0c721f-3051-4057-8769-e248d90e1dd6</assetName>
    <assetType>contentlet</assetType>
    <parentPath>/</parentPath>
    <hostId>8a7d5e23-da1e-420a-b4f0-471e7da8ea2d</hostId>
  </com.dotmarketing.beans.Identifier>
  <com.dotmarketing.beans.Identifier>
    <id>17b51b1a-506a-425c-ac88-2bdae0e0bc35</id>
    <assetName>17b51b1a-506a-425c-ac88-2bdae0e0bc35.template</assetName>
    <assetType>template</assetType>
    <parentPath>/</parentPath>
    <hostId>8a7d5e23-da1e-420a-b4f0-471e7da8ea2d</hostId>
  </com.dotmarketing.beans.Identifier>
  <com.dotmarketing.beans.Identifier>
    <id>17baa66d-95c7-4495-8a72-442486c3a48f</id>
    <assetName>content.e5f332d9-7322-45fe-bbd8-c80fd8b6e37e</assetName>
    <assetType>contentlet</assetType>
    <parentPath>/</parentPath>
    <hostId>8a7d5e23-da1e-420a-b4f0-471e7da8ea2d</hostId>
  </com.dotmarketing.beans.Identifier>
  <com.dotmarketing.beans.Identifier>
    <id>1b927236-4857-4763-8ef8-ab36e437fbec</id>
    <assetName>content.e631badb-0867-4471-ab39-26e1f16c6ed1</assetName>
    <assetType>contentlet</assetType>
    <parentPath>/</parentPath>
    <hostId>b91f2b4b-ac64-429e-8a58-5c3f8484a600</hostId>
  </com.dotmarketing.beans.Identifier>
  <com.dotmarketing.beans.Identifier>
    <id>2f1b5c8b-1f8e-44ad-b615-2e6973be7436</id>
    <assetName>content.6e88fdff-542b-420c-9770-b6f7bdf2cbe0</assetName>
    <assetType>contentlet</assetType>
    <parentPath>/</parentPath>
    <hostId>8a7d5e23-da1e-420a-b4f0-471e7da8ea2d</hostId>
  </com.dotmarketing.beans.Identifier>
  <com.dotmarketing.beans.Identifier>
    <id>35891a5a-d1fc-4ccd-9f49-8cb3b4219ebf</id>
    <assetName>content.3bbe6f7f-91b6-419c-9e6a-258f95f5272c</assetName>
    <assetType>contentlet</assetType>
    <parentPath>/</parentPath>
    <hostId>8a7d5e23-da1e-420a-b4f0-471e7da8ea2d</hostId>
  </com.dotmarketing.beans.Identifier>
  <com.dotmarketing.beans.Identifier>
    <id>399abe13-2ba5-4cb3-a0af-0b32681079f8</id>
    <assetName>content.61bf1c1b-dd1c-45c8-925e-ca21180538fc</assetName>
    <assetType>contentlet</assetType>
    <parentPath>/</parentPath>
    <hostId>8a7d5e23-da1e-420a-b4f0-471e7da8ea2d</hostId>
  </com.dotmarketing.beans.Identifier>
  <com.dotmarketing.beans.Identifier>
    <id>39f0a52e-f106-4468-93fa-ff1986f12031</id>
    <assetName>content.821df528-5e3e-433a-8586-600403614bac</assetName>
    <assetType>contentlet</assetType>
    <parentPath>/</parentPath>
    <hostId>8a7d5e23-da1e-420a-b4f0-471e7da8ea2d</hostId>
  </com.dotmarketing.beans.Identifier>
  <com.dotmarketing.beans.Identifier>
    <id>3bcfbc0e-c8e6-4c05-80da-9da3e1b369d4</id>
    <assetName>content.c538453f-7561-473b-96df-366e682ab628</assetName>
    <assetType>contentlet</assetType>
    <parentPath>/</parentPath>
    <hostId>8a7d5e23-da1e-420a-b4f0-471e7da8ea2d</hostId>
  </com.dotmarketing.beans.Identifier>
  <com.dotmarketing.beans.Identifier>
    <id>43c595da-591d-445f-a7fa-10955bb41221</id>
    <assetName>content.778299d1-7059-4b55-8ad5-e318364542db</assetName>
    <assetType>contentlet</assetType>
    <parentPath>/</parentPath>
    <hostId>8a7d5e23-da1e-420a-b4f0-471e7da8ea2d</hostId>
  </com.dotmarketing.beans.Identifier>
  <com.dotmarketing.beans.Identifier>
    <id>4413bcd7-4aed-490f-9dc0-fd6739e329c2</id>
    <assetName>golang2.png</assetName>
    <assetType>contentlet</assetType>
    <parentPath>/</parentPath>
    <hostId>8a7d5e23-da1e-420a-b4f0-471e7da8ea2d</hostId>
  </com.dotmarketing.beans.Identifier>
  <com.dotmarketing.beans.Identifier>
    <id>4bae2fbe-7ab3-4b44-a196-1bd444b42eda</id>
    <assetName>content.936162bd-d3b1-4b13-ac76-1dcdf4ecef55</assetName>
    <assetType>contentlet</assetType>
    <parentPath>/</parentPath>
    <hostId>SYSTEM_HOST</hostId>
  </com.dotmarketing.beans.Identifier>
  <com.dotmarketing.beans.Identifier>
    <id>4f6c3611-0964-4496-beb2-d1f767c51a79</id>
    <assetName>page3</assetName>
    <assetType>contentlet</assetType>
    <parentPath>/</parentPath>
    <hostId>8a7d5e23-da1e-420a-b4f0-471e7da8ea2d</hostId>
  </com.dotmarketing.beans.Identifier>
  <com.dotmarketing.beans.Identifier>
    <id>5c76824e-343f-4cef-a41a-e699710e8cdb</id>
    <assetName>content.03961e60-dd06-486a-be75-4efde8def849</assetName>
    <assetType>contentlet</assetType>
    <parentPath>/</parentPath>
    <hostId>8a7d5e23-da1e-420a-b4f0-471e7da8ea2d</hostId>
  </com.dotmarketing.beans.Identifier>
  <com.dotmarketing.beans.Identifier>
    <id>5eeafb58-4ecb-4721-8913-3c093f90685d</id>
    <assetName>5eeafb58-4ecb-4721-8913-3c093f90685d.containers</assetName>
    <assetType>containers</assetType>
    <parentPath>/</parentPath>
    <hostId>8a7d5e23-da1e-420a-b4f0-471e7da8ea2d</hostId>
  </com.dotmarketing.beans.Identifier>
  <com.dotmarketing.beans.Identifier>
    <id>5f2d6ea7-9826-47af-9320-e90a0ede0580</id>
    <assetName>application</assetName>
    <assetType>folder</assetType>
    <parentPath>/</parentPath>
    <hostId>8a7d5e23-da1e-420a-b4f0-471e7da8ea2d</hostId>
  </com.dotmarketing.beans.Identifier>
  <com.dotmarketing.beans.Identifier>
    <id>5fe89979-00dd-44db-a866-03840c325e3f</id>
    <assetName>content.c81351fc-74e6-4f73-852d-3c2b757fa93f</assetName>
    <assetType>contentlet</assetType>
    <parentPath>/</parentPath>
    <hostId>8a7d5e23-da1e-420a-b4f0-471e7da8ea2d</hostId>
  </com.dotmarketing.beans.Identifier>
  <com.dotmarketing.beans.Identifier>
    <id>62e975b7-2950-4695-8a7d-36934c951634</id>
    <assetName>content.a04e7486-8136-48d9-9fe1-4bb76d792e7f</assetName>
    <assetType>contentlet</assetType>
    <parentPath>/</parentPath>
    <hostId>8a7d5e23-da1e-420a-b4f0-471e7da8ea2d</hostId>
  </com.dotmarketing.beans.Identifier>
  <com.dotmarketing.beans.Identifier>
    <id>6e974070-95b6-42d8-9f7a-b46e77e7bd32</id>
    <assetName>6e974070-95b6-42d8-9f7a-b46e77e7bd32.template</assetName>
    <assetType>template</assetType>
    <parentPath>/</parentPath>
    <hostId>8a7d5e23-da1e-420a-b4f0-471e7da8ea2d</hostId>
  </com.dotmarketing.beans.Identifier>
  <com.dotmarketing.beans.Identifier>
    <id>74bf2ed7-781e-47b4-9a5f-7634de3d5dd5</id>
    <assetName>content.6b95a5bb-2013-4224-9d76-5d4ce638cc4b</assetName>
    <assetType>contentlet</assetType>
    <parentPath>/</parentPath>
    <hostId>8a7d5e23-da1e-420a-b4f0-471e7da8ea2d</hostId>
  </com.dotmarketing.beans.Identifier>
  <com.dotmarketing.beans.Identifier>
    <id>7b1abffa-cf87-403f-8348-fd3e652efe2b</id>
    <assetName>content.58d838be-400b-4184-9c22-bc253f515a86</assetName>
    <assetType>contentlet</assetType>
    <parentPath>/</parentPath>
    <hostId>8a7d5e23-da1e-420a-b4f0-471e7da8ea2d</hostId>
  </com.dotmarketing.beans.Identifier>
  <com.dotmarketing.beans.Identifier>
    <id>80691641-4d89-41e5-bafb-7b1c43f0bc89</id>
    <assetName>content.d8716895-8f9c-4639-800a-ab0dcc618bc3</assetName>
    <assetType>contentlet</assetType>
    <parentPath>/</parentPath>
    <hostId>8a7d5e23-da1e-420a-b4f0-471e7da8ea2d</hostId>
  </com.dotmarketing.beans.Identifier>
  <com.dotmarketing.beans.Identifier>
    <id>839092c6-d26a-46d3-a641-57bfc5237c64</id>
    <assetName>content.b4b620fc-f8eb-42b9-bd67-cc75d83017f7</assetName>
    <assetType>contentlet</assetType>
    <parentPath>/</parentPath>
    <hostId>8a7d5e23-da1e-420a-b4f0-471e7da8ea2d</hostId>
  </com.dotmarketing.beans.Identifier>
  <com.dotmarketing.beans.Identifier>
    <id>85fdff39-8d3f-45f4-9e24-3753973fe4be</id>
    <assetName>content.e07f19ab-5ec9-4073-84f3-0426136b20ae</assetName>
    <assetType>contentlet</assetType>
    <parentPath>/</parentPath>
    <hostId>8a7d5e23-da1e-420a-b4f0-471e7da8ea2d</hostId>
  </com.dotmarketing.beans.Identifier>
  <com.dotmarketing.beans.Identifier>
    <id>8a7d5e23-da1e-420a-b4f0-471e7da8ea2d</id>
    <assetName>content.ff462f88-d9e1-4d31-b084-b73cb61976d3</assetName>
    <assetType>contentlet</assetType>
    <parentPath>/</parentPath>
    <hostId>SYSTEM_HOST</hostId>
  </com.dotmarketing.beans.Identifier>
  <com.dotmarketing.beans.Identifier>
    <id>8a9cf0e2-7669-4a2e-869a-e0944d44a706</id>
    <assetName>Documents</assetName>
    <assetType>folder</assetType>
    <parentPath>/</parentPath>
    <hostId>8a7d5e23-da1e-420a-b4f0-471e7da8ea2d</hostId>
  </com.dotmarketing.beans.Identifier>
  <com.dotmarketing.beans.Identifier>
    <id>8be1cb1e-9fd5-42ed-956e-016aa7a4b421</id>
    <assetName>content.28acb739-f01c-4310-a4e2-c15d3e9939f9</assetName>
    <assetType>contentlet</assetType>
    <parentPath>/</parentPath>
    <hostId>b91f2b4b-ac64-429e-8a58-5c3f8484a600</hostId>
  </com.dotmarketing.beans.Identifier>
  <com.dotmarketing.beans.Identifier>
    <id>90ec36f6-2aa2-4288-bfb1-bab0e152eadb</id>
    <assetName>content.e6c32a8f-8dd9-44ad-ba96-2c82b7aebb1d</assetName>
    <assetType>contentlet</assetType>
    <parentPath>/</parentPath>
    <hostId>8a7d5e23-da1e-420a-b4f0-471e7da8ea2d</hostId>
  </com.dotmarketing.beans.Identifier>
  <com.dotmarketing.beans.Identifier>
    <id>956b7be9-c1a7-4244-8ae6-5390be4e4ce1</id>
    <assetName>content.3ef7204c-e429-4d7c-bcd4-807548f4c18f</assetName>
    <assetType>contentlet</assetType>
    <parentPath>/</parentPath>
    <hostId>8a7d5e23-da1e-420a-b4f0-471e7da8ea2d</hostId>
  </com.dotmarketing.beans.Identifier>
  <com.dotmarketing.beans.Identifier>
    <id>993c3b7e-eeb4-4da2-b59d-9402d58d1941</id>
    <assetName>Documents</assetName>
    <assetType>folder</assetType>
    <parentPath>/</parentPath>
    <hostId>b91f2b4b-ac64-429e-8a58-5c3f8484a600</hostId>
  </com.dotmarketing.beans.Identifier>
  <com.dotmarketing.beans.Identifier>
    <id>b91f2b4b-ac64-429e-8a58-5c3f8484a600</id>
    <assetName>content.919ec2be-4eb4-4a25-8156-4c086af4ae03</assetName>
    <assetType>contentlet</assetType>
    <parentPath>/</parentPath>
    <hostId>SYSTEM_HOST</hostId>
  </com.dotmarketing.beans.Identifier>
  <com.dotmarketing.beans.Identifier>
    <id>c3b07e83-07b9-454b-9c4e-64a323636a4a</id>
    <assetName>content.130faaae-ab18-42ad-88bd-4793ed785818</assetName>
    <assetType>contentlet</assetType>
    <parentPath>/</parentPath>
    <hostId>8a7d5e23-da1e-420a-b4f0-471e7da8ea2d</hostId>
  </com.dotmarketing.beans.Identifier>
  <com.dotmarketing.beans.Identifier>
    <id>c885cdf0-83fe-42db-8d8e-88a6596c8c02</id>
    <assetName>content.cf31fb3e-9ad6-43fe-904d-8f7ecc9a278a</assetName>
    <assetType>contentlet</assetType>
    <parentPath>/</parentPath>
    <hostId>8a7d5e23-da1e-420a-b4f0-471e7da8ea2d</hostId>
  </com.dotmarketing.beans.Identifier>
  <com.dotmarketing.beans.Identifier>
    <id>cc7364a8-66f2-4b49-b952-e9ac3c50d262</id>
    <assetName>golang1.png</assetName>
    <assetType>contentlet</assetType>
    <parentPath>/</parentPath>
    <hostId>8a7d5e23-da1e-420a-b4f0-471e7da8ea2d</hostId>
  </com.dotmarketing.beans.Identifier>
  <com.dotmarketing.beans.Identifier>
    <id>d08f1e34-57ce-4792-b49b-946e78e69f9d</id>
    <assetName>page2</assetName>
    <assetType>contentlet</assetType>
    <parentPath>/</parentPath>
    <hostId>8a7d5e23-da1e-420a-b4f0-471e7da8ea2d</hostId>
  </com.dotmarketing.beans.Identifier>
  <com.dotmarketing.beans.Identifier>
    <id>d4857d80-075e-4a9a-856f-b54965fefa07</id>
    <assetName>folder1</assetName>
    <assetType>folder</assetType>
    <parentPath>/</parentPath>
    <hostId>8a7d5e23-da1e-420a-b4f0-471e7da8ea2d</hostId>
  </com.dotmarketing.beans.Identifier>
  <com.dotmarketing.beans.Identifier>
    <id>d74201ca-3f24-45a4-a6e1-7503c645bf51</id>
    <assetName>content.4e87b4bf-3ba2-4d06-a96c-2d048bbc50d2</assetName>
    <assetType>contentlet</assetType>
    <parentPath>/</parentPath>
    <hostId>8a7d5e23-da1e-420a-b4f0-471e7da8ea2d</hostId>
  </com.dotmarketing.beans.Identifier>
  <com.dotmarketing.beans.Identifier>
    <id>dc1a7be4-ee18-4f0b-ae59-2fa1314b3f5d</id>
    <assetName>content.792fa82d-f421-4979-9c9f-772d31f5098c</assetName>
    <assetType>contentlet</assetType>
    <parentPath>/</parentPath>
    <hostId>8a7d5e23-da1e-420a-b4f0-471e7da8ea2d</hostId>
  </com.dotmarketing.beans.Identifier>
  <com.dotmarketing.beans.Identifier>
    <id>e7d1c612-76ca-4800-bf31-c7acaca5b9a9</id>
    <assetName>e7d1c612-76ca-4800-bf31-c7acaca5b9a9.template</assetName>
    <assetType>template</assetType>
    <parentPath>/</parentPath>
    <hostId>8a7d5e23-da1e-420a-b4f0-471e7da8ea2d</hostId>
  </com.dotmarketing.beans.Identifier>
  <com.dotmarketing.beans.Identifier>
    <id>eecf08da-f933-4fe2-82a8-2629f4104dd3</id>
    <assetName>page1</assetName>
    <assetType>contentlet</assetType>
    <parentPath>/</parentPath>
    <hostId>8a7d5e23-da1e-420a-b4f0-471e7da8ea2d</hostId>
  </com.dotmarketing.beans.Identifier>
  <com.dotmarketing.beans.Identifier>
    <id>fdfaf7c4-23c8-4120-abb2-2756ccf827d2</id>
    <assetName>hn9cQhRbq3bwPmWr5azdegDnOlF.jpg</assetName>
    <assetType>contentlet</assetType>
    <parentPath>/</parentPath>
    <hostId>8a7d5e23-da1e-420a-b4f0-471e7da8ea2d</hostId>
  </com.dotmarketing.beans.Identifier>
  <com.dotmarketing.beans.Identifier>
    <id>SYSTEM_HOST</id>
    <assetName>system host</assetName>
    <assetType>contentlet</assetType>
    <parentPath>/</parentPath>
    <hostId>SYSTEM_HOST</hostId>
  </com.dotmarketing.beans.Identifier>
  <com.dotmarketing.beans.Identifier>
    <id>8dbdfc78-871d-41e4-9e08-d2894a167397</id>
    <assetName>themes</assetName>
    <assetType>folder</assetType>
    <parentPath>/application/</parentPath>
    <hostId>8a7d5e23-da1e-420a-b4f0-471e7da8ea2d</hostId>
  </com.dotmarketing.beans.Identifier>
  <com.dotmarketing.beans.Identifier>
    <id>ac2a28f9-68fd-4b37-a206-983704865486</id>
    <assetName>containers</assetName>
    <assetType>folder</assetType>
    <parentPath>/application/</parentPath>
    <hostId>8a7d5e23-da1e-420a-b4f0-471e7da8ea2d</hostId>
  </com.dotmarketing.beans.Identifier>
  <com.dotmarketing.beans.Identifier>
    <id>d2a842cc-be91-496e-84eb-7a6a232df767</id>
    <assetName>movie-assets</assetName>
    <assetType>folder</assetType>
    <parentPath>/application/</parentPath>
    <hostId>8a7d5e23-da1e-420a-b4f0-471e7da8ea2d</hostId>
  </com.dotmarketing.beans.Identifier>
  <com.dotmarketing.beans.Identifier>
    <id>d8f494cf-ceb2-42f7-a03c-1cf21ea2485b</id>
    <assetName>default</assetName>
    <assetType>folder</assetType>
    <parentPath>/application/containers/</parentPath>
    <hostId>8a7d5e23-da1e-420a-b4f0-471e7da8ea2d</hostId>
  </com.dotmarketing.beans.Identifier>
  <com.dotmarketing.beans.Identifier>
    <id>03665b1d-7bbf-4bcf-a2f2-38425c189591</id>
    <assetName>container.vtl</assetName>
    <assetType>contentlet</assetType>
    <parentPath>/application/containers/default/</parentPath>
    <hostId>8a7d5e23-da1e-420a-b4f0-471e7da8ea2d</hostId>
  </com.dotmarketing.beans.Identifier>
  <com.dotmarketing.beans.Identifier>
    <id>0bcb4a6a-6194-41c9-a02e-ccb69206833d</id>
    <assetName>PageContentType1.vtl</assetName>
    <assetType>contentlet</assetType>
    <parentPath>/application/containers/default/</parentPath>
    <hostId>8a7d5e23-da1e-420a-b4f0-471e7da8ea2d</hostId>
  </com.dotmarketing.beans.Identifier>
  <com.dotmarketing.beans.Identifier>
    <id>5a06aa01-e5b3-4429-ba1a-33d3cc485897</id>
    <assetName>preloop.vtl</assetName>
    <assetType>contentlet</assetType>
    <parentPath>/application/containers/default/</parentPath>
    <hostId>8a7d5e23-da1e-420a-b4f0-471e7da8ea2d</hostId>
  </com.dotmarketing.beans.Identifier>
  <com.dotmarketing.beans.Identifier>
    <id>5e16db94-3242-492a-8f79-3e2fc07e9625</id>
    <assetName>postloop.vtl</assetName>
    <assetType>contentlet</assetType>
    <parentPath>/application/containers/default/</parentPath>
    <hostId>8a7d5e23-da1e-420a-b4f0-471e7da8ea2d</hostId>
  </com.dotmarketing.beans.Identifier>
  <com.dotmarketing.beans.Identifier>
    <id>613690ac-99ea-4c49-ac93-35e263290112</id>
    <assetName>PageContentType2.vtl</assetName>
    <assetType>contentlet</assetType>
    <parentPath>/application/containers/default/</parentPath>
    <hostId>8a7d5e23-da1e-420a-b4f0-471e7da8ea2d</hostId>
  </com.dotmarketing.beans.Identifier>
  <com.dotmarketing.beans.Identifier>
    <id>2ae2c79d-4855-4e7e-b8a0-ecf928f89dbf</id>
    <assetName>PussInBootsPoster.jpg</assetName>
    <assetType>contentlet</assetType>
    <parentPath>/application/movie-assets/</parentPath>
    <hostId>8a7d5e23-da1e-420a-b4f0-471e7da8ea2d</hostId>
  </com.dotmarketing.beans.Identifier>
  <com.dotmarketing.beans.Identifier>
    <id>352bba2e-2dd7-4f38-bdc6-d0f2ad9aefd0</id>
    <assetName>sonicposter.jpg</assetName>
    <assetType>contentlet</assetType>
    <parentPath>/application/movie-assets/</parentPath>
    <hostId>8a7d5e23-da1e-420a-b4f0-471e7da8ea2d</hostId>
  </com.dotmarketing.beans.Identifier>
  <com.dotmarketing.beans.Identifier>
    <id>39eb4e39-f653-48f9-9baa-fefa9752f21a</id>
    <assetName>SalmaHayek.jpg</assetName>
    <assetType>contentlet</assetType>
    <parentPath>/application/movie-assets/</parentPath>
    <hostId>8a7d5e23-da1e-420a-b4f0-471e7da8ea2d</hostId>
  </com.dotmarketing.beans.Identifier>
  <com.dotmarketing.beans.Identifier>
    <id>51b3625c-3bd6-4bd5-90e6-01b6de0cf54f</id>
    <assetName>JimCarrey.jpg</assetName>
    <assetType>contentlet</assetType>
    <parentPath>/application/movie-assets/</parentPath>
    <hostId>8a7d5e23-da1e-420a-b4f0-471e7da8ea2d</hostId>
  </com.dotmarketing.beans.Identifier>
  <com.dotmarketing.beans.Identifier>
    <id>c4312db8-faa6-4f45-8ff5-3d6cdceaa7ec</id>
    <assetName>AntonioBandares.jpg</assetName>
    <assetType>contentlet</assetType>
    <parentPath>/application/movie-assets/</parentPath>
    <hostId>8a7d5e23-da1e-420a-b4f0-471e7da8ea2d</hostId>
  </com.dotmarketing.beans.Identifier>
  <com.dotmarketing.beans.Identifier>
    <id>db220e58-eaa1-421a-bee8-7e7e7b247054</id>
    <assetName>JamesMarsden.jpg</assetName>
    <assetType>contentlet</assetType>
    <parentPath>/application/movie-assets/</parentPath>
    <hostId>8a7d5e23-da1e-420a-b4f0-471e7da8ea2d</hostId>
  </com.dotmarketing.beans.Identifier>
  <com.dotmarketing.beans.Identifier>
    <id>c2d04629-f40f-4fc4-9f26-988b21a46bb5</id>
    <assetName>theme1</assetName>
    <assetType>folder</assetType>
    <parentPath>/application/themes/</parentPath>
    <hostId>8a7d5e23-da1e-420a-b4f0-471e7da8ea2d</hostId>
  </com.dotmarketing.beans.Identifier>
  <com.dotmarketing.beans.Identifier>
    <id>2bed9f71-3ead-4f81-9046-ebac13ee0601</id>
    <assetName>header.vtl</assetName>
    <assetType>contentlet</assetType>
    <parentPath>/application/themes/theme1/</parentPath>
    <hostId>8a7d5e23-da1e-420a-b4f0-471e7da8ea2d</hostId>
  </com.dotmarketing.beans.Identifier>
  <com.dotmarketing.beans.Identifier>
    <id>45b0605f-1b1c-4d83-8fcb-8db6de2f3f70</id>
    <assetName>html_head.vtl</assetName>
    <assetType>contentlet</assetType>
    <parentPath>/application/themes/theme1/</parentPath>
    <hostId>8a7d5e23-da1e-420a-b4f0-471e7da8ea2d</hostId>
  </com.dotmarketing.beans.Identifier>
  <com.dotmarketing.beans.Identifier>
    <id>4ce1795f-16a7-45eb-b5b0-4a52177ce634</id>
    <assetName>images</assetName>
    <assetType>folder</assetType>
    <parentPath>/application/themes/theme1/</parentPath>
    <hostId>8a7d5e23-da1e-420a-b4f0-471e7da8ea2d</hostId>
  </com.dotmarketing.beans.Identifier>
  <com.dotmarketing.beans.Identifier>
    <id>5a6bcfd7-7198-4f33-aa7a-43684d50b38b</id>
    <assetName>template.vtl</assetName>
    <assetType>contentlet</assetType>
    <parentPath>/application/themes/theme1/</parentPath>
    <hostId>8a7d5e23-da1e-420a-b4f0-471e7da8ea2d</hostId>
  </com.dotmarketing.beans.Identifier>
  <com.dotmarketing.beans.Identifier>
    <id>5d7f8140-4599-4318-88d2-26355a1fafff</id>
    <assetName>css</assetName>
    <assetType>folder</assetType>
    <parentPath>/application/themes/theme1/</parentPath>
    <hostId>8a7d5e23-da1e-420a-b4f0-471e7da8ea2d</hostId>
  </com.dotmarketing.beans.Identifier>
  <com.dotmarketing.beans.Identifier>
    <id>b585f218-ada7-49f4-831c-bc6c55820259</id>
    <assetName>footer.vtl</assetName>
    <assetType>contentlet</assetType>
    <parentPath>/application/themes/theme1/</parentPath>
    <hostId>8a7d5e23-da1e-420a-b4f0-471e7da8ea2d</hostId>
  </com.dotmarketing.beans.Identifier>
  <com.dotmarketing.beans.Identifier>
    <id>576ed12a-800a-49bf-adde-ce9491a05d5f</id>
    <assetName>style.css</assetName>
    <assetType>contentlet</assetType>
    <parentPath>/application/themes/theme1/css/</parentPath>
    <hostId>8a7d5e23-da1e-420a-b4f0-471e7da8ea2d</hostId>
  </com.dotmarketing.beans.Identifier>
  <com.dotmarketing.beans.Identifier>
    <id>5d2087dd-9a09-49cf-b924-15312784a079</id>
    <assetName>slick.css</assetName>
    <assetType>contentlet</assetType>
    <parentPath>/application/themes/theme1/css/</parentPath>
    <hostId>8a7d5e23-da1e-420a-b4f0-471e7da8ea2d</hostId>
  </com.dotmarketing.beans.Identifier>
  <com.dotmarketing.beans.Identifier>
    <id>7520e5f3-0921-40b1-b851-168c0b0a0519</id>
    <assetName>animate.css</assetName>
    <assetType>contentlet</assetType>
    <parentPath>/application/themes/theme1/css/</parentPath>
    <hostId>8a7d5e23-da1e-420a-b4f0-471e7da8ea2d</hostId>
  </com.dotmarketing.beans.Identifier>
  <com.dotmarketing.beans.Identifier>
    <id>7e2c0222-fdd6-4b49-a02c-4e256839e203</id>
    <assetName>default.css</assetName>
    <assetType>contentlet</assetType>
    <parentPath>/application/themes/theme1/css/</parentPath>
    <hostId>8a7d5e23-da1e-420a-b4f0-471e7da8ea2d</hostId>
  </com.dotmarketing.beans.Identifier>
  <com.dotmarketing.beans.Identifier>
    <id>8629e58d-748e-4855-b10f-bfea79af41f6</id>
    <assetName>magnific-popup.css</assetName>
    <assetType>contentlet</assetType>
    <parentPath>/application/themes/theme1/css/</parentPath>
    <hostId>8a7d5e23-da1e-420a-b4f0-471e7da8ea2d</hostId>
  </com.dotmarketing.beans.Identifier>
  <com.dotmarketing.beans.Identifier>
    <id>b1ebd1a2-8c63-46ca-9f85-f234316d9cba</id>
    <assetName>jquery.nice-number.min.css</assetName>
    <assetType>contentlet</assetType>
    <parentPath>/application/themes/theme1/css/</parentPath>
    <hostId>8a7d5e23-da1e-420a-b4f0-471e7da8ea2d</hostId>
  </com.dotmarketing.beans.Identifier>
  <com.dotmarketing.beans.Identifier>
    <id>d76555ea-0d58-4fa4-a636-398890bd5344</id>
    <assetName>bootstrap.min.css</assetName>
    <assetType>contentlet</assetType>
    <parentPath>/application/themes/theme1/css/</parentPath>
    <hostId>8a7d5e23-da1e-420a-b4f0-471e7da8ea2d</hostId>
  </com.dotmarketing.beans.Identifier>
  <com.dotmarketing.beans.Identifier>
    <id>de97647e-a7a4-42a5-a949-765a17c42f2d</id>
    <assetName>responsive.css</assetName>
    <assetType>contentlet</assetType>
    <parentPath>/application/themes/theme1/css/</parentPath>
    <hostId>8a7d5e23-da1e-420a-b4f0-471e7da8ea2d</hostId>
  </com.dotmarketing.beans.Identifier>
  <com.dotmarketing.beans.Identifier>
    <id>ff04835b-6f8c-44d2-8eae-4d5b1f8dec6e</id>
    <assetName>LineIcons.css</assetName>
    <assetType>contentlet</assetType>
    <parentPath>/application/themes/theme1/css/</parentPath>
    <hostId>8a7d5e23-da1e-420a-b4f0-471e7da8ea2d</hostId>
  </com.dotmarketing.beans.Identifier>
  <com.dotmarketing.beans.Identifier>
    <id>b9791764-d768-47c0-b761-91466539ce9c</id>
    <assetName>logo.png</assetName>
    <assetType>contentlet</assetType>
    <parentPath>/application/themes/theme1/images/</parentPath>
    <hostId>8a7d5e23-da1e-420a-b4f0-471e7da8ea2d</hostId>
  </com.dotmarketing.beans.Identifier>
  <com.dotmarketing.beans.Identifier>
    <id>1e728d47-ab3e-47e3-92ad-99b1683b8d44</id>
    <assetName>regular-expressions-cheat-sheet-v2.pdf</assetName>
    <assetType>contentlet</assetType>
    <parentPath>/Documents/</parentPath>
    <hostId>8a7d5e23-da1e-420a-b4f0-471e7da8ea2d</hostId>
  </com.dotmarketing.beans.Identifier>
  <com.dotmarketing.beans.Identifier>
    <id>ca82b11a-e7b6-4734-bf41-9f0735b5cf65</id>
    <assetName>design-pattern-scard.pdf</assetName>
    <assetType>contentlet</assetType>
    <parentPath>/Documents/</parentPath>
    <hostId>8a7d5e23-da1e-420a-b4f0-471e7da8ea2d</hostId>
  </com.dotmarketing.beans.Identifier>
  <com.dotmarketing.beans.Identifier>
    <id>dcacf1ed-76ea-4d4b-9ba5-304335e30e24</id>
    <assetName>img4.jpg</assetName>
    <assetType>contentlet</assetType>
    <parentPath>/Documents/</parentPath>
    <hostId>8a7d5e23-da1e-420a-b4f0-471e7da8ea2d</hostId>
  </com.dotmarketing.beans.Identifier>
  <com.dotmarketing.beans.Identifier>
    <id>ed88ee7d-5edb-4918-9891-43d91697c261</id>
    <assetName>img1.jpg</assetName>
    <assetType>contentlet</assetType>
    <parentPath>/Documents/</parentPath>
    <hostId>b91f2b4b-ac64-429e-8a58-5c3f8484a600</hostId>
  </com.dotmarketing.beans.Identifier>
  <com.dotmarketing.beans.Identifier>
    <id>ee46573e-9d27-4dbf-81f1-66e62e975c14</id>
    <assetName>img2.jpg</assetName>
    <assetType>contentlet</assetType>
    <parentPath>/Documents/</parentPath>
    <hostId>b91f2b4b-ac64-429e-8a58-5c3f8484a600</hostId>
  </com.dotmarketing.beans.Identifier>
  <com.dotmarketing.beans.Identifier>
    <id>f3f4ebb6-5e85-4004-9c24-8b303bcdebd9</id>
    <assetName>500x300_OilPaintingBlue_e27a82175763469c96a7fb20a36fe23b.jpg</assetName>
    <assetType>contentlet</assetType>
    <parentPath>/Documents/</parentPath>
    <hostId>8a7d5e23-da1e-420a-b4f0-471e7da8ea2d</hostId>
  </com.dotmarketing.beans.Identifier>
  <com.dotmarketing.beans.Identifier>
    <id>37996e78-c97e-4b94-aeaa-806d821f6293</id>
    <assetName>bulbasaur.jpeg</assetName>
    <assetType>contentlet</assetType>
    <parentPath>/folder1/</parentPath>
    <hostId>8a7d5e23-da1e-420a-b4f0-471e7da8ea2d</hostId>
  </com.dotmarketing.beans.Identifier>
  <com.dotmarketing.beans.Identifier>
    <id>5231981a-9f47-4bc0-8588-c05d6f281be7</id>
    <assetName>folder2</assetName>
    <assetType>folder</assetType>
    <parentPath>/folder1/</parentPath>
    <hostId>8a7d5e23-da1e-420a-b4f0-471e7da8ea2d</hostId>
  </com.dotmarketing.beans.Identifier>
  <com.dotmarketing.beans.Identifier>
    <id>b3eee8aa-f664-46a8-992a-f29915396fe4</id>
    <assetName>charmander.jpeg</assetName>
    <assetType>contentlet</assetType>
    <parentPath>/folder1/</parentPath>
    <hostId>8a7d5e23-da1e-420a-b4f0-471e7da8ea2d</hostId>
  </com.dotmarketing.beans.Identifier>
  <com.dotmarketing.beans.Identifier>
    <id>0bd874cd-32e6-4d0a-9b33-fbfa4c170d8b</id>
    <assetName>squirtle.jpeg</assetName>
    <assetType>contentlet</assetType>
    <parentPath>/folder1/folder2/</parentPath>
    <hostId>8a7d5e23-da1e-420a-b4f0-471e7da8ea2d</hostId>
  </com.dotmarketing.beans.Identifier>
  <com.dotmarketing.beans.Identifier>
    <id>286ea849-e99b-415e-bd5f-b69babae9bb6</id>
    <assetName>pikachu.jpeg</assetName>
    <assetType>contentlet</assetType>
    <parentPath>/folder1/folder2/</parentPath>
    <hostId>8a7d5e23-da1e-420a-b4f0-471e7da8ea2d</hostId>
  </com.dotmarketing.beans.Identifier>
  <com.dotmarketing.beans.Identifier>
    <id>bc9a1d37-dd2d-4d49-a29d-0c9be740bfaf</id>
    <assetName>system folder</assetName>
    <assetType>folder</assetType>
    <parentPath>/System folder</parentPath>
    <hostId>SYSTEM_HOST</hostId>
  </com.dotmarketing.beans.Identifier>
</list>