<list>
  <com.dotmarketing.portlets.folders.model.Folder>
    <iDate class="sql-timestamp">2023-07-06 18:33:36.02</iDate>
    <type>folder</type>
    <owner>dotcms.org.1</owner>
    <inode>fa0e311d-ecce-4918-b701-61e5656d7237</inode>
    <identifier>d2a842cc-be91-496e-84eb-7a6a232df767</identifier>
    <name>movie-assets</name>
    <sortOrder>0</sortOrder>
    <showOnMenu>false</showOnMenu>
    <hostId>8a7d5e23-da1e-420a-b4f0-471e7da8ea2d</hostId>
    <title>movie assets</title>
    <filesMasks></filesMasks>
    <defaultFileType>33888b6f-7a8e-4069-b1b6-5c1aa9d0a48d</defaultFileType>
    <modDate class="sql-timestamp">2023-07-06 18:33:36.231</modDate>
  </com.dotmarketing.portlets.folders.model.Folder>
  <com.dotmarketing.portlets.folders.model.Folder>
    <iDate class="sql-timestamp">2021-05-27 03:26:27.372</iDate>
    <type>folder</type>
    <owner>dotcms.org.1</owner>
    <inode>1a480a4b-4442-42a4-8cdb-80c76ad2ede0</inode>
    <identifier>4ce1795f-16a7-45eb-b5b0-4a52177ce634</identifier>
    <name>images</name>
    <sortOrder>0</sortOrder>
    <showOnMenu>false</showOnMenu>
    <hostId>8a7d5e23-da1e-420a-b4f0-471e7da8ea2d</hostId>
    <title>images</title>
    <filesMasks></filesMasks>
    <defaultFileType>33888b6f-7a8e-4069-b1b6-5c1aa9d0a48d</defaultFileType>
    <modDate class="sql-timestamp">2021-05-27 03:26:27.378</modDate>
  </com.dotmarketing.portlets.folders.model.Folder>
  <com.dotmarketing.portlets.folders.model.Folder>
    <iDate class="sql-timestamp">2021-05-27 02:43:36.911</iDate>
    <type>folder</type>
    <owner>dotcms.org.1</owner>
    <inode>02b226db-a88a-4b62-9a06-4bd17f086e64</inode>
    <identifier>5d7f8140-4599-4318-88d2-26355a1fafff</identifier>
    <name>css</name>
    <sortOrder>0</sortOrder>
    <showOnMenu>false</showOnMenu>
    <hostId>8a7d5e23-da1e-420a-b4f0-471e7da8ea2d</hostId>
    <title>css</title>
    <filesMasks></filesMasks>
    <defaultFileType>33888b6f-7a8e-4069-b1b6-5c1aa9d0a48d</defaultFileType>
    <modDate class="sql-timestamp">2021-05-27 02:43:36.925</modDate>
  </com.dotmarketing.portlets.folders.model.Folder>
  <com.dotmarketing.portlets.folders.model.Folder>
    <iDate class="sql-timestamp">2021-05-27 02:43:11.805</iDate>
    <type>folder</type>
    <owner>dotcms.org.1</owner>
    <inode>158a4fb6-2297-4798-b9e7-43f7c686babb</inode>
    <identifier>d8f494cf-ceb2-42f7-a03c-1cf21ea2485b</identifier>
    <name>default</name>
    <sortOrder>0</sortOrder>
    <showOnMenu>false</showOnMenu>
    <hostId>8a7d5e23-da1e-420a-b4f0-471e7da8ea2d</hostId>
    <title>default</title>
    <filesMasks></filesMasks>
    <defaultFileType>33888b6f-7a8e-4069-b1b6-5c1aa9d0a48d</defaultFileType>
    <modDate class="sql-timestamp">2021-05-27 02:43:11.812</modDate>
  </com.dotmarketing.portlets.folders.model.Folder>
  <com.dotmarketing.portlets.folders.model.Folder>
    <iDate class="sql-timestamp">2021-05-27 02:42:54.071</iDate>
    <type>folder</type>
    <owner>dotcms.org.1</owner>
    <inode>c44aa8f8-4af8-4396-bb06-d985b8038a0f</inode>
    <identifier>c2d04629-f40f-4fc4-9f26-988b21a46bb5</identifier>
    <name>theme1</name>
    <sortOrder>0</sortOrder>
    <showOnMenu>false</showOnMenu>
    <hostId>8a7d5e23-da1e-420a-b4f0-471e7da8ea2d</hostId>
    <title>theme1</title>
    <filesMasks></filesMasks>
    <defaultFileType>33888b6f-7a8e-4069-b1b6-5c1aa9d0a48d</defaultFileType>
    <modDate class="sql-timestamp">2021-05-27 02:42:54.08</modDate>
  </com.dotmarketing.portlets.folders.model.Folder>
  <com.dotmarketing.portlets.folders.model.Folder>
    <iDate class="sql-timestamp">2021-05-27 02:42:38.991</iDate>
    <type>folder</type>
    <owner>dotcms.org.1</owner>
    <inode>166f59c8-0935-472f-9c15-64029ca29939</inode>
    <identifier>8dbdfc78-871d-41e4-9e08-d2894a167397</identifier>
    <name>themes</name>
    <sortOrder>0</sortOrder>
    <showOnMenu>false</showOnMenu>
    <hostId>8a7d5e23-da1e-420a-b4f0-471e7da8ea2d</hostId>
    <title>themes</title>
    <filesMasks></filesMasks>
    <defaultFileType>33888b6f-7a8e-4069-b1b6-5c1aa9d0a48d</defaultFileType>
    <modDate class="sql-timestamp">2021-05-27 02:42:39.017</modDate>
  </com.dotmarketing.portlets.folders.model.Folder>
  <com.dotmarketing.portlets.folders.model.Folder>
    <iDate class="sql-timestamp">2021-05-27 02:42:28.569</iDate>
    <type>folder</type>
    <owner>dotcms.org.1</owner>
    <inode>11697f61-04cb-45e2-804f-a21b3cd07bff</inode>
    <identifier>ac2a28f9-68fd-4b37-a206-983704865486</identifier>
    <name>containers</name>
    <sortOrder>0</sortOrder>
    <showOnMenu>false</showOnMenu>
    <hostId>8a7d5e23-da1e-420a-b4f0-471e7da8ea2d</hostId>
    <title>containers</title>
    <filesMasks></filesMasks>
    <defaultFileType>33888b6f-7a8e-4069-b1b6-5c1aa9d0a48d</defaultFileType>
    <modDate class="sql-timestamp">2021-05-27 02:42:28.576</modDate>
  </com.dotmarketing.portlets.folders.model.Folder>
  <com.dotmarketing.portlets.folders.model.Folder>
    <iDate class="sql-timestamp">2021-05-27 02:42:07.242</iDate>
    <type>folder</type>
    <owner>dotcms.org.1</owner>
    <inode>cc287b86-05e4-42ab-a2c0-796ff54024df</inode>
    <identifier>5f2d6ea7-9826-47af-9320-e90a0ede0580</identifier>
    <name>application</name>
    <sortOrder>0</sortOrder>
    <showOnMenu>false</showOnMenu>
    <hostId>8a7d5e23-da1e-420a-b4f0-471e7da8ea2d</hostId>
    <title>application</title>
    <filesMasks></filesMasks>
    <defaultFileType>33888b6f-7a8e-4069-b1b6-5c1aa9d0a48d</defaultFileType>
    <modDate class="sql-timestamp">2021-05-27 02:42:07.255</modDate>
  </com.dotmarketing.portlets.folders.model.Folder>
  <com.dotmarketing.portlets.folders.model.Folder>
    <iDate class="sql-timestamp">2020-10-30 18:18:40.231</iDate>
    <type>folder</type>
    <owner>dotcms.org.1</owner>
    <inode>ef1367dd-d484-4283-9abe-18cf5a9b7b33</inode>
    <identifier>993c3b7e-eeb4-4da2-b59d-9402d58d1941</identifier>
    <name>Documents</name>
    <sortOrder>0</sortOrder>
    <showOnMenu>false</showOnMenu>
    <hostId>b91f2b4b-ac64-429e-8a58-5c3f8484a600</hostId>
    <title>Documents</title>
    <filesMasks></filesMasks>
    <defaultFileType>33888b6f-7a8e-4069-b1b6-5c1aa9d0a48d</defaultFileType>
    <modDate class="sql-timestamp">2020-10-30 18:18:40.237</modDate>
  </com.dotmarketing.portlets.folders.model.Folder>
  <com.dotmarketing.portlets.folders.model.Folder>
    <iDate class="sql-timestamp">2020-10-30 17:53:11.201</iDate>
    <type>folder</type>
    <owner>dotcms.org.1</owner>
    <inode>34224e46-429a-4add-afee-fd88b0afe331</inode>
    <identifier>8a9cf0e2-7669-4a2e-869a-e0944d44a706</identifier>
    <name>Documents</name>
    <sortOrder>0</sortOrder>
    <showOnMenu>false</showOnMenu>
    <hostId>8a7d5e23-da1e-420a-b4f0-471e7da8ea2d</hostId>
    <title>Documents</title>
    <filesMasks></filesMasks>
    <defaultFileType>33888b6f-7a8e-4069-b1b6-5c1aa9d0a48d</defaultFileType>
    <modDate class="sql-timestamp">2020-10-30 17:53:11.224</modDate>
  </com.dotmarketing.portlets.folders.model.Folder>
  <com.dotmarketing.portlets.folders.model.Folder>
    <iDate class="sql-timestamp">2020-07-10 20:15:30.96</iDate>
    <type>folder</type>
    <owner>dotcms.org.1</owner>
    <inode>70754d10-4518-4ee3-9829-a1e9add41513</inode>
    <identifier>5231981a-9f47-4bc0-8588-c05d6f281be7</identifier>
    <name>folder2</name>
    <sortOrder>0</sortOrder>
    <showOnMenu>false</showOnMenu>
    <hostId>8a7d5e23-da1e-420a-b4f0-471e7da8ea2d</hostId>
    <title>folder2</title>
    <filesMasks></filesMasks>
    <defaultFileType>33888b6f-7a8e-4069-b1b6-5c1aa9d0a48d</defaultFileType>
    <modDate class="sql-timestamp">2020-07-10 20:15:30.964</modDate>
  </com.dotmarketing.portlets.folders.model.Folder>
  <com.dotmarketing.portlets.folders.model.Folder>
    <iDate class="sql-timestamp">2020-07-10 20:15:20.433</iDate>
    <type>folder</type>
    <owner>dotcms.org.1</owner>
    <inode>83ba72d6-2365-4e7c-983d-22e8ed388373</inode>
    <identifier>d4857d80-075e-4a9a-856f-b54965fefa07</identifier>
    <name>folder1</name>
    <sortOrder>0</sortOrder>
    <showOnMenu>false</showOnMenu>
    <hostId>8a7d5e23-da1e-420a-b4f0-471e7da8ea2d</hostId>
    <title>folder1</title>
    <filesMasks></filesMasks>
    <defaultFileType>33888b6f-7a8e-4069-b1b6-5c1aa9d0a48d</defaultFileType>
    <modDate class="sql-timestamp">2020-07-10 20:15:20.451</modDate>
  </com.dotmarketing.portlets.folders.model.Folder>
  <com.dotmarketing.portlets.folders.model.Folder>
    <iDate class="sql-timestamp">2009-10-08 16:27:18.0</iDate>
    <type>folder</type>
    <owner>system</owner>
    <inode>SYSTEM_FOLDER</inode>
    <identifier>bc9a1d37-dd2d-4d49-a29d-0c9be740bfaf</identifier>
    <name>system folder</name>
    <sortOrder>0</sortOrder>
    <showOnMenu>false</showOnMenu>
    <hostId>SYSTEM_HOST</hostId>
    <title>System folder</title>
    <filesMasks></filesMasks>
    <defaultFileType>33888b6f-7a8e-4069-b1b6-5c1aa9d0a48d</defaultFileType>
    <modDate class="sql-timestamp">2017-03-07 13:25:58.0</modDate>
  </com.dotmarketing.portlets.folders.model.Folder>
</list>