<list>
  <com.dotmarketing.plugin.model.Plugin>
    <id>com.dotcms.category.fix</id>
    <pluginName>dotCMS import starter fix plugin</pluginName>
    <pluginVersion>1.0</pluginVersion>
    <author>dotCMS</author>
    <firstDeployedDate class="sql-timestamp">2023-10-19 15:46:23.525</firstDeployedDate>
    <lastDeployedDate class="sql-timestamp">2023-10-19 15:46:23.525</lastDeployedDate>
  </com.dotmarketing.plugin.model.Plugin>
  <com.dotmarketing.plugin.model.Plugin>
    <id>com.dotcms.config</id>
    <pluginName>dotCMS Config</pluginName>
    <pluginVersion>1.0</pluginVersion>
    <author>dotCMS</author>
    <firstDeployedDate class="sql-timestamp">2023-10-19 15:46:23.547</firstDeployedDate>
    <lastDeployedDate class="sql-timestamp">2023-10-19 15:46:23.547</lastDeployedDate>
  </com.dotmarketing.plugin.model.Plugin>
  <com.dotmarketing.plugin.model.Plugin>
    <id>com.motiv.cacheBuster</id>
    <pluginName>dotCMS Config</pluginName>
    <pluginVersion>1.0</pluginVersion>
    <author>dotCMS</author>
    <firstDeployedDate class="sql-timestamp">2023-10-19 15:46:23.561</firstDeployedDate>
    <lastDeployedDate class="sql-timestamp">2023-10-19 15:46:23.561</lastDeployedDate>
  </com.dotmarketing.plugin.model.Plugin>
  <com.dotmarketing.plugin.model.Plugin>
    <id>hotfix-GIT-18912_v5.3.3</id>
    <pluginName>hotfix-GIT-18912_v5.3.3</pluginName>
    <pluginVersion>1.0</pluginVersion>
    <author>dotCMS</author>
    <firstDeployedDate class="sql-timestamp">2023-10-19 15:46:23.577</firstDeployedDate>
    <lastDeployedDate class="sql-timestamp">2023-10-19 15:46:23.577</lastDeployedDate>
  </com.dotmarketing.plugin.model.Plugin>
  <com.dotmarketing.plugin.model.Plugin>
    <id>hotfix-GIT-19245_v5.3.4.1</id>
    <pluginName>hotfix-GIT-19245_v5.3.4.1</pluginName>
    <pluginVersion>1.0</pluginVersion>
    <author>dotCMS</author>
    <firstDeployedDate class="sql-timestamp">2023-10-19 15:46:23.584</firstDeployedDate>
    <lastDeployedDate class="sql-timestamp">2023-10-19 15:46:23.584</lastDeployedDate>
  </com.dotmarketing.plugin.model.Plugin>
</list>