{"content":"(function(){var a,b,c,d,e,f={}.hasOwnProperty,g=function(a,b){function c(){this.constructor=a}for(var d in b)f.call(b,d)&&(a[d]=b[d]);return c.prototype=b.prototype,a.prototype=new c,a.__super__=b.prototype,a};d=function(){function a(){this.options_index=0,this.parsed=[]}return a.prototype.add_node=function(a){return\"OPTGROUP\"===a.nodeName.toUpperCase()?this.add_group(a):this.add_option(a)},a.prototype.add_group=function(a){var b,c,d,e,f,g;for(b=this.parsed.length,this.parsed.push({array_index:b,group:!0,label:this.escapeExpression(a.label),children:0,disabled:a.disabled}),f=a.childNodes,g=[],d=0,e=f.length;e>d;d++)c=f[d],g.push(this.add_option(c,b,a.disabled));return g},a.prototype.add_option=function(a,b,c){return\"OPTION\"===a.nodeName.toUpperCase()?(\"\"!==a.text?(null!=b&&(this.parsed[b].children+=1),this.parsed.push({array_index:this.parsed.length,options_index:this.options_index,value:a.value,text:a.text,html:a.innerHTML,selected:a.selected,disabled:c===!0?c:a.disabled,group_array_index:b,classes:a.className,style:a.style.cssText})):this.parsed.push({array_index:this.parsed.length,options_index:this.options_index,empty:!0}),this.options_index+=1):void 0},a.prototype.escapeExpression=function(a){var b,c;return null==a||a===!1?\"\":/[\\&\\<\\>\\\"\\'\\`]/.test(a)?(b={\"<\":\"&lt;\",\">\":\"&gt;\",'\"':\"&quot;\",\"'\":\"&#x27;\",\"`\":\"&#x60;\"},c=/&(?!\\w+;)|[\\<\\>\\\"\\'\\`]/g,a.replace(c,function(a){return b[a]||\"&amp;\"})):a},a}(),d.select_to_array=function(a){var b,c,e,f,g;for(c=new d,g=a.childNodes,e=0,f=g.length;f>e;e++)b=g[e],c.add_node(b);return c.parsed},b=function(){function a(b,c){this.form_field=b,this.options=null!=c?c:{},a.browser_is_supported()&&(this.is_multiple=this.form_field.multiple,this.set_default_text(),this.set_default_values(),this.setup(),this.set_up_html(),this.register_observers())}return a.prototype.set_default_values=function(){var a=this;return this.click_test_action=function(b){return a.test_active_click(b)},this.activate_action=function(b){return a.activate_field(b)},this.active_field=!1,this.mouse_on_container=!1,this.results_showing=!1,this.result_highlighted=null,this.allow_single_deselect=null!=this.options.allow_single_deselect&&null!=this.form_field.options[0]&&\"\"===this.form_field.options[0].text?this.options.allow_single_deselect:!1,this.disable_search_threshold=this.options.disable_search_threshold||0,this.disable_search=this.options.disable_search||!1,this.enable_split_word_search=null!=this.options.enable_split_word_search?this.options.enable_split_word_search:!0,this.group_search=null!=this.options.group_search?this.options.group_search:!0,this.search_contains=this.options.search_contains||!1,this.single_backstroke_delete=null!=this.options.single_backstroke_delete?this.options.single_backstroke_delete:!0,this.max_selected_options=this.options.max_selected_options||1/0,this.inherit_select_classes=this.options.inherit_select_classes||!1,this.display_selected_options=null!=this.options.display_selected_options?this.options.display_selected_options:!0,this.display_disabled_options=null!=this.options.display_disabled_options?this.options.display_disabled_options:!0},a.prototype.set_default_text=function(){return this.default_text=this.form_field.getAttribute(\"data-placeholder\")?this.form_field.getAttribute(\"data-placeholder\"):this.is_multiple?this.options.placeholder_text_multiple||this.options.placeholder_text||a.default_multiple_text:this.options.placeholder_text_single||this.options.placeholder_text||a.default_single_text,this.results_none_found=this.form_field.getAttribute(\"data-no_results_text\")||this.options.no_results_text||a.default_no_result_text},a.prototype.mouse_enter=function(){return this.mouse_on_container=!0},a.prototype.mouse_leave=function(){return this.mouse_on_container=!1},a.prototype.input_focus=function(){var a=this;if(this.is_multiple){if(!this.active_field)return setTimeout(function(){return a.container_mousedown()},50)}else if(!this.active_field)return this.activate_field()},a.prototype.input_blur=function(){var a=this;return this.mouse_on_container?void 0:(this.active_field=!1,setTimeout(function(){return a.blur_test()},100))},a.prototype.results_option_build=function(a){var b,c,d,e,f;for(b=\"\",f=this.results_data,d=0,e=f.length;e>d;d++)c=f[d],b+=c.group?this.result_add_group(c):this.result_add_option(c),(null!=a?a.first:void 0)&&(c.selected&&this.is_multiple?this.choice_build(c):c.selected&&!this.is_multiple&&this.single_set_selected_text(c.text));return b},a.prototype.result_add_option=function(a){var b,c;return a.search_match?this.include_option_in_results(a)?(b=[],a.disabled||a.selected&&this.is_multiple||b.push(\"active-result\"),!a.disabled||a.selected&&this.is_multiple||b.push(\"disabled-result\"),a.selected&&b.push(\"result-selected\"),null!=a.group_array_index&&b.push(\"group-option\"),\"\"!==a.classes&&b.push(a.classes),c=document.createElement(\"li\"),c.className=b.join(\" \"),c.style.cssText=a.style,c.setAttribute(\"data-option-array-index\",a.array_index),c.innerHTML=a.search_text,this.outerHTML(c)):\"\":\"\"},a.prototype.result_add_group=function(a){var b;return a.search_match||a.group_match?a.ac","contentType":"text/plain; charset=ISO-8859-1","fileSize":25968,"length":25968}