{"content":"\n  \n    \n      \n      \n        \n      \n    \n\n    \n        All\n        Image\n        Video\n        Docs\n    ##   \n    ##      All\n    ##   \n    ##   \n    ##      Image\n    ##   \n    ##   \n    ##      Video\n    ##   \n    ##   \n    ##      Docs\n    ##   \n    \n\n  \n\n  \n    Topics\n\n\n    \n      #foreach($con in $categories.getChildrenCategoriesByKey(\"topic\"))\n        $!{con.categoryName}\n      #end\n    \n\n  \n\n  \n    Tags\n\n\n    \n    \n    \n\t\t##Set the tagContentType to the Velocity variable name of the Content Type to generate the Tag Cloud for\n\t\t#set($tagContentType=\"news\")\n\n\t\t##Set the number of tags to display in the cloud\n\t\t#set($numOfTags=10)\n\n\t\t##Set the ES query string (using ES Aggregates)\n\t\t#set($esQuery='{\n\t\t\t\t\"query\": {\n\t\t\t\t\t\"query_string\": {\n\t\t\t\t\t\t\"query\": \"+contenttype:$tagContentType\"\n\t\t\t\t\t}\n\t\t\t\t},\n\t\t\t\t\"aggs\" : {\n\t\t\t\t\t\"tag\" : {\n\t\t\t\t\t\t\"terms\" : {\n\t\t\t\t\t\t\t\"field\": \"tags\",\n\t\t\t\t\t\t\t\"size\" : $numOfTags\n\t\t\t\t\t\t}\n\t\t\t\t\t}\n\t\t\t\t},\n\t\t\t\t\"size\":0\n\t\t\t}'\n\t\t)\n\n\t\t##Retrieve and display each of the tags retrieved by the query\n\n\t\t#set($results = $estool.search($render.eval($esQuery)))\n\t\t#set($tagCloud = $json.generate($results.response))\n\n\n      #foreach($tag in $tagCloud.aggregations.asMap.tag.buckets)\n       \t$tag.key ($tag.docCount)\n\t\t#end\n\n    \n\n  \n\n\n","contentType":"text/html; charset=ISO-8859-1","fileSize":2825,"length":2825}