<list>
  <com.dotmarketing.portlets.contentlet.model.ContentletVersionInfo>
    <identifier>03665b1d-7bbf-4bcf-a2f2-38425c189591</identifier>
    <liveInode>8eb72207-7c53-4bc3-bf6a-047455c4a08a</liveInode>
    <workingInode>8eb72207-7c53-4bc3-bf6a-047455c4a08a</workingInode>
    <lockedOn class="sql-timestamp">2021-05-27 02:44:12.839</lockedOn>
    <deleted>false</deleted>
    <versionTs class="sql-timestamp">2021-05-27 02:44:13.519</versionTs>
    <lang>1</lang>
  </com.dotmarketing.portlets.contentlet.model.ContentletVersionInfo>
  <com.dotmarketing.portlets.contentlet.model.ContentletVersionInfo>
    <identifier>051158a0-f6ff-4615-af20-284ce11b2fbc</identifier>
    <liveInode>952c2b5e-b637-4bb3-af29-a2767e0e3754</liveInode>
    <workingInode>0dc91437-0355-43aa-a359-c1e4842b8912</workingInode>
    <lockedOn class="sql-timestamp">2020-10-30 18:21:23.416</lockedOn>
    <deleted>false</deleted>
    <versionTs class="sql-timestamp">2020-10-30 18:21:23.371</versionTs>
    <lang>1</lang>
  </com.dotmarketing.portlets.contentlet.model.ContentletVersionInfo>
  <com.dotmarketing.portlets.contentlet.model.ContentletVersionInfo>
    <identifier>0bcb4a6a-6194-41c9-a02e-ccb69206833d</identifier>
    <liveInode>a1b6cd0d-30c7-451c-abd7-a9a5d233ed30</liveInode>
    <workingInode>a1b6cd0d-30c7-451c-abd7-a9a5d233ed30</workingInode>
    <lockedOn class="sql-timestamp">2021-05-27 02:53:53.182</lockedOn>
    <deleted>false</deleted>
    <versionTs class="sql-timestamp">2021-05-27 02:53:53.326</versionTs>
    <lang>1</lang>
  </com.dotmarketing.portlets.contentlet.model.ContentletVersionInfo>
  <com.dotmarketing.portlets.contentlet.model.ContentletVersionInfo>
    <identifier>0bd874cd-32e6-4d0a-9b33-fbfa4c170d8b</identifier>
    <liveInode>59b4332b-0c01-4cba-a609-42d425cee842</liveInode>
    <workingInode>59b4332b-0c01-4cba-a609-42d425cee842</workingInode>
    <lockedOn class="sql-timestamp">2020-07-10 20:16:20.099</lockedOn>
    <deleted>false</deleted>
    <versionTs class="sql-timestamp">2020-07-10 20:16:20.123</versionTs>
    <lang>1</lang>
  </com.dotmarketing.portlets.contentlet.model.ContentletVersionInfo>
  <com.dotmarketing.portlets.contentlet.model.ContentletVersionInfo>
    <identifier>0fc6e972-b808-4790-aa70-1c474e3e33b5</identifier>
    <liveInode>860af880-88ca-4718-ae8a-b3783996ffe9</liveInode>
    <workingInode>860af880-88ca-4718-ae8a-b3783996ffe9</workingInode>
    <lockedOn class="sql-timestamp">2020-07-10 20:17:58.723</lockedOn>
    <deleted>false</deleted>
    <versionTs class="sql-timestamp">2020-07-10 20:17:58.737</versionTs>
    <lang>1</lang>
  </com.dotmarketing.portlets.contentlet.model.ContentletVersionInfo>
  <com.dotmarketing.portlets.contentlet.model.ContentletVersionInfo>
    <identifier>1b927236-4857-4763-8ef8-ab36e437fbec</identifier>
    <liveInode>e631badb-0867-4471-ab39-26e1f16c6ed1</liveInode>
    <workingInode>e631badb-0867-4471-ab39-26e1f16c6ed1</workingInode>
    <lockedOn class="sql-timestamp">2020-08-18 18:44:47.946</lockedOn>
    <deleted>false</deleted>
    <versionTs class="sql-timestamp">2020-08-18 18:44:47.954</versionTs>
    <lang>1</lang>
  </com.dotmarketing.portlets.contentlet.model.ContentletVersionInfo>
  <com.dotmarketing.portlets.contentlet.model.ContentletVersionInfo>
    <identifier>1e728d47-ab3e-47e3-92ad-99b1683b8d44</identifier>
    <liveInode>244454b9-9c90-4e7f-9971-f873457856a7</liveInode>
    <workingInode>244454b9-9c90-4e7f-9971-f873457856a7</workingInode>
    <lockedOn class="sql-timestamp">2020-10-30 18:06:56.313</lockedOn>
    <deleted>false</deleted>
    <versionTs class="sql-timestamp">2020-10-30 18:06:56.581</versionTs>
    <lang>1</lang>
  </com.dotmarketing.portlets.contentlet.model.ContentletVersionInfo>
  <com.dotmarketing.portlets.contentlet.model.ContentletVersionInfo>
    <identifier>286ea849-e99b-415e-bd5f-b69babae9bb6</identifier>
    <liveInode>9aa37648-dedf-4642-a905-089f990facec</liveInode>
    <workingInode>9aa37648-dedf-4642-a905-089f990facec</workingInode>
    <lockedOn class="sql-timestamp">2020-07-10 20:16:19.998</lockedOn>
    <deleted>false</deleted>
    <versionTs class="sql-timestamp">2020-07-10 20:16:20.039</versionTs>
    <lang>1</lang>
  </com.dotmarketing.portlets.contentlet.model.ContentletVersionInfo>
  <com.dotmarketing.portlets.contentlet.model.ContentletVersionInfo>
    <identifier>2a582d4b-d5f5-4779-bc91-aea17c5b8a0e</identifier>
    <liveInode>42b48a75-6393-4a0b-aed2-6a0d24689bb7</liveInode>
    <workingInode>42b48a75-6393-4a0b-aed2-6a0d24689bb7</workingInode>
    <lockedOn class="sql-timestamp">2022-04-21 13:33:16.689</lockedOn>
    <deleted>false</deleted>
    <versionTs class="sql-timestamp">2022-04-21 13:33:16.754</versionTs>
    <lang>1</lang>
  </com.dotmarketing.portlets.contentlet.model.ContentletVersionInfo>
  <com.dotmarketing.portlets.contentlet.model.ContentletVersionInfo>
    <identifier>2bed9f71-3ead-4f81-9046-ebac13ee0601</identifier>
    <liveInode>59cc2be2-4bd2-4826-9843-3ab56ab970bb</liveInode>
    <workingInode>59cc2be2-4bd2-4826-9843-3ab56ab970bb</workingInode>
    <lockedOn class="sql-timestamp">2021-05-27 03:26:15.397</lockedOn>
    <deleted>false</deleted>
    <versionTs class="sql-timestamp">2021-05-27 03:26:15.361</versionTs>
    <lang>1</lang>
  </com.dotmarketing.portlets.contentlet.model.ContentletVersionInfo>
  <com.dotmarketing.portlets.contentlet.model.ContentletVersionInfo>
    <identifier>2f1b5c8b-1f8e-44ad-b615-2e6973be7436</identifier>
    <liveInode>6e88fdff-542b-420c-9770-b6f7bdf2cbe0</liveInode>
    <workingInode>6e88fdff-542b-420c-9770-b6f7bdf2cbe0</workingInode>
    <lockedOn class="sql-timestamp">2021-05-27 03:06:03.069</lockedOn>
    <deleted>false</deleted>
    <versionTs class="sql-timestamp">2021-05-27 03:06:03.109</versionTs>
    <lang>1</lang>
  </com.dotmarketing.portlets.contentlet.model.ContentletVersionInfo>
  <com.dotmarketing.portlets.contentlet.model.ContentletVersionInfo>
    <identifier>35891a5a-d1fc-4ccd-9f49-8cb3b4219ebf</identifier>
    <liveInode>3bbe6f7f-91b6-419c-9e6a-258f95f5272c</liveInode>
    <workingInode>3bbe6f7f-91b6-419c-9e6a-258f95f5272c</workingInode>
    <lockedOn class="sql-timestamp">2020-07-10 20:18:17.207</lockedOn>
    <deleted>false</deleted>
    <versionTs class="sql-timestamp">2020-07-10 20:18:17.223</versionTs>
    <lang>1</lang>
  </com.dotmarketing.portlets.contentlet.model.ContentletVersionInfo>
  <com.dotmarketing.portlets.contentlet.model.ContentletVersionInfo>
    <identifier>37996e78-c97e-4b94-aeaa-806d821f6293</identifier>
    <liveInode>f6981425-695f-4a77-8770-9ac7d85e64c5</liveInode>
    <workingInode>f6981425-695f-4a77-8770-9ac7d85e64c5</workingInode>
    <lockedOn class="sql-timestamp">2020-07-10 20:16:01.421</lockedOn>
    <deleted>false</deleted>
    <versionTs class="sql-timestamp">2020-07-10 20:16:01.613</versionTs>
    <lang>1</lang>
  </com.dotmarketing.portlets.contentlet.model.ContentletVersionInfo>
  <com.dotmarketing.portlets.contentlet.model.ContentletVersionInfo>
    <identifier>399abe13-2ba5-4cb3-a0af-0b32681079f8</identifier>
    <liveInode>61bf1c1b-dd1c-45c8-925e-ca21180538fc</liveInode>
    <workingInode>61bf1c1b-dd1c-45c8-925e-ca21180538fc</workingInode>
    <lockedOn class="sql-timestamp">2021-05-27 03:05:41.989</lockedOn>
    <deleted>false</deleted>
    <versionTs class="sql-timestamp">2021-05-27 03:05:42.032</versionTs>
    <lang>1</lang>
  </com.dotmarketing.portlets.contentlet.model.ContentletVersionInfo>
  <com.dotmarketing.portlets.contentlet.model.ContentletVersionInfo>
    <identifier>43c595da-591d-445f-a7fa-10955bb41221</identifier>
    <liveInode>a0aef9a6-8a56-454f-a73e-7e314d76faf4</liveInode>
    <workingInode>a0aef9a6-8a56-454f-a73e-7e314d76faf4</workingInode>
    <lockedOn class="sql-timestamp">2020-10-30 18:21:38.834</lockedOn>
    <deleted>false</deleted>
    <versionTs class="sql-timestamp">2020-10-30 18:21:38.813</versionTs>
    <lang>1</lang>
  </com.dotmarketing.portlets.contentlet.model.ContentletVersionInfo>
  <com.dotmarketing.portlets.contentlet.model.ContentletVersionInfo>
    <identifier>4413bcd7-4aed-490f-9dc0-fd6739e329c2</identifier>
    <liveInode>b9ec5ee7-04b7-4a99-b4c4-fbf1d6ac70e3</liveInode>
    <workingInode>3f2ebb89-1bdf-472d-874a-0284dbf58dca</workingInode>
    <lockedOn class="sql-timestamp">2020-10-30 17:52:35.683</lockedOn>
    <deleted>false</deleted>
    <versionTs class="sql-timestamp">2020-10-30 17:52:35.504</versionTs>
    <lang>1</lang>
  </com.dotmarketing.portlets.contentlet.model.ContentletVersionInfo>
  <com.dotmarketing.portlets.contentlet.model.ContentletVersionInfo>
    <identifier>45b0605f-1b1c-4d83-8fcb-8db6de2f3f70</identifier>
    <liveInode>dde2f601-d0cb-490d-bb5a-3e4f5c0c6977</liveInode>
    <workingInode>dde2f601-d0cb-490d-bb5a-3e4f5c0c6977</workingInode>
    <lockedOn class="sql-timestamp">2021-05-27 02:45:36.239</lockedOn>
    <deleted>false</deleted>
    <versionTs class="sql-timestamp">2021-05-27 02:45:36.678</versionTs>
    <lang>1</lang>
  </com.dotmarketing.portlets.contentlet.model.ContentletVersionInfo>
  <com.dotmarketing.portlets.contentlet.model.ContentletVersionInfo>
    <identifier>4bae2fbe-7ab3-4b44-a196-1bd444b42eda</identifier>
    <liveInode>3a4fd59c-c666-48b2-858c-f62c45c33b75</liveInode>
    <workingInode>3a4fd59c-c666-48b2-858c-f62c45c33b75</workingInode>
    <lockedOn class="sql-timestamp">2020-08-19 21:08:00.604</lockedOn>
    <deleted>false</deleted>
    <versionTs class="sql-timestamp">2020-08-19 21:08:00.578</versionTs>
    <lang>1</lang>
  </com.dotmarketing.portlets.contentlet.model.ContentletVersionInfo>
  <com.dotmarketing.portlets.contentlet.model.ContentletVersionInfo>
    <identifier>4f6c3611-0964-4496-beb2-d1f767c51a79</identifier>
    <liveInode>10293ecd-29b6-4c70-8acd-39b2fa6e102a</liveInode>
    <workingInode>10293ecd-29b6-4c70-8acd-39b2fa6e102a</workingInode>
    <lockedOn class="sql-timestamp">2021-05-27 03:20:40.62</lockedOn>
    <deleted>false</deleted>
    <versionTs class="sql-timestamp">2022-04-21 12:58:08.682</versionTs>
    <lang>1</lang>
  </com.dotmarketing.portlets.contentlet.model.ContentletVersionInfo>
  <com.dotmarketing.portlets.contentlet.model.ContentletVersionInfo>
    <identifier>576ed12a-800a-49bf-adde-ce9491a05d5f</identifier>
    <liveInode>15f7b13d-6be0-45df-957b-9aef52c33a32</liveInode>
    <workingInode>15f7b13d-6be0-45df-957b-9aef52c33a32</workingInode>
    <lockedOn class="sql-timestamp">2021-05-27 02:45:00.218</lockedOn>
    <deleted>false</deleted>
    <versionTs class="sql-timestamp">2021-05-27 02:45:00.557</versionTs>
    <lang>1</lang>
  </com.dotmarketing.portlets.contentlet.model.ContentletVersionInfo>
  <com.dotmarketing.portlets.contentlet.model.ContentletVersionInfo>
    <identifier>5a06aa01-e5b3-4429-ba1a-33d3cc485897</identifier>
    <liveInode>69077c8f-4ed4-4d66-a1a6-c2f5ce1d8c94</liveInode>
    <workingInode>69077c8f-4ed4-4d66-a1a6-c2f5ce1d8c94</workingInode>
    <lockedOn class="sql-timestamp">2021-05-27 02:44:12.859</lockedOn>
    <deleted>false</deleted>
    <versionTs class="sql-timestamp">2021-05-27 02:44:13.52</versionTs>
    <lang>1</lang>
  </com.dotmarketing.portlets.contentlet.model.ContentletVersionInfo>
  <com.dotmarketing.portlets.contentlet.model.ContentletVersionInfo>
    <identifier>5a6bcfd7-7198-4f33-aa7a-43684d50b38b</identifier>
    <liveInode>22cd4a72-120f-4b8c-8a4e-11aa8cc83f88</liveInode>
    <workingInode>22cd4a72-120f-4b8c-8a4e-11aa8cc83f88</workingInode>
    <lockedOn class="sql-timestamp">2021-05-27 02:45:36.213</lockedOn>
    <deleted>false</deleted>
    <versionTs class="sql-timestamp">2021-05-27 02:45:36.686</versionTs>
    <lang>1</lang>
  </com.dotmarketing.portlets.contentlet.model.ContentletVersionInfo>
  <com.dotmarketing.portlets.contentlet.model.ContentletVersionInfo>
    <identifier>5c76824e-343f-4cef-a41a-e699710e8cdb</identifier>
    <liveInode>8b54f9bc-48f2-4a0e-a633-33cd416897ab</liveInode>
    <workingInode>16e14258-7ae3-4bf6-aaa1-9d01bd525713</workingInode>
    <lockedOn class="sql-timestamp">2020-10-30 18:22:28.914</lockedOn>
    <deleted>false</deleted>
    <versionTs class="sql-timestamp">2020-10-30 18:22:28.866</versionTs>
    <lang>1</lang>
  </com.dotmarketing.portlets.contentlet.model.ContentletVersionInfo>
  <com.dotmarketing.portlets.contentlet.model.ContentletVersionInfo>
    <identifier>5d2087dd-9a09-49cf-b924-15312784a079</identifier>
    <liveInode>76a233fe-f6e1-4e7b-8881-5d20e96423c1</liveInode>
    <workingInode>76a233fe-f6e1-4e7b-8881-5d20e96423c1</workingInode>
    <lockedOn class="sql-timestamp">2021-05-27 02:45:00.138</lockedOn>
    <deleted>false</deleted>
    <versionTs class="sql-timestamp">2021-05-27 02:45:00.398</versionTs>
    <lang>1</lang>
  </com.dotmarketing.portlets.contentlet.model.ContentletVersionInfo>
  <com.dotmarketing.portlets.contentlet.model.ContentletVersionInfo>
    <identifier>5e16db94-3242-492a-8f79-3e2fc07e9625</identifier>
    <liveInode>e7eb780c-3697-403e-964b-e90a4f73a7b4</liveInode>
    <workingInode>e7eb780c-3697-403e-964b-e90a4f73a7b4</workingInode>
    <lockedOn class="sql-timestamp">2021-05-27 02:44:12.855</lockedOn>
    <deleted>false</deleted>
    <versionTs class="sql-timestamp">2021-05-27 02:44:13.538</versionTs>
    <lang>1</lang>
  </com.dotmarketing.portlets.contentlet.model.ContentletVersionInfo>
  <com.dotmarketing.portlets.contentlet.model.ContentletVersionInfo>
    <identifier>5fe89979-00dd-44db-a866-03840c325e3f</identifier>
    <liveInode>924ca98f-f672-47ea-b349-acc4acb7f111</liveInode>
    <workingInode>924ca98f-f672-47ea-b349-acc4acb7f111</workingInode>
    <lockedOn class="sql-timestamp">2020-10-30 18:22:00.652</lockedOn>
    <deleted>false</deleted>
    <versionTs class="sql-timestamp">2020-10-30 18:22:00.629</versionTs>
    <lang>1</lang>
  </com.dotmarketing.portlets.contentlet.model.ContentletVersionInfo>
  <com.dotmarketing.portlets.contentlet.model.ContentletVersionInfo>
    <identifier>613690ac-99ea-4c49-ac93-35e263290112</identifier>
    <liveInode>9b11e58a-aa94-4b07-ab85-c0cdc77a4e71</liveInode>
    <workingInode>9b11e58a-aa94-4b07-ab85-c0cdc77a4e71</workingInode>
    <lockedOn class="sql-timestamp">2021-05-27 02:53:53.186</lockedOn>
    <deleted>false</deleted>
    <versionTs class="sql-timestamp">2021-05-27 02:53:53.345</versionTs>
    <lang>1</lang>
  </com.dotmarketing.portlets.contentlet.model.ContentletVersionInfo>
  <com.dotmarketing.portlets.contentlet.model.ContentletVersionInfo>
    <identifier>6ec2b41a-8fa9-4341-8efb-d597af9205d7</identifier>
    <liveInode>ad89b3f5-206c-498b-b382-72f282683e3b</liveInode>
    <workingInode>ad89b3f5-206c-498b-b382-72f282683e3b</workingInode>
    <lockedOn class="sql-timestamp">2022-04-21 13:32:56.149</lockedOn>
    <deleted>false</deleted>
    <versionTs class="sql-timestamp">2022-04-21 13:32:56.282</versionTs>
    <lang>1</lang>
  </com.dotmarketing.portlets.contentlet.model.ContentletVersionInfo>
  <com.dotmarketing.portlets.contentlet.model.ContentletVersionInfo>
    <identifier>74bf2ed7-781e-47b4-9a5f-7634de3d5dd5</identifier>
    <liveInode>ca71af8f-43ce-45a4-8fd7-f268a5acbc57</liveInode>
    <workingInode>ca71af8f-43ce-45a4-8fd7-f268a5acbc57</workingInode>
    <lockedOn class="sql-timestamp">2021-05-27 03:03:46.264</lockedOn>
    <deleted>false</deleted>
    <versionTs class="sql-timestamp">2021-05-27 03:03:46.298</versionTs>
    <lang>1622084576914</lang>
  </com.dotmarketing.portlets.contentlet.model.ContentletVersionInfo>
  <com.dotmarketing.portlets.contentlet.model.ContentletVersionInfo>
    <identifier>74bf2ed7-781e-47b4-9a5f-7634de3d5dd5</identifier>
    <liveInode>6b95a5bb-2013-4224-9d76-5d4ce638cc4b</liveInode>
    <workingInode>6b95a5bb-2013-4224-9d76-5d4ce638cc4b</workingInode>
    <lockedOn class="sql-timestamp">2021-05-27 03:02:15.461</lockedOn>
    <deleted>false</deleted>
    <versionTs class="sql-timestamp">2021-05-27 03:02:15.508</versionTs>
    <lang>1</lang>
  </com.dotmarketing.portlets.contentlet.model.ContentletVersionInfo>
  <com.dotmarketing.portlets.contentlet.model.ContentletVersionInfo>
    <identifier>7520e5f3-0921-40b1-b851-168c0b0a0519</identifier>
    <liveInode>dbe9aa07-29ad-4fb6-aacf-e0a6f52b3a04</liveInode>
    <workingInode>dbe9aa07-29ad-4fb6-aacf-e0a6f52b3a04</workingInode>
    <lockedOn class="sql-timestamp">2021-05-27 02:44:59.351</lockedOn>
    <deleted>false</deleted>
    <versionTs class="sql-timestamp">2021-05-27 02:44:59.729</versionTs>
    <lang>1</lang>
  </com.dotmarketing.portlets.contentlet.model.ContentletVersionInfo>
  <com.dotmarketing.portlets.contentlet.model.ContentletVersionInfo>
    <identifier>7b1abffa-cf87-403f-8348-fd3e652efe2b</identifier>
    <liveInode>58d838be-400b-4184-9c22-bc253f515a86</liveInode>
    <workingInode>58d838be-400b-4184-9c22-bc253f515a86</workingInode>
    <lockedOn class="sql-timestamp">2020-08-18 22:42:08.938</lockedOn>
    <deleted>false</deleted>
    <versionTs class="sql-timestamp">2020-08-18 22:42:08.947</versionTs>
    <lang>1</lang>
  </com.dotmarketing.portlets.contentlet.model.ContentletVersionInfo>
  <com.dotmarketing.portlets.contentlet.model.ContentletVersionInfo>
    <identifier>7e2c0222-fdd6-4b49-a02c-4e256839e203</identifier>
    <liveInode>a4b44004-10ea-4fc3-9fc3-06a0f22a291e</liveInode>
    <workingInode>a4b44004-10ea-4fc3-9fc3-06a0f22a291e</workingInode>
    <lockedOn class="sql-timestamp">2021-05-27 02:44:59.273</lockedOn>
    <deleted>false</deleted>
    <versionTs class="sql-timestamp">2021-05-27 02:44:59.549</versionTs>
    <lang>1</lang>
  </com.dotmarketing.portlets.contentlet.model.ContentletVersionInfo>
  <com.dotmarketing.portlets.contentlet.model.ContentletVersionInfo>
    <identifier>839092c6-d26a-46d3-a641-57bfc5237c64</identifier>
    <liveInode>b4b620fc-f8eb-42b9-bd67-cc75d83017f7</liveInode>
    <workingInode>b4b620fc-f8eb-42b9-bd67-cc75d83017f7</workingInode>
    <lockedOn class="sql-timestamp">2020-07-10 20:17:47.305</lockedOn>
    <deleted>false</deleted>
    <versionTs class="sql-timestamp">2020-07-10 20:17:47.322</versionTs>
    <lang>1</lang>
  </com.dotmarketing.portlets.contentlet.model.ContentletVersionInfo>
  <com.dotmarketing.portlets.contentlet.model.ContentletVersionInfo>
    <identifier>85fdff39-8d3f-45f4-9e24-3753973fe4be</identifier>
    <liveInode>e07f19ab-5ec9-4073-84f3-0426136b20ae</liveInode>
    <workingInode>e07f19ab-5ec9-4073-84f3-0426136b20ae</workingInode>
    <lockedOn class="sql-timestamp">2021-05-27 03:04:52.679</lockedOn>
    <deleted>false</deleted>
    <versionTs class="sql-timestamp">2021-05-27 03:04:52.722</versionTs>
    <lang>1</lang>
  </com.dotmarketing.portlets.contentlet.model.ContentletVersionInfo>
  <com.dotmarketing.portlets.contentlet.model.ContentletVersionInfo>
    <identifier>85fdff39-8d3f-45f4-9e24-3753973fe4be</identifier>
    <liveInode>0fca635d-f1cf-4e75-9296-4e2332c01014</liveInode>
    <workingInode>0fca635d-f1cf-4e75-9296-4e2332c01014</workingInode>
    <lockedOn class="sql-timestamp">2021-05-27 03:05:05.141</lockedOn>
    <deleted>false</deleted>
    <versionTs class="sql-timestamp">2021-05-27 03:05:05.169</versionTs>
    <lang>1622084576914</lang>
  </com.dotmarketing.portlets.contentlet.model.ContentletVersionInfo>
  <com.dotmarketing.portlets.contentlet.model.ContentletVersionInfo>
    <identifier>8629e58d-748e-4855-b10f-bfea79af41f6</identifier>
    <liveInode>693e8adb-f2a5-4a18-8477-fcf142ac89af</liveInode>
    <workingInode>693e8adb-f2a5-4a18-8477-fcf142ac89af</workingInode>
    <lockedOn class="sql-timestamp">2021-05-27 02:44:59.849</lockedOn>
    <deleted>false</deleted>
    <versionTs class="sql-timestamp">2021-05-27 02:45:00.179</versionTs>
    <lang>1</lang>
  </com.dotmarketing.portlets.contentlet.model.ContentletVersionInfo>
  <com.dotmarketing.portlets.contentlet.model.ContentletVersionInfo>
    <identifier>8a7d5e23-da1e-420a-b4f0-471e7da8ea2d</identifier>
    <liveInode>1b407535-67e3-4f21-ad00-8ef5ef492d64</liveInode>
    <workingInode>1b407535-67e3-4f21-ad00-8ef5ef492d64</workingInode>
    <lockedBy>dotcms.org.1</lockedBy>
    <lockedOn class="sql-timestamp">2020-04-20 20:28:30.733</lockedOn>
    <deleted>false</deleted>
    <versionTs class="sql-timestamp">2020-04-20 20:28:30.955</versionTs>
    <lang>1</lang>
  </com.dotmarketing.portlets.contentlet.model.ContentletVersionInfo>
  <com.dotmarketing.portlets.contentlet.model.ContentletVersionInfo>
    <identifier>8be1cb1e-9fd5-42ed-956e-016aa7a4b421</identifier>
    <liveInode>28acb739-f01c-4310-a4e2-c15d3e9939f9</liveInode>
    <workingInode>28acb739-f01c-4310-a4e2-c15d3e9939f9</workingInode>
    <lockedOn class="sql-timestamp">2020-08-18 18:46:54.331</lockedOn>
    <deleted>false</deleted>
    <versionTs class="sql-timestamp">2020-08-18 18:46:54.34</versionTs>
    <lang>1</lang>
  </com.dotmarketing.portlets.contentlet.model.ContentletVersionInfo>
  <com.dotmarketing.portlets.contentlet.model.ContentletVersionInfo>
    <identifier>90ec36f6-2aa2-4288-bfb1-bab0e152eadb</identifier>
    <liveInode>e6c32a8f-8dd9-44ad-ba96-2c82b7aebb1d</liveInode>
    <workingInode>e6c32a8f-8dd9-44ad-ba96-2c82b7aebb1d</workingInode>
    <lockedOn class="sql-timestamp">2020-07-10 20:18:28.031</lockedOn>
    <deleted>false</deleted>
    <versionTs class="sql-timestamp">2020-07-10 20:18:28.065</versionTs>
    <lang>1</lang>
  </com.dotmarketing.portlets.contentlet.model.ContentletVersionInfo>
  <com.dotmarketing.portlets.contentlet.model.ContentletVersionInfo>
    <identifier>956b7be9-c1a7-4244-8ae6-5390be4e4ce1</identifier>
    <workingInode>3ef7204c-e429-4d7c-bcd4-807548f4c18f</workingInode>
    <lockedOn class="sql-timestamp">2021-02-03 20:45:29.232</lockedOn>
    <deleted>false</deleted>
    <versionTs class="sql-timestamp">2021-02-03 20:45:29.232</versionTs>
    <lang>1</lang>
  </com.dotmarketing.portlets.contentlet.model.ContentletVersionInfo>
  <com.dotmarketing.portlets.contentlet.model.ContentletVersionInfo>
    <identifier>b1ebd1a2-8c63-46ca-9f85-f234316d9cba</identifier>
    <liveInode>3996f241-0790-45f5-8f9e-c6033b4d53be</liveInode>
    <workingInode>3996f241-0790-45f5-8f9e-c6033b4d53be</workingInode>
    <lockedOn class="sql-timestamp">2021-05-27 02:44:59.273</lockedOn>
    <deleted>false</deleted>
    <versionTs class="sql-timestamp">2021-05-27 02:44:59.53</versionTs>
    <lang>1</lang>
  </com.dotmarketing.portlets.contentlet.model.ContentletVersionInfo>
  <com.dotmarketing.portlets.contentlet.model.ContentletVersionInfo>
    <identifier>b3eee8aa-f664-46a8-992a-f29915396fe4</identifier>
    <liveInode>b5884069-492d-4df5-8015-842bcab424c0</liveInode>
    <workingInode>b5884069-492d-4df5-8015-842bcab424c0</workingInode>
    <lockedOn class="sql-timestamp">2020-07-10 20:16:01.705</lockedOn>
    <deleted>false</deleted>
    <versionTs class="sql-timestamp">2020-07-10 20:16:01.778</versionTs>
    <lang>1</lang>
  </com.dotmarketing.portlets.contentlet.model.ContentletVersionInfo>
  <com.dotmarketing.portlets.contentlet.model.ContentletVersionInfo>
    <identifier>b585f218-ada7-49f4-831c-bc6c55820259</identifier>
    <liveInode>dae9fea2-ba1d-4ce4-bd64-d7979745df86</liveInode>
    <workingInode>dae9fea2-ba1d-4ce4-bd64-d7979745df86</workingInode>
    <lockedOn class="sql-timestamp">2021-05-27 02:45:36.213</lockedOn>
    <deleted>false</deleted>
    <versionTs class="sql-timestamp">2021-05-27 02:45:36.359</versionTs>
    <lang>1</lang>
  </com.dotmarketing.portlets.contentlet.model.ContentletVersionInfo>
  <com.dotmarketing.portlets.contentlet.model.ContentletVersionInfo>
    <identifier>b91f2b4b-ac64-429e-8a58-5c3f8484a600</identifier>
    <liveInode>da3680a3-f2fb-4737-9173-81e632b83878</liveInode>
    <workingInode>da3680a3-f2fb-4737-9173-81e632b83878</workingInode>
    <lockedOn class="sql-timestamp">2020-08-18 23:27:32.214</lockedOn>
    <deleted>false</deleted>
    <versionTs class="sql-timestamp">2020-08-18 23:27:32.151</versionTs>
    <lang>1</lang>
  </com.dotmarketing.portlets.contentlet.model.ContentletVersionInfo>
  <com.dotmarketing.portlets.contentlet.model.ContentletVersionInfo>
    <identifier>b9791764-d768-47c0-b761-91466539ce9c</identifier>
    <liveInode>c2606743-8963-4927-bdd6-bcedaeac0191</liveInode>
    <workingInode>c2606743-8963-4927-bdd6-bcedaeac0191</workingInode>
    <lockedOn class="sql-timestamp">2021-05-27 03:26:53.063</lockedOn>
    <deleted>false</deleted>
    <versionTs class="sql-timestamp">2021-05-27 03:26:53.168</versionTs>
    <lang>1</lang>
  </com.dotmarketing.portlets.contentlet.model.ContentletVersionInfo>
  <com.dotmarketing.portlets.contentlet.model.ContentletVersionInfo>
    <identifier>c3b07e83-07b9-454b-9c4e-64a323636a4a</identifier>
    <liveInode>130faaae-ab18-42ad-88bd-4793ed785818</liveInode>
    <workingInode>1161aacc-79f3-433f-a824-c1ba7632de5d</workingInode>
    <lockedOn class="sql-timestamp">2020-10-30 18:22:43.58</lockedOn>
    <deleted>false</deleted>
    <versionTs class="sql-timestamp">2020-10-30 18:22:43.524</versionTs>
    <lang>1</lang>
  </com.dotmarketing.portlets.contentlet.model.ContentletVersionInfo>
  <com.dotmarketing.portlets.contentlet.model.ContentletVersionInfo>
    <identifier>c885cdf0-83fe-42db-8d8e-88a6596c8c02</identifier>
    <liveInode>cf31fb3e-9ad6-43fe-904d-8f7ecc9a278a</liveInode>
    <workingInode>cf31fb3e-9ad6-43fe-904d-8f7ecc9a278a</workingInode>
    <lockedOn class="sql-timestamp">2020-10-30 18:20:03.539</lockedOn>
    <deleted>false</deleted>
    <versionTs class="sql-timestamp">2020-10-30 18:20:03.571</versionTs>
    <lang>1</lang>
  </com.dotmarketing.portlets.contentlet.model.ContentletVersionInfo>
  <com.dotmarketing.portlets.contentlet.model.ContentletVersionInfo>
    <identifier>ca82b11a-e7b6-4734-bf41-9f0735b5cf65</identifier>
    <liveInode>9c7bdf4b-9407-4c5f-a361-6dd5d2668645</liveInode>
    <workingInode>9c7bdf4b-9407-4c5f-a361-6dd5d2668645</workingInode>
    <lockedOn class="sql-timestamp">2020-10-30 18:05:59.851</lockedOn>
    <deleted>false</deleted>
    <versionTs class="sql-timestamp">2020-10-30 18:06:00.719</versionTs>
    <lang>1</lang>
  </com.dotmarketing.portlets.contentlet.model.ContentletVersionInfo>
  <com.dotmarketing.portlets.contentlet.model.ContentletVersionInfo>
    <identifier>cc7364a8-66f2-4b49-b952-e9ac3c50d262</identifier>
    <liveInode>b54238bf-1d85-4ab7-80c7-cdb85d0643c6</liveInode>
    <workingInode>feccc642-0024-4ebe-85fd-1fd6f7432003</workingInode>
    <lockedOn class="sql-timestamp">2020-10-30 17:51:24.475</lockedOn>
    <deleted>false</deleted>
    <versionTs class="sql-timestamp">2020-10-30 17:51:24.232</versionTs>
    <lang>1</lang>
  </com.dotmarketing.portlets.contentlet.model.ContentletVersionInfo>
  <com.dotmarketing.portlets.contentlet.model.ContentletVersionInfo>
    <identifier>d08f1e34-57ce-4792-b49b-946e78e69f9d</identifier>
    <liveInode>2e080083-b0f1-4299-8c38-2c9819b38f98</liveInode>
    <workingInode>2e080083-b0f1-4299-8c38-2c9819b38f98</workingInode>
    <lockedOn class="sql-timestamp">2021-05-27 03:17:03.134</lockedOn>
    <deleted>false</deleted>
    <versionTs class="sql-timestamp">2022-04-21 12:58:08.734</versionTs>
    <lang>1</lang>
  </com.dotmarketing.portlets.contentlet.model.ContentletVersionInfo>
  <com.dotmarketing.portlets.contentlet.model.ContentletVersionInfo>
    <identifier>d76555ea-0d58-4fa4-a636-398890bd5344</identifier>
    <liveInode>0655e692-bf68-456b-880b-9153944fab96</liveInode>
    <workingInode>0655e692-bf68-456b-880b-9153944fab96</workingInode>
    <lockedOn class="sql-timestamp">2021-05-27 02:44:59.358</lockedOn>
    <deleted>false</deleted>
    <versionTs class="sql-timestamp">2021-05-27 02:44:59.844</versionTs>
    <lang>1</lang>
  </com.dotmarketing.portlets.contentlet.model.ContentletVersionInfo>
  <com.dotmarketing.portlets.contentlet.model.ContentletVersionInfo>
    <identifier>dc1a7be4-ee18-4f0b-ae59-2fa1314b3f5d</identifier>
    <liveInode>792fa82d-f421-4979-9c9f-772d31f5098c</liveInode>
    <workingInode>792fa82d-f421-4979-9c9f-772d31f5098c</workingInode>
    <lockedOn class="sql-timestamp">2021-05-27 03:04:11.449</lockedOn>
    <deleted>false</deleted>
    <versionTs class="sql-timestamp">2021-05-27 03:04:11.487</versionTs>
    <lang>1</lang>
  </com.dotmarketing.portlets.contentlet.model.ContentletVersionInfo>
  <com.dotmarketing.portlets.contentlet.model.ContentletVersionInfo>
    <identifier>dc1a7be4-ee18-4f0b-ae59-2fa1314b3f5d</identifier>
    <liveInode>e1b7c0e0-e6a5-4b7a-8edc-ecb9de1482af</liveInode>
    <workingInode>e1b7c0e0-e6a5-4b7a-8edc-ecb9de1482af</workingInode>
    <lockedOn class="sql-timestamp">2021-05-27 03:04:24.353</lockedOn>
    <deleted>false</deleted>
    <versionTs class="sql-timestamp">2021-05-27 03:04:24.388</versionTs>
    <lang>1622084576914</lang>
  </com.dotmarketing.portlets.contentlet.model.ContentletVersionInfo>
  <com.dotmarketing.portlets.contentlet.model.ContentletVersionInfo>
    <identifier>dcacf1ed-76ea-4d4b-9ba5-304335e30e24</identifier>
    <liveInode>822e33b8-df69-41b3-bfc6-987bae9856ef</liveInode>
    <workingInode>822e33b8-df69-41b3-bfc6-987bae9856ef</workingInode>
    <lockedOn class="sql-timestamp">2020-10-30 18:08:16.196</lockedOn>
    <deleted>false</deleted>
    <versionTs class="sql-timestamp">2020-10-30 18:08:16.326</versionTs>
    <lang>1</lang>
  </com.dotmarketing.portlets.contentlet.model.ContentletVersionInfo>
  <com.dotmarketing.portlets.contentlet.model.ContentletVersionInfo>
    <identifier>de97647e-a7a4-42a5-a949-765a17c42f2d</identifier>
    <liveInode>671cd037-ff7a-4f21-ae87-fe2dba38e7ad</liveInode>
    <workingInode>671cd037-ff7a-4f21-ae87-fe2dba38e7ad</workingInode>
    <lockedOn class="sql-timestamp">2021-05-27 02:44:59.985</lockedOn>
    <deleted>false</deleted>
    <versionTs class="sql-timestamp">2021-05-27 02:45:00.26</versionTs>
    <lang>1</lang>
  </com.dotmarketing.portlets.contentlet.model.ContentletVersionInfo>
  <com.dotmarketing.portlets.contentlet.model.ContentletVersionInfo>
    <identifier>ed88ee7d-5edb-4918-9891-43d91697c261</identifier>
    <liveInode>506e2454-f64f-457b-a4a3-5c1df0e8b9ff</liveInode>
    <workingInode>506e2454-f64f-457b-a4a3-5c1df0e8b9ff</workingInode>
    <lockedOn class="sql-timestamp">2020-10-30 18:18:59.88</lockedOn>
    <deleted>false</deleted>
    <versionTs class="sql-timestamp">2020-10-30 18:18:59.966</versionTs>
    <lang>1</lang>
  </com.dotmarketing.portlets.contentlet.model.ContentletVersionInfo>
  <com.dotmarketing.portlets.contentlet.model.ContentletVersionInfo>
    <identifier>ee46573e-9d27-4dbf-81f1-66e62e975c14</identifier>
    <liveInode>0f63a3fb-87e8-410c-8442-83a1c76680f8</liveInode>
    <workingInode>0f63a3fb-87e8-410c-8442-83a1c76680f8</workingInode>
    <lockedOn class="sql-timestamp">2020-10-30 18:19:16.268</lockedOn>
    <deleted>false</deleted>
    <versionTs class="sql-timestamp">2020-10-30 18:19:16.356</versionTs>
    <lang>1</lang>
  </com.dotmarketing.portlets.contentlet.model.ContentletVersionInfo>
  <com.dotmarketing.portlets.contentlet.model.ContentletVersionInfo>
    <identifier>eecf08da-f933-4fe2-82a8-2629f4104dd3</identifier>
    <liveInode>64a0f82e-de64-4f6e-9592-06c8444eeac2</liveInode>
    <workingInode>64a0f82e-de64-4f6e-9592-06c8444eeac2</workingInode>
    <lockedOn class="sql-timestamp">2021-05-27 03:09:40.624</lockedOn>
    <deleted>false</deleted>
    <versionTs class="sql-timestamp">2022-04-21 12:58:08.761</versionTs>
    <lang>1</lang>
  </com.dotmarketing.portlets.contentlet.model.ContentletVersionInfo>
  <com.dotmarketing.portlets.contentlet.model.ContentletVersionInfo>
    <identifier>f3f4ebb6-5e85-4004-9c24-8b303bcdebd9</identifier>
    <liveInode>fea4e683-0b1e-40bd-bb95-7e7278c8797d</liveInode>
    <workingInode>fea4e683-0b1e-40bd-bb95-7e7278c8797d</workingInode>
    <lockedOn class="sql-timestamp">2020-10-30 18:07:43.695</lockedOn>
    <deleted>false</deleted>
    <versionTs class="sql-timestamp">2020-10-30 18:07:43.79</versionTs>
    <lang>1</lang>
  </com.dotmarketing.portlets.contentlet.model.ContentletVersionInfo>
  <com.dotmarketing.portlets.contentlet.model.ContentletVersionInfo>
    <identifier>ff04835b-6f8c-44d2-8eae-4d5b1f8dec6e</identifier>
    <liveInode>ca68ed2e-4276-48e4-995b-52b1f38b04eb</liveInode>
    <workingInode>ca68ed2e-4276-48e4-995b-52b1f38b04eb</workingInode>
    <lockedOn class="sql-timestamp">2021-05-27 02:44:59.309</lockedOn>
    <deleted>false</deleted>
    <versionTs class="sql-timestamp">2021-05-27 02:44:59.683</versionTs>
    <lang>1</lang>
  </com.dotmarketing.portlets.contentlet.model.ContentletVersionInfo>
  <com.dotmarketing.portlets.contentlet.model.ContentletVersionInfo>
    <identifier>SYSTEM_HOST</identifier>
    <liveInode>dbdec5e2-c02b-4cfb-83a9-4a4c4f3b2eb0</liveInode>
    <workingInode>dbdec5e2-c02b-4cfb-83a9-4a4c4f3b2eb0</workingInode>
    <lockedOn class="sql-timestamp">2012-06-07 09:46:26.0</lockedOn>
    <deleted>false</deleted>
    <versionTs class="sql-timestamp">2020-04-20 20:23:51.289</versionTs>
    <lang>1</lang>
  </com.dotmarketing.portlets.contentlet.model.ContentletVersionInfo>
</list>