<list>
  <com.dotmarketing.portlets.structure.model.Relationship>
    <iDate>2022-04-21 13:51:46.327 UTC</iDate>
    <type>relationship</type>
    <owner></owner>
    <inode>1f6e28f4-1e68-4a72-a7b5-32be6ce0a2ba</inode>
    <parentStructureInode>9117c4d8-719b-4f39-a925-4a4e4bc41241</parentStructureInode>
    <childStructureInode>2a3e91e4-fbbf-4876-8c5b-2233c1739b05</childStructureInode>
    <childRelationName>onetomanyrelationships</childRelationName>
    <relationTypeValue>Ksmax.onetomanyrelationships</relationTypeValue>
    <cardinality>0</cardinality>
    <parentRequired>false</parentRequired>
    <childRequired>false</childRequired>
    <fixed>false</fixed>
  </com.dotmarketing.portlets.structure.model.Relationship>
  <com.dotmarketing.portlets.structure.model.Relationship>
    <iDate>2022-04-21 13:51:46.327 UTC</iDate>
    <type>relationship</type>
    <owner></owner>
    <inode>28c6c7a9-a86c-4212-b94d-378ae1b904fe</inode>
    <parentStructureInode>85d95a92-a44d-4ade-84cf-70def5d915bb</parentStructureInode>
    <childStructureInode>2a3e91e4-fbbf-4876-8c5b-2233c1739b05</childStructureInode>
    <childRelationName>onetomanyrelationships</childRelationName>
    <relationTypeValue>Ksmin.onetomanyrelationships</relationTypeValue>
    <cardinality>0</cardinality>
    <parentRequired>false</parentRequired>
    <childRequired>false</childRequired>
    <fixed>false</fixed>
  </com.dotmarketing.portlets.structure.model.Relationship>
  <com.dotmarketing.portlets.structure.model.Relationship>
    <iDate>2022-04-21 13:51:46.327 UTC</iDate>
    <type>relationship</type>
    <owner></owner>
    <inode>5159ec09-2344-42cf-b755-da8cff7ea292</inode>
    <parentStructureInode>9117c4d8-719b-4f39-a925-4a4e4bc41241</parentStructureInode>
    <childStructureInode>2a3e91e4-fbbf-4876-8c5b-2233c1739b05</childStructureInode>
    <childRelationName>manytomanyrelationships</childRelationName>
    <relationTypeValue>Ksmax.manytomanyrelationships</relationTypeValue>
    <cardinality>1</cardinality>
    <parentRequired>false</parentRequired>
    <childRequired>false</childRequired>
    <fixed>false</fixed>
  </com.dotmarketing.portlets.structure.model.Relationship>
  <com.dotmarketing.portlets.structure.model.Relationship>
    <iDate>2022-04-21 13:51:46.327 UTC</iDate>
    <type>relationship</type>
    <owner></owner>
    <inode>720cc882-e55c-4d6f-8af3-79ca96506587</inode>
    <parentStructureInode>2a3e91e4-fbbf-4876-8c5b-2233c1739b05</parentStructureInode>
    <childStructureInode>85d95a92-a44d-4ade-84cf-70def5d915bb</childStructureInode>
    <parentRelationName>manytoonerelationships</parentRelationName>
    <relationTypeValue>Ksmin.manytoonerelationships</relationTypeValue>
    <cardinality>0</cardinality>
    <parentRequired>false</parentRequired>
    <childRequired>false</childRequired>
    <fixed>false</fixed>
  </com.dotmarketing.portlets.structure.model.Relationship>
  <com.dotmarketing.portlets.structure.model.Relationship>
    <iDate>2022-04-21 13:51:46.327 UTC</iDate>
    <type>relationship</type>
    <owner></owner>
    <inode>ac198f45-23b9-49f0-b0f0-c8bb03f75439</inode>
    <parentStructureInode>a0ba0feb-440e-4881-8275-91f312bedb32</parentStructureInode>
    <childStructureInode>2a3e91e4-fbbf-4876-8c5b-2233c1739b05</childStructureInode>
    <childRelationName>relationships</childRelationName>
    <relationTypeValue>Kitchensink.relationships</relationTypeValue>
    <cardinality>1</cardinality>
    <parentRequired>false</parentRequired>
    <childRequired>false</childRequired>
    <fixed>false</fixed>
  </com.dotmarketing.portlets.structure.model.Relationship>
  <com.dotmarketing.portlets.structure.model.Relationship>
    <iDate>2022-04-21 13:51:46.327 UTC</iDate>
    <type>relationship</type>
    <owner></owner>
    <inode>ba1b9e08-7061-4ae5-b2b2-ff2aac952858</inode>
    <parentStructureInode>85d95a92-a44d-4ade-84cf-70def5d915bb</parentStructureInode>
    <childStructureInode>2a3e91e4-fbbf-4876-8c5b-2233c1739b05</childStructureInode>
    <childRelationName>onetoonerelationships</childRelationName>
    <relationTypeValue>Ksmin.onetoonerelationships</relationTypeValue>
    <cardinality>2</cardinality>
    <parentRequired>false</parentRequired>
    <childRequired>false</childRequired>
    <fixed>false</fixed>
  </com.dotmarketing.portlets.structure.model.Relationship>
  <com.dotmarketing.portlets.structure.model.Relationship>
    <iDate>2022-04-21 13:51:46.327 UTC</iDate>
    <type>relationship</type>
    <owner></owner>
    <inode>cd7fcd0e-9253-4357-9432-511a7b335204</inode>
    <parentStructureInode>103d28c0-b9a7-4ada-8451-a28f20a67cba</parentStructureInode>
    <childStructureInode>96227075-ebef-4e56-b5db-16059ce0ee75</childStructureInode>
    <childRelationName>dep2todep3</childRelationName>
    <relationTypeValue>Dependency2.dep2todep3</relationTypeValue>
    <cardinality>1</cardinality>
    <parentRequired>false</parentRequired>
    <childRequired>false</childRequired>
    <fixed>false</fixed>
  </com.dotmarketing.portlets.structure.model.Relationship>
  <com.dotmarketing.portlets.structure.model.Relationship>
    <iDate>2022-04-21 13:51:46.327 UTC</iDate>
    <type>relationship</type>
    <owner></owner>
    <inode>e862ac54-d86f-4670-9627-41a3f0afbb89</inode>
    <parentStructureInode>2a3e91e4-fbbf-4876-8c5b-2233c1739b05</parentStructureInode>
    <childStructureInode>9117c4d8-719b-4f39-a925-4a4e4bc41241</childStructureInode>
    <parentRelationName>manytoonerelationships</parentRelationName>
    <relationTypeValue>Ksmax.manytoonerelationships</relationTypeValue>
    <cardinality>0</cardinality>
    <parentRequired>false</parentRequired>
    <childRequired>false</childRequired>
    <fixed>false</fixed>
  </com.dotmarketing.portlets.structure.model.Relationship>
  <com.dotmarketing.portlets.structure.model.Relationship>
    <iDate>2022-04-21 13:51:46.327 UTC</iDate>
    <type>relationship</type>
    <owner></owner>
    <inode>ee86f72c-9e40-42df-9866-df0eae0c8cb1</inode>
    <parentStructureInode>9117c4d8-719b-4f39-a925-4a4e4bc41241</parentStructureInode>
    <childStructureInode>2a3e91e4-fbbf-4876-8c5b-2233c1739b05</childStructureInode>
    <childRelationName>onetoonerelationships</childRelationName>
    <relationTypeValue>Ksmax.onetoonerelationships</relationTypeValue>
    <cardinality>2</cardinality>
    <parentRequired>false</parentRequired>
    <childRequired>false</childRequired>
    <fixed>false</fixed>
  </com.dotmarketing.portlets.structure.model.Relationship>
  <com.dotmarketing.portlets.structure.model.Relationship>
    <iDate>2022-04-21 13:51:46.327 UTC</iDate>
    <type>relationship</type>
    <owner></owner>
    <inode>fa929449-f914-445c-8d4b-12ae2bdfcd0c</inode>
    <parentStructureInode>85d95a92-a44d-4ade-84cf-70def5d915bb</parentStructureInode>
    <childStructureInode>2a3e91e4-fbbf-4876-8c5b-2233c1739b05</childStructureInode>
    <childRelationName>manytomanyrelationships</childRelationName>
    <relationTypeValue>Ksmin.manytomanyrelationships</relationTypeValue>
    <cardinality>1</cardinality>
    <parentRequired>false</parentRequired>
    <childRequired>false</childRequired>
    <fixed>false</fixed>
  </com.dotmarketing.portlets.structure.model.Relationship>
  <com.dotmarketing.portlets.structure.model.Relationship>
    <iDate>2022-04-21 13:51:46.326 UTC</iDate>
    <type>relationship</type>
    <owner></owner>
    <inode>1b23967c-426d-4967-9f33-40e4dbedc00b</inode>
    <parentStructureInode>b4c5f972-b0fd-4b32-8688-f4c6de288e52</parentStructureInode>
    <childStructureInode>103d28c0-b9a7-4ada-8451-a28f20a67cba</childStructureInode>
    <childRelationName>dep1todep2</childRelationName>
    <relationTypeValue>Dependency1.dep1todep2</relationTypeValue>
    <cardinality>1</cardinality>
    <parentRequired>false</parentRequired>
    <childRequired>false</childRequired>
    <fixed>false</fixed>
  </com.dotmarketing.portlets.structure.model.Relationship>
</list>