<list>
  <com.dotmarketing.portlets.containers.model.ContainerVersionInfo>
    <identifier>5eeafb58-4ecb-4721-8913-3c093f90685d</identifier>
    <liveInode>98137f89-6f3c-4b8e-af83-5659011d13db</liveInode>
    <workingInode>98137f89-6f3c-4b8e-af83-5659011d13db</workingInode>
    <lockedOn class="sql-timestamp">2021-05-27 02:56:35.547</lockedOn>
    <deleted>false</deleted>
    <versionTs class="sql-timestamp">2021-05-27 02:56:06.973</versionTs>
  </com.dotmarketing.portlets.containers.model.ContainerVersionInfo>
</list>