<list>
  <com.dotmarketing.plugin.model.Plugin>
    <id>com.dotcms.category.fix</id>
    <pluginName>dotCMS import starter fix plugin</pluginName>
    <pluginVersion>1.0</pluginVersion>
    <author>dotCMS</author>
    <firstDeployedDate class="sql-timestamp">2022-04-21 12:58:15.969</firstDeployedDate>
    <lastDeployedDate class="sql-timestamp">2022-04-21 12:58:15.969</lastDeployedDate>
  </com.dotmarketing.plugin.model.Plugin>
  <com.dotmarketing.plugin.model.Plugin>
    <id>com.dotcms.config</id>
    <pluginName>dotCMS Config</pluginName>
    <pluginVersion>1.0</pluginVersion>
    <author>dotCMS</author>
    <firstDeployedDate class="sql-timestamp">2022-04-21 12:58:15.996</firstDeployedDate>
    <lastDeployedDate class="sql-timestamp">2022-04-21 12:58:15.996</lastDeployedDate>
  </com.dotmarketing.plugin.model.Plugin>
  <com.dotmarketing.plugin.model.Plugin>
    <id>com.motiv.cacheBuster</id>
    <pluginName>dotCMS Config</pluginName>
    <pluginVersion>1.0</pluginVersion>
    <author>dotCMS</author>
    <firstDeployedDate class="sql-timestamp">2022-04-21 12:58:16.001</firstDeployedDate>
    <lastDeployedDate class="sql-timestamp">2022-04-21 12:58:16.001</lastDeployedDate>
  </com.dotmarketing.plugin.model.Plugin>
  <com.dotmarketing.plugin.model.Plugin>
    <id>hotfix-GIT-19245_v5.3.4.1</id>
    <pluginName>hotfix-GIT-19245_v5.3.4.1</pluginName>
    <pluginVersion>1.0</pluginVersion>
    <author>dotCMS</author>
    <firstDeployedDate class="sql-timestamp">2022-04-21 12:58:16.018</firstDeployedDate>
    <lastDeployedDate class="sql-timestamp">2022-04-21 12:58:16.018</lastDeployedDate>
  </com.dotmarketing.plugin.model.Plugin>
</list>