<list>
  <com.dotmarketing.portlets.workflows.model.WorkflowTask>
    <id>01a70b85-8b3d-47e7-a3ec-b56535afef69</id>
    <creationDate class="sql-timestamp">2021-02-03 20:45:29.269</creationDate>
    <modDate class="sql-timestamp">2021-02-03 20:45:29.271</modDate>
    <createdBy>e7d4e34e-5127-45fc-8123-d48b62d510e3</createdBy>
    <assignedTo>e7d4e34e-5127-45fc-8123-d48b62d510e3</assignedTo>
    <title>sync unpublish</title>
    <description></description>
    <status>ee24a4cb-2d15-4c98-b1bd-6327126451f3</status>
    <webasset>956b7be9-c1a7-4244-8ae6-5390be4e4ce1</webasset>
    <languageId>1</languageId>
  </com.dotmarketing.portlets.workflows.model.WorkflowTask>
  <com.dotmarketing.portlets.workflows.model.WorkflowTask>
    <id>07c11c55-86ed-4936-a9e3-14f2a9b7db78</id>
    <creationDate class="sql-timestamp">2020-10-30 18:08:16.387</creationDate>
    <modDate class="sql-timestamp">2020-10-30 18:08:16.388</modDate>
    <createdBy>e7d4e34e-5127-45fc-8123-d48b62d510e3</createdBy>
    <assignedTo>e7d4e34e-5127-45fc-8123-d48b62d510e3</assignedTo>
    <title>img4.jpg</title>
    <description></description>
    <status>dc3c9cd0-8467-404b-bf95-cb7df3fbc293</status>
    <webasset>dcacf1ed-76ea-4d4b-9ba5-304335e30e24</webasset>
    <languageId>1</languageId>
  </com.dotmarketing.portlets.workflows.model.WorkflowTask>
  <com.dotmarketing.portlets.workflows.model.WorkflowTask>
    <id>07fefa80-c2c5-4c69-b716-016a35901e8d</id>
    <creationDate class="sql-timestamp">2020-10-30 18:18:59.998</creationDate>
    <modDate class="sql-timestamp">2020-10-30 18:18:59.999</modDate>
    <createdBy>e7d4e34e-5127-45fc-8123-d48b62d510e3</createdBy>
    <assignedTo>e7d4e34e-5127-45fc-8123-d48b62d510e3</assignedTo>
    <title>img1.jpg</title>
    <description></description>
    <status>dc3c9cd0-8467-404b-bf95-cb7df3fbc293</status>
    <webasset>ed88ee7d-5edb-4918-9891-43d91697c261</webasset>
    <languageId>1</languageId>
  </com.dotmarketing.portlets.workflows.model.WorkflowTask>
  <com.dotmarketing.portlets.workflows.model.WorkflowTask>
    <id>0c58221f-f3ea-4e36-a16a-f10795900db7</id>
    <creationDate class="sql-timestamp">2020-07-10 20:16:01.79</creationDate>
    <modDate class="sql-timestamp">2020-07-10 20:16:01.79</modDate>
    <createdBy>e7d4e34e-5127-45fc-8123-d48b62d510e3</createdBy>
    <assignedTo>e7d4e34e-5127-45fc-8123-d48b62d510e3</assignedTo>
    <title>Charmander.jpeg</title>
    <status>dc3c9cd0-8467-404b-bf95-cb7df3fbc293</status>
    <webasset>b3eee8aa-f664-46a8-992a-f29915396fe4</webasset>
    <languageId>1</languageId>
  </com.dotmarketing.portlets.workflows.model.WorkflowTask>
  <com.dotmarketing.portlets.workflows.model.WorkflowTask>
    <id>0ec13534-4a31-4434-9083-c8d3498a6d8d</id>
    <creationDate class="sql-timestamp">2021-05-27 03:03:46.323</creationDate>
    <modDate class="sql-timestamp">2021-05-27 03:03:46.324</modDate>
    <createdBy>e7d4e34e-5127-45fc-8123-d48b62d510e3</createdBy>
    <assignedTo>e7d4e34e-5127-45fc-8123-d48b62d510e3</assignedTo>
    <title>Test1</title>
    <description></description>
    <status>dc3c9cd0-8467-404b-bf95-cb7df3fbc293</status>
    <webasset>74bf2ed7-781e-47b4-9a5f-7634de3d5dd5</webasset>
    <languageId>1622084576914</languageId>
  </com.dotmarketing.portlets.workflows.model.WorkflowTask>
  <com.dotmarketing.portlets.workflows.model.WorkflowTask>
    <id>151d2160-2077-44f2-9de5-7869fad659b6</id>
    <creationDate class="sql-timestamp">2021-05-27 03:02:15.534</creationDate>
    <modDate class="sql-timestamp">2021-05-27 03:02:15.535</modDate>
    <createdBy>e7d4e34e-5127-45fc-8123-d48b62d510e3</createdBy>
    <assignedTo>e7d4e34e-5127-45fc-8123-d48b62d510e3</assignedTo>
    <title>Test1</title>
    <description></description>
    <status>dc3c9cd0-8467-404b-bf95-cb7df3fbc293</status>
    <webasset>74bf2ed7-781e-47b4-9a5f-7634de3d5dd5</webasset>
    <languageId>1</languageId>
  </com.dotmarketing.portlets.workflows.model.WorkflowTask>
  <com.dotmarketing.portlets.workflows.model.WorkflowTask>
    <id>16cbf39c-fb05-4f12-b19f-c4631e3d98aa</id>
    <creationDate class="sql-timestamp">2021-05-27 03:04:24.41</creationDate>
    <modDate class="sql-timestamp">2021-05-27 03:04:24.412</modDate>
    <createdBy>e7d4e34e-5127-45fc-8123-d48b62d510e3</createdBy>
    <assignedTo>e7d4e34e-5127-45fc-8123-d48b62d510e3</assignedTo>
    <title>Test2</title>
    <description></description>
    <status>dc3c9cd0-8467-404b-bf95-cb7df3fbc293</status>
    <webasset>dc1a7be4-ee18-4f0b-ae59-2fa1314b3f5d</webasset>
    <languageId>1622084576914</languageId>
  </com.dotmarketing.portlets.workflows.model.WorkflowTask>
  <com.dotmarketing.portlets.workflows.model.WorkflowTask>
    <id>174b7cdd-2a2b-4bff-8c9b-e7fef23a341b</id>
    <creationDate class="sql-timestamp">2020-10-30 18:06:00.77</creationDate>
    <modDate class="sql-timestamp">2020-10-30 18:06:00.771</modDate>
    <createdBy>e7d4e34e-5127-45fc-8123-d48b62d510e3</createdBy>
    <assignedTo>e7d4e34e-5127-45fc-8123-d48b62d510e3</assignedTo>
    <title>design-pattern-scard.pdf</title>
    <description></description>
    <status>dc3c9cd0-8467-404b-bf95-cb7df3fbc293</status>
    <webasset>ca82b11a-e7b6-4734-bf41-9f0735b5cf65</webasset>
    <languageId>1</languageId>
  </com.dotmarketing.portlets.workflows.model.WorkflowTask>
  <com.dotmarketing.portlets.workflows.model.WorkflowTask>
    <id>1b9bc1d0-39e6-4401-a203-be25d0680c4f</id>
    <creationDate class="sql-timestamp">2020-10-30 18:06:56.63</creationDate>
    <modDate class="sql-timestamp">2020-10-30 18:06:56.631</modDate>
    <createdBy>e7d4e34e-5127-45fc-8123-d48b62d510e3</createdBy>
    <assignedTo>e7d4e34e-5127-45fc-8123-d48b62d510e3</assignedTo>
    <title>regular-expressions-cheat-sheet-v2.pdf</title>
    <description></description>
    <status>dc3c9cd0-8467-404b-bf95-cb7df3fbc293</status>
    <webasset>1e728d47-ab3e-47e3-92ad-99b1683b8d44</webasset>
    <languageId>1</languageId>
  </com.dotmarketing.portlets.workflows.model.WorkflowTask>
  <com.dotmarketing.portlets.workflows.model.WorkflowTask>
    <id>1c096654-bcc1-48ef-af4d-18687b0e1470</id>
    <creationDate class="sql-timestamp">2021-05-27 02:45:36.748</creationDate>
    <modDate class="sql-timestamp">2021-05-27 02:45:36.748</modDate>
    <createdBy>e7d4e34e-5127-45fc-8123-d48b62d510e3</createdBy>
    <assignedTo>e7d4e34e-5127-45fc-8123-d48b62d510e3</assignedTo>
    <title>html_head.vtl</title>
    <status>dc3c9cd0-8467-404b-bf95-cb7df3fbc293</status>
    <webasset>45b0605f-1b1c-4d83-8fcb-8db6de2f3f70</webasset>
    <languageId>1</languageId>
  </com.dotmarketing.portlets.workflows.model.WorkflowTask>
  <com.dotmarketing.portlets.workflows.model.WorkflowTask>
    <id>20eaab53-ea73-4001-99ef-f499a053f077</id>
    <creationDate class="sql-timestamp">2020-08-18 18:46:54.345</creationDate>
    <modDate class="sql-timestamp">2020-08-18 18:46:54.345</modDate>
    <createdBy>0cc07fcf-f6d1-45bb-8f1c-32542dfa9b02</createdBy>
    <assignedTo>0cc07fcf-f6d1-45bb-8f1c-32542dfa9b02</assignedTo>
    <title>Test2</title>
    <description></description>
    <status>dc3c9cd0-8467-404b-bf95-cb7df3fbc293</status>
    <webasset>8be1cb1e-9fd5-42ed-956e-016aa7a4b421</webasset>
    <languageId>1</languageId>
  </com.dotmarketing.portlets.workflows.model.WorkflowTask>
  <com.dotmarketing.portlets.workflows.model.WorkflowTask>
    <id>21c75477-957c-47b7-8971-c04fc5f6038e</id>
    <creationDate class="sql-timestamp">2020-10-30 18:07:43.843</creationDate>
    <modDate class="sql-timestamp">2020-10-30 18:07:43.843</modDate>
    <createdBy>e7d4e34e-5127-45fc-8123-d48b62d510e3</createdBy>
    <assignedTo>e7d4e34e-5127-45fc-8123-d48b62d510e3</assignedTo>
    <title>500x300_OilPaintingBlue_e27a82175763469c96a7fb20a36fe23b.jpg</title>
    <description></description>
    <status>dc3c9cd0-8467-404b-bf95-cb7df3fbc293</status>
    <webasset>f3f4ebb6-5e85-4004-9c24-8b303bcdebd9</webasset>
    <languageId>1</languageId>
  </com.dotmarketing.portlets.workflows.model.WorkflowTask>
  <com.dotmarketing.portlets.workflows.model.WorkflowTask>
    <id>248b9284-bddb-4fcd-b294-d4be05c2e1b7</id>
    <creationDate class="sql-timestamp">2020-10-30 18:20:03.592</creationDate>
    <modDate class="sql-timestamp">2020-10-30 18:20:03.593</modDate>
    <createdBy>e7d4e34e-5127-45fc-8123-d48b62d510e3</createdBy>
    <assignedTo>e7d4e34e-5127-45fc-8123-d48b62d510e3</assignedTo>
    <title>Dep3 Test1</title>
    <description></description>
    <status>dc3c9cd0-8467-404b-bf95-cb7df3fbc293</status>
    <webasset>c885cdf0-83fe-42db-8d8e-88a6596c8c02</webasset>
    <languageId>1</languageId>
  </com.dotmarketing.portlets.workflows.model.WorkflowTask>
  <com.dotmarketing.portlets.workflows.model.WorkflowTask>
    <id>277d0b95-8f74-4a76-947e-c4ba2d6af375</id>
    <creationDate class="sql-timestamp">2021-05-27 03:04:52.754</creationDate>
    <modDate class="sql-timestamp">2021-05-27 03:04:52.755</modDate>
    <createdBy>e7d4e34e-5127-45fc-8123-d48b62d510e3</createdBy>
    <assignedTo>e7d4e34e-5127-45fc-8123-d48b62d510e3</assignedTo>
    <title>Test3</title>
    <description></description>
    <status>dc3c9cd0-8467-404b-bf95-cb7df3fbc293</status>
    <webasset>85fdff39-8d3f-45f4-9e24-3753973fe4be</webasset>
    <languageId>1</languageId>
  </com.dotmarketing.portlets.workflows.model.WorkflowTask>
  <com.dotmarketing.portlets.workflows.model.WorkflowTask>
    <id>290f0e4a-4b50-43e9-aab7-eabd9fb6f7e8</id>
    <creationDate class="sql-timestamp">2021-05-27 02:45:00.526</creationDate>
    <modDate class="sql-timestamp">2021-05-27 02:45:00.526</modDate>
    <createdBy>e7d4e34e-5127-45fc-8123-d48b62d510e3</createdBy>
    <assignedTo>e7d4e34e-5127-45fc-8123-d48b62d510e3</assignedTo>
    <title>slick.css</title>
    <status>dc3c9cd0-8467-404b-bf95-cb7df3fbc293</status>
    <webasset>5d2087dd-9a09-49cf-b924-15312784a079</webasset>
    <languageId>1</languageId>
  </com.dotmarketing.portlets.workflows.model.WorkflowTask>
  <com.dotmarketing.portlets.workflows.model.WorkflowTask>
    <id>32d4751c-842b-4749-91bf-a7c73fe18651</id>
    <creationDate class="sql-timestamp">2021-05-27 03:05:05.192</creationDate>
    <modDate class="sql-timestamp">2021-05-27 03:05:05.192</modDate>
    <createdBy>e7d4e34e-5127-45fc-8123-d48b62d510e3</createdBy>
    <assignedTo>e7d4e34e-5127-45fc-8123-d48b62d510e3</assignedTo>
    <title>Test3</title>
    <description></description>
    <status>dc3c9cd0-8467-404b-bf95-cb7df3fbc293</status>
    <webasset>85fdff39-8d3f-45f4-9e24-3753973fe4be</webasset>
    <languageId>1622084576914</languageId>
  </com.dotmarketing.portlets.workflows.model.WorkflowTask>
  <com.dotmarketing.portlets.workflows.model.WorkflowTask>
    <id>33285126-f907-4f32-a6e3-6c87b5bf1c93</id>
    <creationDate class="sql-timestamp">2021-05-27 02:44:13.624</creationDate>
    <modDate class="sql-timestamp">2021-05-27 02:44:13.625</modDate>
    <createdBy>e7d4e34e-5127-45fc-8123-d48b62d510e3</createdBy>
    <assignedTo>e7d4e34e-5127-45fc-8123-d48b62d510e3</assignedTo>
    <title>preloop.vtl</title>
    <status>dc3c9cd0-8467-404b-bf95-cb7df3fbc293</status>
    <webasset>5a06aa01-e5b3-4429-ba1a-33d3cc485897</webasset>
    <languageId>1</languageId>
  </com.dotmarketing.portlets.workflows.model.WorkflowTask>
  <com.dotmarketing.portlets.workflows.model.WorkflowTask>
    <id>35bd879e-f601-4c87-9cc2-9944acaa3d99</id>
    <creationDate class="sql-timestamp">2021-05-27 02:44:59.795</creationDate>
    <modDate class="sql-timestamp">2021-05-27 02:44:59.795</modDate>
    <createdBy>e7d4e34e-5127-45fc-8123-d48b62d510e3</createdBy>
    <assignedTo>e7d4e34e-5127-45fc-8123-d48b62d510e3</assignedTo>
    <title>LineIcons.css</title>
    <status>dc3c9cd0-8467-404b-bf95-cb7df3fbc293</status>
    <webasset>ff04835b-6f8c-44d2-8eae-4d5b1f8dec6e</webasset>
    <languageId>1</languageId>
  </com.dotmarketing.portlets.workflows.model.WorkflowTask>
  <com.dotmarketing.portlets.workflows.model.WorkflowTask>
    <id>360fae0a-b106-4d52-9c11-2e41af124f65</id>
    <creationDate class="sql-timestamp">2021-05-27 02:45:36.711</creationDate>
    <modDate class="sql-timestamp">2021-05-27 03:26:15.4</modDate>
    <createdBy>e7d4e34e-5127-45fc-8123-d48b62d510e3</createdBy>
    <assignedTo>e7d4e34e-5127-45fc-8123-d48b62d510e3</assignedTo>
    <title>header.vtl</title>
    <status>dc3c9cd0-8467-404b-bf95-cb7df3fbc293</status>
    <webasset>2bed9f71-3ead-4f81-9046-ebac13ee0601</webasset>
    <languageId>1</languageId>
  </com.dotmarketing.portlets.workflows.model.WorkflowTask>
  <com.dotmarketing.portlets.workflows.model.WorkflowTask>
    <id>4c2adadf-e101-4ded-9445-d787fbefcfcb</id>
    <creationDate class="sql-timestamp">2020-10-30 17:52:19.084</creationDate>
    <modDate class="sql-timestamp">2020-10-30 17:52:35.69</modDate>
    <createdBy>e7d4e34e-5127-45fc-8123-d48b62d510e3</createdBy>
    <assignedTo>e7d4e34e-5127-45fc-8123-d48b62d510e3</assignedTo>
    <title>golang2.png</title>
    <description></description>
    <status>ee24a4cb-2d15-4c98-b1bd-6327126451f3</status>
    <webasset>4413bcd7-4aed-490f-9dc0-fd6739e329c2</webasset>
    <languageId>1</languageId>
  </com.dotmarketing.portlets.workflows.model.WorkflowTask>
  <com.dotmarketing.portlets.workflows.model.WorkflowTask>
    <id>50af9851-f70e-42ed-a442-b9f0721f36c3</id>
    <creationDate class="sql-timestamp">2022-04-21 13:33:16.802</creationDate>
    <modDate class="sql-timestamp">2022-04-21 13:33:16.802</modDate>
    <createdBy>e7d4e34e-5127-45fc-8123-d48b62d510e3</createdBy>
    <assignedTo>e7d4e34e-5127-45fc-8123-d48b62d510e3</assignedTo>
    <title>ksmin title</title>
    <description></description>
    <status>dc3c9cd0-8467-404b-bf95-cb7df3fbc293</status>
    <webasset>2a582d4b-d5f5-4779-bc91-aea17c5b8a0e</webasset>
    <languageId>1</languageId>
  </com.dotmarketing.portlets.workflows.model.WorkflowTask>
  <com.dotmarketing.portlets.workflows.model.WorkflowTask>
    <id>50bc8b2a-b2d9-437e-8705-156725f3e5c2</id>
    <creationDate class="sql-timestamp">2021-05-27 03:17:59.177</creationDate>
    <modDate class="sql-timestamp">2021-05-27 03:20:40.623</modDate>
    <createdBy>e7d4e34e-5127-45fc-8123-d48b62d510e3</createdBy>
    <assignedTo>e7d4e34e-5127-45fc-8123-d48b62d510e3</assignedTo>
    <title>Page3</title>
    <description></description>
    <status>dc3c9cd0-8467-404b-bf95-cb7df3fbc293</status>
    <webasset>4f6c3611-0964-4496-beb2-d1f767c51a79</webasset>
    <languageId>1</languageId>
  </com.dotmarketing.portlets.workflows.model.WorkflowTask>
  <com.dotmarketing.portlets.workflows.model.WorkflowTask>
    <id>570d5250-c1de-4038-ad28-5ea73b4b8621</id>
    <creationDate class="sql-timestamp">2021-05-27 03:04:11.52</creationDate>
    <modDate class="sql-timestamp">2021-05-27 03:04:11.52</modDate>
    <createdBy>e7d4e34e-5127-45fc-8123-d48b62d510e3</createdBy>
    <assignedTo>e7d4e34e-5127-45fc-8123-d48b62d510e3</assignedTo>
    <title>Test2</title>
    <description></description>
    <status>dc3c9cd0-8467-404b-bf95-cb7df3fbc293</status>
    <webasset>dc1a7be4-ee18-4f0b-ae59-2fa1314b3f5d</webasset>
    <languageId>1</languageId>
  </com.dotmarketing.portlets.workflows.model.WorkflowTask>
  <com.dotmarketing.portlets.workflows.model.WorkflowTask>
    <id>5fc47160-8296-4e78-a933-ac1b2a44e845</id>
    <creationDate class="sql-timestamp">2021-05-27 02:44:59.811</creationDate>
    <modDate class="sql-timestamp">2021-05-27 02:44:59.811</modDate>
    <createdBy>e7d4e34e-5127-45fc-8123-d48b62d510e3</createdBy>
    <assignedTo>e7d4e34e-5127-45fc-8123-d48b62d510e3</assignedTo>
    <title>animate.css</title>
    <status>dc3c9cd0-8467-404b-bf95-cb7df3fbc293</status>
    <webasset>7520e5f3-0921-40b1-b851-168c0b0a0519</webasset>
    <languageId>1</languageId>
  </com.dotmarketing.portlets.workflows.model.WorkflowTask>
  <com.dotmarketing.portlets.workflows.model.WorkflowTask>
    <id>60f15657-c3b7-4f98-8384-793061367872</id>
    <creationDate class="sql-timestamp">2020-07-10 20:16:01.638</creationDate>
    <modDate class="sql-timestamp">2020-07-10 20:16:01.639</modDate>
    <createdBy>e7d4e34e-5127-45fc-8123-d48b62d510e3</createdBy>
    <assignedTo>e7d4e34e-5127-45fc-8123-d48b62d510e3</assignedTo>
    <title>Bulbasaur.jpeg</title>
    <status>dc3c9cd0-8467-404b-bf95-cb7df3fbc293</status>
    <webasset>37996e78-c97e-4b94-aeaa-806d821f6293</webasset>
    <languageId>1</languageId>
  </com.dotmarketing.portlets.workflows.model.WorkflowTask>
  <com.dotmarketing.portlets.workflows.model.WorkflowTask>
    <id>62421347-9ac1-45c6-b0a6-e45fe4bcaa5e</id>
    <creationDate class="sql-timestamp">2021-05-27 03:10:55.058</creationDate>
    <modDate class="sql-timestamp">2021-05-27 03:17:03.139</modDate>
    <createdBy>e7d4e34e-5127-45fc-8123-d48b62d510e3</createdBy>
    <assignedTo>e7d4e34e-5127-45fc-8123-d48b62d510e3</assignedTo>
    <title>Page2</title>
    <description></description>
    <status>dc3c9cd0-8467-404b-bf95-cb7df3fbc293</status>
    <webasset>d08f1e34-57ce-4792-b49b-946e78e69f9d</webasset>
    <languageId>1</languageId>
  </com.dotmarketing.portlets.workflows.model.WorkflowTask>
  <com.dotmarketing.portlets.workflows.model.WorkflowTask>
    <id>67a0255a-b687-443c-8177-2c9c9990ca3a</id>
    <creationDate class="sql-timestamp">2021-05-27 02:45:00.602</creationDate>
    <modDate class="sql-timestamp">2021-05-27 02:45:00.602</modDate>
    <createdBy>e7d4e34e-5127-45fc-8123-d48b62d510e3</createdBy>
    <assignedTo>e7d4e34e-5127-45fc-8123-d48b62d510e3</assignedTo>
    <title>style.css</title>
    <status>dc3c9cd0-8467-404b-bf95-cb7df3fbc293</status>
    <webasset>576ed12a-800a-49bf-adde-ce9491a05d5f</webasset>
    <languageId>1</languageId>
  </com.dotmarketing.portlets.workflows.model.WorkflowTask>
  <com.dotmarketing.portlets.workflows.model.WorkflowTask>
    <id>6dcc8eca-e5f8-4866-b6e4-7fd898973204</id>
    <creationDate class="sql-timestamp">2021-05-27 02:44:59.629</creationDate>
    <modDate class="sql-timestamp">2021-05-27 02:44:59.63</modDate>
    <createdBy>e7d4e34e-5127-45fc-8123-d48b62d510e3</createdBy>
    <assignedTo>e7d4e34e-5127-45fc-8123-d48b62d510e3</assignedTo>
    <title>default.css</title>
    <status>dc3c9cd0-8467-404b-bf95-cb7df3fbc293</status>
    <webasset>7e2c0222-fdd6-4b49-a02c-4e256839e203</webasset>
    <languageId>1</languageId>
  </com.dotmarketing.portlets.workflows.model.WorkflowTask>
  <com.dotmarketing.portlets.workflows.model.WorkflowTask>
    <id>6df3e107-99f4-44e3-846d-4ae862f975a7</id>
    <creationDate class="sql-timestamp">2020-07-10 20:16:20.133</creationDate>
    <modDate class="sql-timestamp">2020-07-10 20:16:20.133</modDate>
    <createdBy>e7d4e34e-5127-45fc-8123-d48b62d510e3</createdBy>
    <assignedTo>e7d4e34e-5127-45fc-8123-d48b62d510e3</assignedTo>
    <title>Squirtle.jpeg</title>
    <status>dc3c9cd0-8467-404b-bf95-cb7df3fbc293</status>
    <webasset>0bd874cd-32e6-4d0a-9b33-fbfa4c170d8b</webasset>
    <languageId>1</languageId>
  </com.dotmarketing.portlets.workflows.model.WorkflowTask>
  <com.dotmarketing.portlets.workflows.model.WorkflowTask>
    <id>72fd4510-8e35-49f8-a38e-bce1341461aa</id>
    <creationDate class="sql-timestamp">2021-05-27 02:45:36.407</creationDate>
    <modDate class="sql-timestamp">2021-05-27 02:45:36.408</modDate>
    <createdBy>e7d4e34e-5127-45fc-8123-d48b62d510e3</createdBy>
    <assignedTo>e7d4e34e-5127-45fc-8123-d48b62d510e3</assignedTo>
    <title>footer.vtl</title>
    <status>dc3c9cd0-8467-404b-bf95-cb7df3fbc293</status>
    <webasset>b585f218-ada7-49f4-831c-bc6c55820259</webasset>
    <languageId>1</languageId>
  </com.dotmarketing.portlets.workflows.model.WorkflowTask>
  <com.dotmarketing.portlets.workflows.model.WorkflowTask>
    <id>7325715d-09f0-4482-b1f3-7ea71a42a35e</id>
    <creationDate class="sql-timestamp">2021-05-27 02:45:00.293</creationDate>
    <modDate class="sql-timestamp">2021-05-27 02:45:00.293</modDate>
    <createdBy>e7d4e34e-5127-45fc-8123-d48b62d510e3</createdBy>
    <assignedTo>e7d4e34e-5127-45fc-8123-d48b62d510e3</assignedTo>
    <title>magnific-popup.css</title>
    <status>dc3c9cd0-8467-404b-bf95-cb7df3fbc293</status>
    <webasset>8629e58d-748e-4855-b10f-bfea79af41f6</webasset>
    <languageId>1</languageId>
  </com.dotmarketing.portlets.workflows.model.WorkflowTask>
  <com.dotmarketing.portlets.workflows.model.WorkflowTask>
    <id>78b91d0e-eeaa-43f0-82e7-836839c13190</id>
    <creationDate class="sql-timestamp">2020-07-10 20:18:17.237</creationDate>
    <modDate class="sql-timestamp">2020-07-10 20:18:17.238</modDate>
    <createdBy>e7d4e34e-5127-45fc-8123-d48b62d510e3</createdBy>
    <assignedTo>e7d4e34e-5127-45fc-8123-d48b62d510e3</assignedTo>
    <title>sync1</title>
    <description></description>
    <status>dc3c9cd0-8467-404b-bf95-cb7df3fbc293</status>
    <webasset>35891a5a-d1fc-4ccd-9f49-8cb3b4219ebf</webasset>
    <languageId>1</languageId>
  </com.dotmarketing.portlets.workflows.model.WorkflowTask>
  <com.dotmarketing.portlets.workflows.model.WorkflowTask>
    <id>7f33be85-49c2-4114-8676-75927fb66ff4</id>
    <creationDate class="sql-timestamp">2020-10-30 17:50:53.317</creationDate>
    <modDate class="sql-timestamp">2020-10-30 17:51:24.482</modDate>
    <createdBy>e7d4e34e-5127-45fc-8123-d48b62d510e3</createdBy>
    <assignedTo>e7d4e34e-5127-45fc-8123-d48b62d510e3</assignedTo>
    <title>golang1.png</title>
    <description></description>
    <status>ee24a4cb-2d15-4c98-b1bd-6327126451f3</status>
    <webasset>cc7364a8-66f2-4b49-b952-e9ac3c50d262</webasset>
    <languageId>1</languageId>
  </com.dotmarketing.portlets.workflows.model.WorkflowTask>
  <com.dotmarketing.portlets.workflows.model.WorkflowTask>
    <id>8839ec76-8f5d-41c9-b471-70eb3ec62c2f</id>
    <creationDate class="sql-timestamp">2020-07-10 20:16:20.059</creationDate>
    <modDate class="sql-timestamp">2020-07-10 20:16:20.06</modDate>
    <createdBy>e7d4e34e-5127-45fc-8123-d48b62d510e3</createdBy>
    <assignedTo>e7d4e34e-5127-45fc-8123-d48b62d510e3</assignedTo>
    <title>Pikachu.jpeg</title>
    <status>dc3c9cd0-8467-404b-bf95-cb7df3fbc293</status>
    <webasset>286ea849-e99b-415e-bd5f-b69babae9bb6</webasset>
    <languageId>1</languageId>
  </com.dotmarketing.portlets.workflows.model.WorkflowTask>
  <com.dotmarketing.portlets.workflows.model.WorkflowTask>
    <id>8c88a48e-787c-465b-b2da-0fb5e07e5b45</id>
    <creationDate class="sql-timestamp">2021-05-27 03:05:42.064</creationDate>
    <modDate class="sql-timestamp">2021-05-27 03:05:42.065</modDate>
    <createdBy>e7d4e34e-5127-45fc-8123-d48b62d510e3</createdBy>
    <assignedTo>e7d4e34e-5127-45fc-8123-d48b62d510e3</assignedTo>
    <title>Test1</title>
    <description></description>
    <status>dc3c9cd0-8467-404b-bf95-cb7df3fbc293</status>
    <webasset>399abe13-2ba5-4cb3-a0af-0b32681079f8</webasset>
    <languageId>1</languageId>
  </com.dotmarketing.portlets.workflows.model.WorkflowTask>
  <com.dotmarketing.portlets.workflows.model.WorkflowTask>
    <id>8f0fecde-5d50-4389-9c66-65b8cf3dfd8a</id>
    <creationDate class="sql-timestamp">2021-05-27 03:08:03.713</creationDate>
    <modDate class="sql-timestamp">2021-05-27 03:09:40.628</modDate>
    <createdBy>e7d4e34e-5127-45fc-8123-d48b62d510e3</createdBy>
    <assignedTo>e7d4e34e-5127-45fc-8123-d48b62d510e3</assignedTo>
    <title>Page1</title>
    <description></description>
    <status>dc3c9cd0-8467-404b-bf95-cb7df3fbc293</status>
    <webasset>eecf08da-f933-4fe2-82a8-2629f4104dd3</webasset>
    <languageId>1</languageId>
  </com.dotmarketing.portlets.workflows.model.WorkflowTask>
  <com.dotmarketing.portlets.workflows.model.WorkflowTask>
    <id>8ffe96fc-828d-417f-a8e7-863d32f759dc</id>
    <creationDate class="sql-timestamp">2020-10-30 18:19:16.397</creationDate>
    <modDate class="sql-timestamp">2020-10-30 18:19:16.398</modDate>
    <createdBy>e7d4e34e-5127-45fc-8123-d48b62d510e3</createdBy>
    <assignedTo>e7d4e34e-5127-45fc-8123-d48b62d510e3</assignedTo>
    <title>img2.jpg</title>
    <description></description>
    <status>dc3c9cd0-8467-404b-bf95-cb7df3fbc293</status>
    <webasset>ee46573e-9d27-4dbf-81f1-66e62e975c14</webasset>
    <languageId>1</languageId>
  </com.dotmarketing.portlets.workflows.model.WorkflowTask>
  <com.dotmarketing.portlets.workflows.model.WorkflowTask>
    <id>92449f4f-ec4a-403b-ae4e-6651dcae8418</id>
    <creationDate class="sql-timestamp">2020-10-30 18:20:27.873</creationDate>
    <modDate class="sql-timestamp">2020-10-30 18:22:43.583</modDate>
    <createdBy>e7d4e34e-5127-45fc-8123-d48b62d510e3</createdBy>
    <assignedTo>e7d4e34e-5127-45fc-8123-d48b62d510e3</assignedTo>
    <title>Dep3 Test2</title>
    <description></description>
    <status>ee24a4cb-2d15-4c98-b1bd-6327126451f3</status>
    <webasset>c3b07e83-07b9-454b-9c4e-64a323636a4a</webasset>
    <languageId>1</languageId>
  </com.dotmarketing.portlets.workflows.model.WorkflowTask>
  <com.dotmarketing.portlets.workflows.model.WorkflowTask>
    <id>9ee963e6-2f4a-472f-bc8d-566f6578157c</id>
    <creationDate class="sql-timestamp">2021-05-27 03:06:03.129</creationDate>
    <modDate class="sql-timestamp">2021-05-27 03:06:03.131</modDate>
    <createdBy>e7d4e34e-5127-45fc-8123-d48b62d510e3</createdBy>
    <assignedTo>e7d4e34e-5127-45fc-8123-d48b62d510e3</assignedTo>
    <title>Test2</title>
    <description></description>
    <status>dc3c9cd0-8467-404b-bf95-cb7df3fbc293</status>
    <webasset>2f1b5c8b-1f8e-44ad-b615-2e6973be7436</webasset>
    <languageId>1</languageId>
  </com.dotmarketing.portlets.workflows.model.WorkflowTask>
  <com.dotmarketing.portlets.workflows.model.WorkflowTask>
    <id>9f04c307-0dee-4d34-a0a0-3b7f9fd4ed2d</id>
    <creationDate class="sql-timestamp">2020-07-10 20:18:28.074</creationDate>
    <modDate class="sql-timestamp">2020-07-10 20:18:28.074</modDate>
    <createdBy>e7d4e34e-5127-45fc-8123-d48b62d510e3</createdBy>
    <assignedTo>e7d4e34e-5127-45fc-8123-d48b62d510e3</assignedTo>
    <title>sync2</title>
    <description></description>
    <status>dc3c9cd0-8467-404b-bf95-cb7df3fbc293</status>
    <webasset>90ec36f6-2aa2-4288-bfb1-bab0e152eadb</webasset>
    <languageId>1</languageId>
  </com.dotmarketing.portlets.workflows.model.WorkflowTask>
  <com.dotmarketing.portlets.workflows.model.WorkflowTask>
    <id>ae643f40-222d-48bf-882c-c7ba8ed54ff7</id>
    <creationDate class="sql-timestamp">2021-05-27 02:44:59.68</creationDate>
    <modDate class="sql-timestamp">2021-05-27 02:44:59.683</modDate>
    <createdBy>e7d4e34e-5127-45fc-8123-d48b62d510e3</createdBy>
    <assignedTo>e7d4e34e-5127-45fc-8123-d48b62d510e3</assignedTo>
    <title>jquery.nice-number.min.css</title>
    <status>dc3c9cd0-8467-404b-bf95-cb7df3fbc293</status>
    <webasset>b1ebd1a2-8c63-46ca-9f85-f234316d9cba</webasset>
    <languageId>1</languageId>
  </com.dotmarketing.portlets.workflows.model.WorkflowTask>
  <com.dotmarketing.portlets.workflows.model.WorkflowTask>
    <id>b95d0eec-7883-4ba0-97cc-85e838b004c5</id>
    <creationDate class="sql-timestamp">2021-05-27 02:45:36.763</creationDate>
    <modDate class="sql-timestamp">2021-05-27 02:45:36.764</modDate>
    <createdBy>e7d4e34e-5127-45fc-8123-d48b62d510e3</createdBy>
    <assignedTo>e7d4e34e-5127-45fc-8123-d48b62d510e3</assignedTo>
    <title>template.vtl</title>
    <status>dc3c9cd0-8467-404b-bf95-cb7df3fbc293</status>
    <webasset>5a6bcfd7-7198-4f33-aa7a-43684d50b38b</webasset>
    <languageId>1</languageId>
  </com.dotmarketing.portlets.workflows.model.WorkflowTask>
  <com.dotmarketing.portlets.workflows.model.WorkflowTask>
    <id>ba6a834c-01cc-4de1-8baf-fd3a45d04da0</id>
    <creationDate class="sql-timestamp">2020-10-30 18:15:50.988</creationDate>
    <modDate class="sql-timestamp">2020-10-30 18:21:38.836</modDate>
    <createdBy>e7d4e34e-5127-45fc-8123-d48b62d510e3</createdBy>
    <assignedTo>e7d4e34e-5127-45fc-8123-d48b62d510e3</assignedTo>
    <title>Dep1 Test2</title>
    <description></description>
    <status>dc3c9cd0-8467-404b-bf95-cb7df3fbc293</status>
    <webasset>43c595da-591d-445f-a7fa-10955bb41221</webasset>
    <languageId>1</languageId>
  </com.dotmarketing.portlets.workflows.model.WorkflowTask>
  <com.dotmarketing.portlets.workflows.model.WorkflowTask>
    <id>bc938b2a-a951-47f7-844c-9180955da1ba</id>
    <creationDate class="sql-timestamp">2021-05-27 02:44:13.617</creationDate>
    <modDate class="sql-timestamp">2021-05-27 02:44:13.618</modDate>
    <createdBy>e7d4e34e-5127-45fc-8123-d48b62d510e3</createdBy>
    <assignedTo>e7d4e34e-5127-45fc-8123-d48b62d510e3</assignedTo>
    <title>container.vtl</title>
    <status>dc3c9cd0-8467-404b-bf95-cb7df3fbc293</status>
    <webasset>03665b1d-7bbf-4bcf-a2f2-38425c189591</webasset>
    <languageId>1</languageId>
  </com.dotmarketing.portlets.workflows.model.WorkflowTask>
  <com.dotmarketing.portlets.workflows.model.WorkflowTask>
    <id>be47281c-a875-458d-b476-685abe81eb16</id>
    <creationDate class="sql-timestamp">2020-10-30 18:15:11.769</creationDate>
    <modDate class="sql-timestamp">2020-10-30 18:21:23.419</modDate>
    <createdBy>e7d4e34e-5127-45fc-8123-d48b62d510e3</createdBy>
    <assignedTo>e7d4e34e-5127-45fc-8123-d48b62d510e3</assignedTo>
    <title>Dep1 Test1</title>
    <description></description>
    <status>ee24a4cb-2d15-4c98-b1bd-6327126451f3</status>
    <webasset>051158a0-f6ff-4615-af20-284ce11b2fbc</webasset>
    <languageId>1</languageId>
  </com.dotmarketing.portlets.workflows.model.WorkflowTask>
  <com.dotmarketing.portlets.workflows.model.WorkflowTask>
    <id>bf460270-62dc-4a59-99e9-d0d96d6a8593</id>
    <creationDate class="sql-timestamp">2021-05-27 02:53:53.431</creationDate>
    <modDate class="sql-timestamp">2021-05-27 02:53:53.432</modDate>
    <createdBy>e7d4e34e-5127-45fc-8123-d48b62d510e3</createdBy>
    <assignedTo>e7d4e34e-5127-45fc-8123-d48b62d510e3</assignedTo>
    <title>PageContentType2.vtl</title>
    <status>dc3c9cd0-8467-404b-bf95-cb7df3fbc293</status>
    <webasset>613690ac-99ea-4c49-ac93-35e263290112</webasset>
    <languageId>1</languageId>
  </com.dotmarketing.portlets.workflows.model.WorkflowTask>
  <com.dotmarketing.portlets.workflows.model.WorkflowTask>
    <id>c25e66bb-9972-4056-8a3b-606bbf03e76f</id>
    <creationDate class="sql-timestamp">2021-05-27 02:45:00.364</creationDate>
    <modDate class="sql-timestamp">2021-05-27 02:45:00.365</modDate>
    <createdBy>e7d4e34e-5127-45fc-8123-d48b62d510e3</createdBy>
    <assignedTo>e7d4e34e-5127-45fc-8123-d48b62d510e3</assignedTo>
    <title>responsive.css</title>
    <status>dc3c9cd0-8467-404b-bf95-cb7df3fbc293</status>
    <webasset>de97647e-a7a4-42a5-a949-765a17c42f2d</webasset>
    <languageId>1</languageId>
  </com.dotmarketing.portlets.workflows.model.WorkflowTask>
  <com.dotmarketing.portlets.workflows.model.WorkflowTask>
    <id>cdafcd61-f574-4c92-b6c6-87034b4db2a2</id>
    <creationDate class="sql-timestamp">2021-05-27 02:44:59.951</creationDate>
    <modDate class="sql-timestamp">2021-05-27 02:44:59.952</modDate>
    <createdBy>e7d4e34e-5127-45fc-8123-d48b62d510e3</createdBy>
    <assignedTo>e7d4e34e-5127-45fc-8123-d48b62d510e3</assignedTo>
    <title>bootstrap.min.css</title>
    <status>dc3c9cd0-8467-404b-bf95-cb7df3fbc293</status>
    <webasset>d76555ea-0d58-4fa4-a636-398890bd5344</webasset>
    <languageId>1</languageId>
  </com.dotmarketing.portlets.workflows.model.WorkflowTask>
  <com.dotmarketing.portlets.workflows.model.WorkflowTask>
    <id>cf50ed0b-94b2-46bf-ac61-9a4ed13225c7</id>
    <creationDate class="sql-timestamp">2021-05-27 02:44:13.654</creationDate>
    <modDate class="sql-timestamp">2021-05-27 02:44:13.654</modDate>
    <createdBy>e7d4e34e-5127-45fc-8123-d48b62d510e3</createdBy>
    <assignedTo>e7d4e34e-5127-45fc-8123-d48b62d510e3</assignedTo>
    <title>postloop.vtl</title>
    <status>dc3c9cd0-8467-404b-bf95-cb7df3fbc293</status>
    <webasset>5e16db94-3242-492a-8f79-3e2fc07e9625</webasset>
    <languageId>1</languageId>
  </com.dotmarketing.portlets.workflows.model.WorkflowTask>
  <com.dotmarketing.portlets.workflows.model.WorkflowTask>
    <id>d05bcdbe-97cc-446a-b1c4-b38a30db05d2</id>
    <creationDate class="sql-timestamp">2020-08-18 18:44:47.96</creationDate>
    <modDate class="sql-timestamp">2020-08-18 18:44:47.961</modDate>
    <createdBy>0cc07fcf-f6d1-45bb-8f1c-32542dfa9b02</createdBy>
    <assignedTo>0cc07fcf-f6d1-45bb-8f1c-32542dfa9b02</assignedTo>
    <title>Test1</title>
    <description></description>
    <status>dc3c9cd0-8467-404b-bf95-cb7df3fbc293</status>
    <webasset>1b927236-4857-4763-8ef8-ab36e437fbec</webasset>
    <languageId>1</languageId>
  </com.dotmarketing.portlets.workflows.model.WorkflowTask>
  <com.dotmarketing.portlets.workflows.model.WorkflowTask>
    <id>d1a2bc67-f855-44fc-b530-d7f75b44be25</id>
    <creationDate class="sql-timestamp">2020-10-30 18:16:49.619</creationDate>
    <modDate class="sql-timestamp">2020-10-30 18:22:00.654</modDate>
    <createdBy>e7d4e34e-5127-45fc-8123-d48b62d510e3</createdBy>
    <assignedTo>e7d4e34e-5127-45fc-8123-d48b62d510e3</assignedTo>
    <title>Dep2 Test1</title>
    <description></description>
    <status>dc3c9cd0-8467-404b-bf95-cb7df3fbc293</status>
    <webasset>5fe89979-00dd-44db-a866-03840c325e3f</webasset>
    <languageId>1</languageId>
  </com.dotmarketing.portlets.workflows.model.WorkflowTask>
  <com.dotmarketing.portlets.workflows.model.WorkflowTask>
    <id>d87624c1-462f-4317-bf77-b74f154f9f8c</id>
    <creationDate class="sql-timestamp">2022-04-21 13:32:56.339</creationDate>
    <modDate class="sql-timestamp">2022-04-21 13:32:56.34</modDate>
    <createdBy>e7d4e34e-5127-45fc-8123-d48b62d510e3</createdBy>
    <assignedTo>e7d4e34e-5127-45fc-8123-d48b62d510e3</assignedTo>
    <title>ksmax title</title>
    <description></description>
    <status>dc3c9cd0-8467-404b-bf95-cb7df3fbc293</status>
    <webasset>6ec2b41a-8fa9-4341-8efb-d597af9205d7</webasset>
    <languageId>1</languageId>
  </com.dotmarketing.portlets.workflows.model.WorkflowTask>
  <com.dotmarketing.portlets.workflows.model.WorkflowTask>
    <id>ed6774f1-d18b-46e1-8563-fcf3f1d9cf95</id>
    <creationDate class="sql-timestamp">2021-05-27 02:53:53.373</creationDate>
    <modDate class="sql-timestamp">2021-05-27 02:53:53.373</modDate>
    <createdBy>e7d4e34e-5127-45fc-8123-d48b62d510e3</createdBy>
    <assignedTo>e7d4e34e-5127-45fc-8123-d48b62d510e3</assignedTo>
    <title>PageContentType1.vtl</title>
    <status>dc3c9cd0-8467-404b-bf95-cb7df3fbc293</status>
    <webasset>0bcb4a6a-6194-41c9-a02e-ccb69206833d</webasset>
    <languageId>1</languageId>
  </com.dotmarketing.portlets.workflows.model.WorkflowTask>
  <com.dotmarketing.portlets.workflows.model.WorkflowTask>
    <id>f5d2e76b-1e67-4e35-8bde-8006d7544b71</id>
    <creationDate class="sql-timestamp">2021-05-27 03:26:53.202</creationDate>
    <modDate class="sql-timestamp">2021-05-27 03:26:53.203</modDate>
    <createdBy>e7d4e34e-5127-45fc-8123-d48b62d510e3</createdBy>
    <assignedTo>e7d4e34e-5127-45fc-8123-d48b62d510e3</assignedTo>
    <title>logo.png</title>
    <description></description>
    <status>dc3c9cd0-8467-404b-bf95-cb7df3fbc293</status>
    <webasset>b9791764-d768-47c0-b761-91466539ce9c</webasset>
    <languageId>1</languageId>
  </com.dotmarketing.portlets.workflows.model.WorkflowTask>
  <com.dotmarketing.portlets.workflows.model.WorkflowTask>
    <id>fc4232c1-68b8-4e46-b14d-a1c556223c01</id>
    <creationDate class="sql-timestamp">2020-10-30 18:17:39.825</creationDate>
    <modDate class="sql-timestamp">2020-10-30 18:22:28.916</modDate>
    <createdBy>e7d4e34e-5127-45fc-8123-d48b62d510e3</createdBy>
    <assignedTo>e7d4e34e-5127-45fc-8123-d48b62d510e3</assignedTo>
    <title>Dep2 Test2</title>
    <description></description>
    <status>ee24a4cb-2d15-4c98-b1bd-6327126451f3</status>
    <webasset>5c76824e-343f-4cef-a41a-e699710e8cdb</webasset>
    <languageId>1</languageId>
  </com.dotmarketing.portlets.workflows.model.WorkflowTask>
</list>