<list>
  <com.dotmarketing.tag.model.TagInode>
    <inode>2401f255-246e-48b0-93ec-20f384c463e9</inode>
    <tagId>6c7a56bf-006e-4f93-a092-1c1b905998a6</tagId>
    <fieldVarName>tag</fieldVarName>
    <modDate class="sql-timestamp">2020-08-19 20:50:36.861</modDate>
  </com.dotmarketing.tag.model.TagInode>
  <com.dotmarketing.tag.model.TagInode>
    <inode>2401f255-246e-48b0-93ec-20f384c463e9</inode>
    <tagId>d20dca41-2a90-43f7-af90-19b0eaa42af1</tagId>
    <fieldVarName>tag</fieldVarName>
    <modDate class="sql-timestamp">2020-08-19 20:50:36.86</modDate>
  </com.dotmarketing.tag.model.TagInode>
  <com.dotmarketing.tag.model.TagInode>
    <inode>2401f255-246e-48b0-93ec-20f384c463e9</inode>
    <tagId>df56f776-928f-4cb7-93f9-0ca242df928f</tagId>
    <fieldVarName>tag</fieldVarName>
    <modDate class="sql-timestamp">2020-08-19 20:50:36.859</modDate>
  </com.dotmarketing.tag.model.TagInode>
  <com.dotmarketing.tag.model.TagInode>
    <inode>3a4fd59c-c666-48b2-858c-f62c45c33b75</inode>
    <tagId>6c7a56bf-006e-4f93-a092-1c1b905998a6</tagId>
    <fieldVarName>tag</fieldVarName>
    <modDate class="sql-timestamp">2020-08-19 21:08:00.517</modDate>
  </com.dotmarketing.tag.model.TagInode>
  <com.dotmarketing.tag.model.TagInode>
    <inode>3a4fd59c-c666-48b2-858c-f62c45c33b75</inode>
    <tagId>d20dca41-2a90-43f7-af90-19b0eaa42af1</tagId>
    <fieldVarName>tag</fieldVarName>
    <modDate class="sql-timestamp">2020-08-19 21:08:00.517</modDate>
  </com.dotmarketing.tag.model.TagInode>
  <com.dotmarketing.tag.model.TagInode>
    <inode>3a4fd59c-c666-48b2-858c-f62c45c33b75</inode>
    <tagId>df56f776-928f-4cb7-93f9-0ca242df928f</tagId>
    <fieldVarName>tag</fieldVarName>
    <modDate class="sql-timestamp">2020-08-19 21:08:00.516</modDate>
  </com.dotmarketing.tag.model.TagInode>
  <com.dotmarketing.tag.model.TagInode>
    <inode>4e2f21b9-94d9-4d33-a82d-45bb214d459c</inode>
    <tagId>6c7a56bf-006e-4f93-a092-1c1b905998a6</tagId>
    <fieldVarName>tag</fieldVarName>
    <modDate class="sql-timestamp">2020-08-18 23:31:30.58</modDate>
  </com.dotmarketing.tag.model.TagInode>
  <com.dotmarketing.tag.model.TagInode>
    <inode>4e2f21b9-94d9-4d33-a82d-45bb214d459c</inode>
    <tagId>d20dca41-2a90-43f7-af90-19b0eaa42af1</tagId>
    <fieldVarName>tag</fieldVarName>
    <modDate class="sql-timestamp">2020-08-18 23:31:30.579</modDate>
  </com.dotmarketing.tag.model.TagInode>
  <com.dotmarketing.tag.model.TagInode>
    <inode>4e2f21b9-94d9-4d33-a82d-45bb214d459c</inode>
    <tagId>df56f776-928f-4cb7-93f9-0ca242df928f</tagId>
    <fieldVarName>tag</fieldVarName>
    <modDate class="sql-timestamp">2020-08-18 23:31:30.578</modDate>
  </com.dotmarketing.tag.model.TagInode>
  <com.dotmarketing.tag.model.TagInode>
    <inode>73902a14-ed3d-4d34-bae0-ab62b9fc2105</inode>
    <tagId>6c7a56bf-006e-4f93-a092-1c1b905998a6</tagId>
    <fieldVarName>tag</fieldVarName>
    <modDate class="sql-timestamp">2020-08-18 23:31:29.634</modDate>
  </com.dotmarketing.tag.model.TagInode>
  <com.dotmarketing.tag.model.TagInode>
    <inode>73902a14-ed3d-4d34-bae0-ab62b9fc2105</inode>
    <tagId>d20dca41-2a90-43f7-af90-19b0eaa42af1</tagId>
    <fieldVarName>tag</fieldVarName>
    <modDate class="sql-timestamp">2020-08-18 23:31:29.633</modDate>
  </com.dotmarketing.tag.model.TagInode>
  <com.dotmarketing.tag.model.TagInode>
    <inode>73902a14-ed3d-4d34-bae0-ab62b9fc2105</inode>
    <tagId>df56f776-928f-4cb7-93f9-0ca242df928f</tagId>
    <fieldVarName>tag</fieldVarName>
    <modDate class="sql-timestamp">2020-08-18 23:31:29.633</modDate>
  </com.dotmarketing.tag.model.TagInode>
  <com.dotmarketing.tag.model.TagInode>
    <inode>92651e30-c822-456e-90f6-f572ab7bd5ec</inode>
    <tagId>6c7a56bf-006e-4f93-a092-1c1b905998a6</tagId>
    <fieldVarName>tag</fieldVarName>
    <modDate class="sql-timestamp">2020-08-19 20:49:35.671</modDate>
  </com.dotmarketing.tag.model.TagInode>
  <com.dotmarketing.tag.model.TagInode>
    <inode>92651e30-c822-456e-90f6-f572ab7bd5ec</inode>
    <tagId>d20dca41-2a90-43f7-af90-19b0eaa42af1</tagId>
    <fieldVarName>tag</fieldVarName>
    <modDate class="sql-timestamp">2020-08-19 20:49:35.67</modDate>
  </com.dotmarketing.tag.model.TagInode>
  <com.dotmarketing.tag.model.TagInode>
    <inode>92651e30-c822-456e-90f6-f572ab7bd5ec</inode>
    <tagId>df56f776-928f-4cb7-93f9-0ca242df928f</tagId>
    <fieldVarName>tag</fieldVarName>
    <modDate class="sql-timestamp">2020-08-19 20:49:35.669</modDate>
  </com.dotmarketing.tag.model.TagInode>
  <com.dotmarketing.tag.model.TagInode>
    <inode>997ff2a7-8bac-453c-93af-ef0dfa93989f</inode>
    <tagId>3477e8d8-b5b4-4d2c-be71-14b41dda6562</tagId>
    <fieldVarName>997ff2a7-8bac-453c-93af-ef0dfa93989f</fieldVarName>
    <modDate class="sql-timestamp">2020-08-18 23:27:05.011</modDate>
  </com.dotmarketing.tag.model.TagInode>
  <com.dotmarketing.tag.model.TagInode>
    <inode>997ff2a7-8bac-453c-93af-ef0dfa93989f</inode>
    <tagId>5626e743-6dc8-48df-af67-c21aa6c641cd</tagId>
    <fieldVarName>997ff2a7-8bac-453c-93af-ef0dfa93989f</fieldVarName>
    <modDate class="sql-timestamp">2020-08-18 23:00:51.656</modDate>
  </com.dotmarketing.tag.model.TagInode>
  <com.dotmarketing.tag.model.TagInode>
    <inode>997ff2a7-8bac-453c-93af-ef0dfa93989f</inode>
    <tagId>6c7a56bf-006e-4f93-a092-1c1b905998a6</tagId>
    <fieldVarName>997ff2a7-8bac-453c-93af-ef0dfa93989f</fieldVarName>
    <modDate class="sql-timestamp">2020-08-18 22:57:11.892</modDate>
  </com.dotmarketing.tag.model.TagInode>
  <com.dotmarketing.tag.model.TagInode>
    <inode>997ff2a7-8bac-453c-93af-ef0dfa93989f</inode>
    <tagId>7944f05c-82db-4849-b9f9-4b68f88293c4</tagId>
    <fieldVarName>997ff2a7-8bac-453c-93af-ef0dfa93989f</fieldVarName>
    <modDate class="sql-timestamp">2020-08-18 23:26:56.122</modDate>
  </com.dotmarketing.tag.model.TagInode>
  <com.dotmarketing.tag.model.TagInode>
    <inode>997ff2a7-8bac-453c-93af-ef0dfa93989f</inode>
    <tagId>a724108e-f475-4468-909e-2985b2225809</tagId>
    <fieldVarName>997ff2a7-8bac-453c-93af-ef0dfa93989f</fieldVarName>
    <modDate class="sql-timestamp">2020-08-18 23:00:44.264</modDate>
  </com.dotmarketing.tag.model.TagInode>
  <com.dotmarketing.tag.model.TagInode>
    <inode>997ff2a7-8bac-453c-93af-ef0dfa93989f</inode>
    <tagId>ba51b006-589c-424e-aff1-28ce1cb5e0de</tagId>
    <fieldVarName>997ff2a7-8bac-453c-93af-ef0dfa93989f</fieldVarName>
    <modDate class="sql-timestamp">2020-08-18 23:00:34.839</modDate>
  </com.dotmarketing.tag.model.TagInode>
  <com.dotmarketing.tag.model.TagInode>
    <inode>997ff2a7-8bac-453c-93af-ef0dfa93989f</inode>
    <tagId>d20dca41-2a90-43f7-af90-19b0eaa42af1</tagId>
    <fieldVarName>997ff2a7-8bac-453c-93af-ef0dfa93989f</fieldVarName>
    <modDate class="sql-timestamp">2020-08-18 22:56:50.56</modDate>
  </com.dotmarketing.tag.model.TagInode>
  <com.dotmarketing.tag.model.TagInode>
    <inode>997ff2a7-8bac-453c-93af-ef0dfa93989f</inode>
    <tagId>df56f776-928f-4cb7-93f9-0ca242df928f</tagId>
    <fieldVarName>997ff2a7-8bac-453c-93af-ef0dfa93989f</fieldVarName>
    <modDate class="sql-timestamp">2020-08-18 22:56:40.584</modDate>
  </com.dotmarketing.tag.model.TagInode>
  <com.dotmarketing.tag.model.TagInode>
    <inode>997ff2a7-8bac-453c-93af-ef0dfa93989f</inode>
    <tagId>e8c44c0e-af6a-4de2-b857-479e6930eb47</tagId>
    <fieldVarName>997ff2a7-8bac-453c-93af-ef0dfa93989f</fieldVarName>
    <modDate class="sql-timestamp">2020-08-18 23:26:50.725</modDate>
  </com.dotmarketing.tag.model.TagInode>
  <com.dotmarketing.tag.model.TagInode>
    <inode>ad89b3f5-206c-498b-b382-72f282683e3b</inode>
    <tagId>6c7a56bf-006e-4f93-a092-1c1b905998a6</tagId>
    <fieldVarName>tag</fieldVarName>
    <modDate class="sql-timestamp">2022-04-21 13:32:56.129</modDate>
  </com.dotmarketing.tag.model.TagInode>
  <com.dotmarketing.tag.model.TagInode>
    <inode>ad89b3f5-206c-498b-b382-72f282683e3b</inode>
    <tagId>d20dca41-2a90-43f7-af90-19b0eaa42af1</tagId>
    <fieldVarName>tag</fieldVarName>
    <modDate class="sql-timestamp">2022-04-21 13:32:56.128</modDate>
  </com.dotmarketing.tag.model.TagInode>
  <com.dotmarketing.tag.model.TagInode>
    <inode>ad89b3f5-206c-498b-b382-72f282683e3b</inode>
    <tagId>df56f776-928f-4cb7-93f9-0ca242df928f</tagId>
    <fieldVarName>tag</fieldVarName>
    <modDate class="sql-timestamp">2022-04-21 13:32:56.126</modDate>
  </com.dotmarketing.tag.model.TagInode>
  <com.dotmarketing.tag.model.TagInode>
    <inode>d5c46f74-a8d5-49b0-8b0b-153db84c335b</inode>
    <tagId>6c7a56bf-006e-4f93-a092-1c1b905998a6</tagId>
    <fieldVarName>tag</fieldVarName>
    <modDate class="sql-timestamp">2020-08-18 23:32:12.995</modDate>
  </com.dotmarketing.tag.model.TagInode>
  <com.dotmarketing.tag.model.TagInode>
    <inode>d5c46f74-a8d5-49b0-8b0b-153db84c335b</inode>
    <tagId>d20dca41-2a90-43f7-af90-19b0eaa42af1</tagId>
    <fieldVarName>tag</fieldVarName>
    <modDate class="sql-timestamp">2020-08-18 23:32:12.996</modDate>
  </com.dotmarketing.tag.model.TagInode>
  <com.dotmarketing.tag.model.TagInode>
    <inode>d5c46f74-a8d5-49b0-8b0b-153db84c335b</inode>
    <tagId>df56f776-928f-4cb7-93f9-0ca242df928f</tagId>
    <fieldVarName>tag</fieldVarName>
    <modDate class="sql-timestamp">2020-08-18 23:32:12.996</modDate>
  </com.dotmarketing.tag.model.TagInode>
</list>