<list>
  <com.dotmarketing.portlets.contentlet.model.ContentletVersionInfo>
    <identifier>00936535-4e3e-41db-89dd-79071df0a922</identifier>
    <liveInode>5bebe4b1-2277-4347-8b6c-7471e43cf019</liveInode>
    <workingInode>5bebe4b1-2277-4347-8b6c-7471e43cf019</workingInode>
    <lockedOn class="sql-timestamp">2020-09-24 15:41:50.85</lockedOn>
    <deleted>false</deleted>
    <versionTs class="sql-timestamp">2020-09-24 15:41:50.878</versionTs>
    <lang>1</lang>
  </com.dotmarketing.portlets.contentlet.model.ContentletVersionInfo>
  <com.dotmarketing.portlets.contentlet.model.ContentletVersionInfo>
    <identifier>0457e21a-dd52-46e4-a930-841ede543e6d</identifier>
    <liveInode>ae127dc4-cd1f-49f6-b082-eb5765aca00d</liveInode>
    <workingInode>ae127dc4-cd1f-49f6-b082-eb5765aca00d</workingInode>
    <lockedOn class="sql-timestamp">2020-09-24 15:41:51.541</lockedOn>
    <deleted>false</deleted>
    <versionTs class="sql-timestamp">2020-09-24 15:41:51.569</versionTs>
    <lang>1</lang>
  </com.dotmarketing.portlets.contentlet.model.ContentletVersionInfo>
  <com.dotmarketing.portlets.contentlet.model.ContentletVersionInfo>
    <identifier>04f6c7b6-71e7-48af-a43e-5196433b8e98</identifier>
    <liveInode>18f4fa9c-07ee-43e6-8707-f05701bea616</liveInode>
    <workingInode>18f4fa9c-07ee-43e6-8707-f05701bea616</workingInode>
    <lockedOn class="sql-timestamp">2020-09-24 15:41:52.184</lockedOn>
    <deleted>false</deleted>
    <versionTs class="sql-timestamp">2020-09-24 15:41:52.208</versionTs>
    <lang>1</lang>
  </com.dotmarketing.portlets.contentlet.model.ContentletVersionInfo>
  <com.dotmarketing.portlets.contentlet.model.ContentletVersionInfo>
    <identifier>04fff7aa-9bec-4c58-b3ff-c6ddd096ccc7</identifier>
    <liveInode>1d392214-800b-45e9-a7a3-66aa793c1573</liveInode>
    <workingInode>1d392214-800b-45e9-a7a3-66aa793c1573</workingInode>
    <lockedOn class="sql-timestamp">2020-09-24 15:41:50.892</lockedOn>
    <deleted>false</deleted>
    <versionTs class="sql-timestamp">2020-09-24 15:41:50.927</versionTs>
    <lang>1</lang>
  </com.dotmarketing.portlets.contentlet.model.ContentletVersionInfo>
  <com.dotmarketing.portlets.contentlet.model.ContentletVersionInfo>
    <identifier>07620465-972a-427c-a605-96d22e5cd4a4</identifier>
    <liveInode>8bdff721-e795-44fc-b4e6-602431f8dfac</liveInode>
    <workingInode>8bdff721-e795-44fc-b4e6-602431f8dfac</workingInode>
    <lockedOn class="sql-timestamp">2020-09-24 15:41:50.986</lockedOn>
    <deleted>false</deleted>
    <versionTs class="sql-timestamp">2020-09-24 15:41:51.007</versionTs>
    <lang>1</lang>
  </com.dotmarketing.portlets.contentlet.model.ContentletVersionInfo>
  <com.dotmarketing.portlets.contentlet.model.ContentletVersionInfo>
    <identifier>0cb263f8-fc9a-41dd-9d4d-12c096a3edb7</identifier>
    <liveInode>233676fc-93ab-4236-974a-cdb321bf6ea0</liveInode>
    <workingInode>233676fc-93ab-4236-974a-cdb321bf6ea0</workingInode>
    <lockedOn class="sql-timestamp">2020-09-24 15:41:51.963</lockedOn>
    <deleted>false</deleted>
    <versionTs class="sql-timestamp">2020-09-24 15:41:51.997</versionTs>
    <lang>1</lang>
  </com.dotmarketing.portlets.contentlet.model.ContentletVersionInfo>
  <com.dotmarketing.portlets.contentlet.model.ContentletVersionInfo>
    <identifier>145d96da-eb79-404b-abd9-637ce22793d6</identifier>
    <liveInode>0e0b0bbf-2251-4d8e-9f61-21dd89cea8cc</liveInode>
    <workingInode>0e0b0bbf-2251-4d8e-9f61-21dd89cea8cc</workingInode>
    <lockedOn class="sql-timestamp">2020-09-24 15:41:51.11</lockedOn>
    <deleted>false</deleted>
    <versionTs class="sql-timestamp">2020-09-24 15:41:51.137</versionTs>
    <lang>1</lang>
  </com.dotmarketing.portlets.contentlet.model.ContentletVersionInfo>
  <com.dotmarketing.portlets.contentlet.model.ContentletVersionInfo>
    <identifier>17ad2e83-a98e-4a2b-b237-f4583649e208</identifier>
    <liveInode>01ec3f3d-35bc-491a-b96c-5994f106c795</liveInode>
    <workingInode>01ec3f3d-35bc-491a-b96c-5994f106c795</workingInode>
    <lockedOn class="sql-timestamp">2020-09-24 15:41:50.626</lockedOn>
    <deleted>false</deleted>
    <versionTs class="sql-timestamp">2020-09-24 15:41:50.655</versionTs>
    <lang>1</lang>
  </com.dotmarketing.portlets.contentlet.model.ContentletVersionInfo>
  <com.dotmarketing.portlets.contentlet.model.ContentletVersionInfo>
    <identifier>182141ef-38d3-47de-9e34-63497fa6a56d</identifier>
    <liveInode>d4aa7fb8-d100-4279-a765-cd359ab4bd69</liveInode>
    <workingInode>d4aa7fb8-d100-4279-a765-cd359ab4bd69</workingInode>
    <lockedOn class="sql-timestamp">2020-09-24 15:41:52.433</lockedOn>
    <deleted>false</deleted>
    <versionTs class="sql-timestamp">2020-09-24 15:41:52.458</versionTs>
    <lang>1</lang>
  </com.dotmarketing.portlets.contentlet.model.ContentletVersionInfo>
  <com.dotmarketing.portlets.contentlet.model.ContentletVersionInfo>
    <identifier>1835fde6-75fb-4d6d-85ab-f517bb62533e</identifier>
    <liveInode>c296f1b9-0b7b-451e-8511-e7a6e82ed92f</liveInode>
    <workingInode>c296f1b9-0b7b-451e-8511-e7a6e82ed92f</workingInode>
    <lockedOn class="sql-timestamp">2020-09-24 15:41:48.907</lockedOn>
    <deleted>false</deleted>
    <versionTs class="sql-timestamp">2020-09-24 15:41:48.938</versionTs>
    <lang>1</lang>
  </com.dotmarketing.portlets.contentlet.model.ContentletVersionInfo>
  <com.dotmarketing.portlets.contentlet.model.ContentletVersionInfo>
    <identifier>1af8a8e4-9b15-4e1e-8510-a34b6e761a4d</identifier>
    <liveInode>e4076e55-ea35-4f86-b2c3-5848d1363d15</liveInode>
    <workingInode>e4076e55-ea35-4f86-b2c3-5848d1363d15</workingInode>
    <lockedOn class="sql-timestamp">2020-09-24 15:41:49.932</lockedOn>
    <deleted>false</deleted>
    <versionTs class="sql-timestamp">2020-09-24 15:41:49.956</versionTs>
    <lang>1</lang>
  </com.dotmarketing.portlets.contentlet.model.ContentletVersionInfo>
  <com.dotmarketing.portlets.contentlet.model.ContentletVersionInfo>
    <identifier>1d703e53-7d7b-4e95-ac75-59e7ec65e1aa</identifier>
    <liveInode>83ec08b7-45cf-4fa5-80ed-755acf20f55f</liveInode>
    <workingInode>83ec08b7-45cf-4fa5-80ed-755acf20f55f</workingInode>
    <lockedOn class="sql-timestamp">2020-09-24 15:41:52.27</lockedOn>
    <deleted>false</deleted>
    <versionTs class="sql-timestamp">2020-09-24 15:41:52.295</versionTs>
    <lang>1</lang>
  </com.dotmarketing.portlets.contentlet.model.ContentletVersionInfo>
  <com.dotmarketing.portlets.contentlet.model.ContentletVersionInfo>
    <identifier>25b59eee-2717-452c-9d0d-096041a2a0cb</identifier>
    <liveInode>cc4e6f55-894e-46f2-ae28-77cda8edab00</liveInode>
    <workingInode>cc4e6f55-894e-46f2-ae28-77cda8edab00</workingInode>
    <lockedOn class="sql-timestamp">2020-09-24 15:41:48.825</lockedOn>
    <deleted>false</deleted>
    <versionTs class="sql-timestamp">2020-09-24 15:41:48.871</versionTs>
    <lang>1</lang>
  </com.dotmarketing.portlets.contentlet.model.ContentletVersionInfo>
  <com.dotmarketing.portlets.contentlet.model.ContentletVersionInfo>
    <identifier>2939c35b-b549-4e7c-8210-8d6b2068fdd2</identifier>
    <liveInode>61a9a98c-056f-4f65-a279-ff7afef83235</liveInode>
    <workingInode>61a9a98c-056f-4f65-a279-ff7afef83235</workingInode>
    <lockedOn class="sql-timestamp">2020-09-24 15:41:51.885</lockedOn>
    <deleted>false</deleted>
    <versionTs class="sql-timestamp">2020-09-24 15:41:51.905</versionTs>
    <lang>1</lang>
  </com.dotmarketing.portlets.contentlet.model.ContentletVersionInfo>
  <com.dotmarketing.portlets.contentlet.model.ContentletVersionInfo>
    <identifier>295095d7-33cf-41c4-a280-de7a097bdba4</identifier>
    <liveInode>7167eed5-587a-487b-95cf-f3b8619a9b84</liveInode>
    <workingInode>7167eed5-587a-487b-95cf-f3b8619a9b84</workingInode>
    <lockedOn class="sql-timestamp">2020-09-24 15:41:51.583</lockedOn>
    <deleted>false</deleted>
    <versionTs class="sql-timestamp">2020-09-24 15:41:51.605</versionTs>
    <lang>1</lang>
  </com.dotmarketing.portlets.contentlet.model.ContentletVersionInfo>
  <com.dotmarketing.portlets.contentlet.model.ContentletVersionInfo>
    <identifier>2e963844-f544-4639-bac8-d505da9c27ff</identifier>
    <liveInode>d7d31b06-5a6a-4daa-b25a-118747125437</liveInode>
    <workingInode>d7d31b06-5a6a-4daa-b25a-118747125437</workingInode>
    <lockedOn class="sql-timestamp">2020-09-24 15:41:52.894</lockedOn>
    <deleted>false</deleted>
    <versionTs class="sql-timestamp">2020-09-24 15:41:52.919</versionTs>
    <lang>1</lang>
  </com.dotmarketing.portlets.contentlet.model.ContentletVersionInfo>
  <com.dotmarketing.portlets.contentlet.model.ContentletVersionInfo>
    <identifier>30c447bc-85b4-4448-a999-5ef74ac24fd5</identifier>
    <liveInode>a5163fee-e165-43a9-8dd4-84d30ad2b6d7</liveInode>
    <workingInode>a5163fee-e165-43a9-8dd4-84d30ad2b6d7</workingInode>
    <lockedOn class="sql-timestamp">2020-09-24 15:41:49.208</lockedOn>
    <deleted>false</deleted>
    <versionTs class="sql-timestamp">2020-09-24 15:41:49.236</versionTs>
    <lang>1</lang>
  </com.dotmarketing.portlets.contentlet.model.ContentletVersionInfo>
  <com.dotmarketing.portlets.contentlet.model.ContentletVersionInfo>
    <identifier>329840bd-fcac-4733-a4d1-abc9e5b45fb7</identifier>
    <liveInode>01d6af2b-8bb6-4d95-8726-512704321fb6</liveInode>
    <workingInode>01d6af2b-8bb6-4d95-8726-512704321fb6</workingInode>
    <lockedOn class="sql-timestamp">2020-09-24 15:41:49.978</lockedOn>
    <deleted>false</deleted>
    <versionTs class="sql-timestamp">2020-09-24 15:41:50.003</versionTs>
    <lang>1</lang>
  </com.dotmarketing.portlets.contentlet.model.ContentletVersionInfo>
  <com.dotmarketing.portlets.contentlet.model.ContentletVersionInfo>
    <identifier>39c09eab-5619-4652-afbf-06c3fef1a0ef</identifier>
    <liveInode>3a7f578f-28dc-4d4d-b0d2-91292e8738bd</liveInode>
    <workingInode>3a7f578f-28dc-4d4d-b0d2-91292e8738bd</workingInode>
    <lockedOn class="sql-timestamp">2020-09-24 15:41:52.698</lockedOn>
    <deleted>false</deleted>
    <versionTs class="sql-timestamp">2020-09-24 15:41:52.722</versionTs>
    <lang>1</lang>
  </com.dotmarketing.portlets.contentlet.model.ContentletVersionInfo>
  <com.dotmarketing.portlets.contentlet.model.ContentletVersionInfo>
    <identifier>3cc6beba-3f7f-4743-a514-511a746c9e6b</identifier>
    <liveInode>cca6deaa-67af-4a27-9d6b-d5772ca63fd3</liveInode>
    <workingInode>cca6deaa-67af-4a27-9d6b-d5772ca63fd3</workingInode>
    <lockedOn class="sql-timestamp">2020-09-24 15:41:49.06</lockedOn>
    <deleted>false</deleted>
    <versionTs class="sql-timestamp">2020-09-24 15:41:49.087</versionTs>
    <lang>1</lang>
  </com.dotmarketing.portlets.contentlet.model.ContentletVersionInfo>
  <com.dotmarketing.portlets.contentlet.model.ContentletVersionInfo>
    <identifier>3df5be31-6b29-47f2-82e6-a401f248780e</identifier>
    <liveInode>af488743-bc4b-4ce7-823c-c2c85f8341d9</liveInode>
    <workingInode>af488743-bc4b-4ce7-823c-c2c85f8341d9</workingInode>
    <lockedOn class="sql-timestamp">2020-09-24 15:41:48.957</lockedOn>
    <deleted>false</deleted>
    <versionTs class="sql-timestamp">2020-09-24 15:41:48.99</versionTs>
    <lang>1</lang>
  </com.dotmarketing.portlets.contentlet.model.ContentletVersionInfo>
  <com.dotmarketing.portlets.contentlet.model.ContentletVersionInfo>
    <identifier>436170c9-22e6-4147-9187-10c651ffccb2</identifier>
    <liveInode>1d58fb7c-8fc0-46f5-9356-c27deec0c0ad</liveInode>
    <workingInode>1d58fb7c-8fc0-46f5-9356-c27deec0c0ad</workingInode>
    <lockedOn class="sql-timestamp">2020-09-24 15:41:52.393</lockedOn>
    <deleted>false</deleted>
    <versionTs class="sql-timestamp">2020-09-24 15:41:52.414</versionTs>
    <lang>1</lang>
  </com.dotmarketing.portlets.contentlet.model.ContentletVersionInfo>
  <com.dotmarketing.portlets.contentlet.model.ContentletVersionInfo>
    <identifier>45068d97-dba0-4065-b849-8f36043541b1</identifier>
    <liveInode>0e42cfaf-ab59-4aab-8d0e-75e717203a55</liveInode>
    <workingInode>0e42cfaf-ab59-4aab-8d0e-75e717203a55</workingInode>
    <lockedOn class="sql-timestamp">2020-09-24 15:41:48.479</lockedOn>
    <deleted>false</deleted>
    <versionTs class="sql-timestamp">2020-09-24 15:41:48.519</versionTs>
    <lang>1</lang>
  </com.dotmarketing.portlets.contentlet.model.ContentletVersionInfo>
  <com.dotmarketing.portlets.contentlet.model.ContentletVersionInfo>
    <identifier>4664c720-2910-45a3-81ff-bcbf147150b3</identifier>
    <liveInode>20d1891b-c8dc-4640-96cc-6cab0d3fddf5</liveInode>
    <workingInode>20d1891b-c8dc-4640-96cc-6cab0d3fddf5</workingInode>
    <lockedOn class="sql-timestamp">2020-09-24 15:41:51.806</lockedOn>
    <deleted>false</deleted>
    <versionTs class="sql-timestamp">2020-09-24 15:41:51.831</versionTs>
    <lang>1</lang>
  </com.dotmarketing.portlets.contentlet.model.ContentletVersionInfo>
  <com.dotmarketing.portlets.contentlet.model.ContentletVersionInfo>
    <identifier>481143f4-f5f4-4c82-bd23-7944c6c02df2</identifier>
    <liveInode>9aff4ad7-4908-4ad1-a4db-2bcb45418e26</liveInode>
    <workingInode>9aff4ad7-4908-4ad1-a4db-2bcb45418e26</workingInode>
    <lockedOn class="sql-timestamp">2020-09-24 15:41:49.011</lockedOn>
    <deleted>false</deleted>
    <versionTs class="sql-timestamp">2020-09-24 15:41:49.037</versionTs>
    <lang>1</lang>
  </com.dotmarketing.portlets.contentlet.model.ContentletVersionInfo>
  <com.dotmarketing.portlets.contentlet.model.ContentletVersionInfo>
    <identifier>4b61d45a-9610-4af3-b9d9-82aa47e6df04</identifier>
    <liveInode>0bd2d4a7-b431-470b-88ef-64d55ee4a415</liveInode>
    <workingInode>0bd2d4a7-b431-470b-88ef-64d55ee4a415</workingInode>
    <lockedOn class="sql-timestamp">2021-01-12 14:49:15.878</lockedOn>
    <deleted>false</deleted>
    <versionTs class="sql-timestamp">2021-01-12 14:49:15.896</versionTs>
    <lang>1</lang>
  </com.dotmarketing.portlets.contentlet.model.ContentletVersionInfo>
  <com.dotmarketing.portlets.contentlet.model.ContentletVersionInfo>
    <identifier>4c7fac47-a4be-4928-8672-022e8806138d</identifier>
    <liveInode>0ab3fd7a-abee-4659-86a8-b9d34dddd2dc</liveInode>
    <workingInode>0ab3fd7a-abee-4659-86a8-b9d34dddd2dc</workingInode>
    <lockedOn class="sql-timestamp">2020-09-24 15:41:51.254</lockedOn>
    <deleted>false</deleted>
    <versionTs class="sql-timestamp">2020-09-24 15:41:51.278</versionTs>
    <lang>1</lang>
  </com.dotmarketing.portlets.contentlet.model.ContentletVersionInfo>
  <com.dotmarketing.portlets.contentlet.model.ContentletVersionInfo>
    <identifier>4ddc4719-c6d3-4559-9bf9-1c626074deb8</identifier>
    <liveInode>36011848-75dd-4c20-a8f6-5cc3db9ee569</liveInode>
    <workingInode>36011848-75dd-4c20-a8f6-5cc3db9ee569</workingInode>
    <lockedOn class="sql-timestamp">2020-09-24 15:41:51.762</lockedOn>
    <deleted>false</deleted>
    <versionTs class="sql-timestamp">2020-09-24 15:41:51.791</versionTs>
    <lang>1</lang>
  </com.dotmarketing.portlets.contentlet.model.ContentletVersionInfo>
  <com.dotmarketing.portlets.contentlet.model.ContentletVersionInfo>
    <identifier>5033c107-4a97-4cf6-9cf9-ede637c3231b</identifier>
    <liveInode>754d2e0d-d3f7-4e7e-b6ab-e3d56819a0d4</liveInode>
    <workingInode>754d2e0d-d3f7-4e7e-b6ab-e3d56819a0d4</workingInode>
    <lockedOn class="sql-timestamp">2020-09-24 15:41:50.415</lockedOn>
    <deleted>false</deleted>
    <versionTs class="sql-timestamp">2020-09-24 15:41:50.439</versionTs>
    <lang>1</lang>
  </com.dotmarketing.portlets.contentlet.model.ContentletVersionInfo>
  <com.dotmarketing.portlets.contentlet.model.ContentletVersionInfo>
    <identifier>51a795dc-91c1-4dfd-89e7-f84a13e77b8c</identifier>
    <liveInode>d182a100-d34a-48cb-9a96-e1d92dad8349</liveInode>
    <workingInode>d182a100-d34a-48cb-9a96-e1d92dad8349</workingInode>
    <lockedOn class="sql-timestamp">2020-09-24 15:41:50.325</lockedOn>
    <deleted>false</deleted>
    <versionTs class="sql-timestamp">2020-09-24 15:41:50.346</versionTs>
    <lang>1</lang>
  </com.dotmarketing.portlets.contentlet.model.ContentletVersionInfo>
  <com.dotmarketing.portlets.contentlet.model.ContentletVersionInfo>
    <identifier>533a63a3-d9c7-457b-b9c3-3ced3ee5d97c</identifier>
    <liveInode>c8b80c90-2f36-4417-8f0b-a87d7f83fe74</liveInode>
    <workingInode>c8b80c90-2f36-4417-8f0b-a87d7f83fe74</workingInode>
    <lockedOn class="sql-timestamp">2020-09-24 15:41:52.651</lockedOn>
    <deleted>false</deleted>
    <versionTs class="sql-timestamp">2020-09-24 15:41:52.68</versionTs>
    <lang>1</lang>
  </com.dotmarketing.portlets.contentlet.model.ContentletVersionInfo>
  <com.dotmarketing.portlets.contentlet.model.ContentletVersionInfo>
    <identifier>5479f45d-9682-4dbe-8409-6ae2126081b8</identifier>
    <liveInode>6007290b-1f83-477a-9cf9-05b58eee9223</liveInode>
    <workingInode>6007290b-1f83-477a-9cf9-05b58eee9223</workingInode>
    <lockedOn class="sql-timestamp">2020-09-24 15:41:52.852</lockedOn>
    <deleted>false</deleted>
    <versionTs class="sql-timestamp">2020-09-24 15:41:52.872</versionTs>
    <lang>1</lang>
  </com.dotmarketing.portlets.contentlet.model.ContentletVersionInfo>
  <com.dotmarketing.portlets.contentlet.model.ContentletVersionInfo>
    <identifier>54f3b57b-6efd-4a3a-a8ca-ba53ab1638a3</identifier>
    <liveInode>cd82043f-bb8e-4042-87f0-d9763ffba63e</liveInode>
    <workingInode>cd82043f-bb8e-4042-87f0-d9763ffba63e</workingInode>
    <lockedOn class="sql-timestamp">2020-09-24 15:41:49.701</lockedOn>
    <deleted>false</deleted>
    <versionTs class="sql-timestamp">2020-09-24 15:41:49.72</versionTs>
    <lang>1</lang>
  </com.dotmarketing.portlets.contentlet.model.ContentletVersionInfo>
  <com.dotmarketing.portlets.contentlet.model.ContentletVersionInfo>
    <identifier>5c8fcc05-bbe3-435a-8ba9-d5d9e6a5a2f8</identifier>
    <liveInode>2a645211-32b0-4288-9bec-3639b2b7cdad</liveInode>
    <workingInode>2a645211-32b0-4288-9bec-3639b2b7cdad</workingInode>
    <lockedOn class="sql-timestamp">2020-09-24 15:41:50.576</lockedOn>
    <deleted>false</deleted>
    <versionTs class="sql-timestamp">2020-09-24 15:41:50.6</versionTs>
    <lang>1</lang>
  </com.dotmarketing.portlets.contentlet.model.ContentletVersionInfo>
  <com.dotmarketing.portlets.contentlet.model.ContentletVersionInfo>
    <identifier>5f10302c-f189-4b00-a750-f2c79eae1ab6</identifier>
    <liveInode>bd7b9425-654d-4d51-9788-d25c8836ea34</liveInode>
    <workingInode>bd7b9425-654d-4d51-9788-d25c8836ea34</workingInode>
    <lockedOn class="sql-timestamp">2020-09-24 15:41:49.791</lockedOn>
    <deleted>false</deleted>
    <versionTs class="sql-timestamp">2020-09-24 15:41:49.814</versionTs>
    <lang>1</lang>
  </com.dotmarketing.portlets.contentlet.model.ContentletVersionInfo>
  <com.dotmarketing.portlets.contentlet.model.ContentletVersionInfo>
    <identifier>70696720-cd37-4545-bcd7-af6deff6b54d</identifier>
    <liveInode>117b00e1-987b-44d3-bf11-2bd66302e286</liveInode>
    <workingInode>117b00e1-987b-44d3-bf11-2bd66302e286</workingInode>
    <lockedOn class="sql-timestamp">2020-09-24 15:41:49.526</lockedOn>
    <deleted>false</deleted>
    <versionTs class="sql-timestamp">2020-09-24 15:41:49.553</versionTs>
    <lang>1</lang>
  </com.dotmarketing.portlets.contentlet.model.ContentletVersionInfo>
  <com.dotmarketing.portlets.contentlet.model.ContentletVersionInfo>
    <identifier>7256ff3d-90e0-428b-b24b-5d8a06360149</identifier>
    <liveInode>45130957-62bf-414c-b532-33fed49d23ad</liveInode>
    <workingInode>45130957-62bf-414c-b532-33fed49d23ad</workingInode>
    <lockedOn class="sql-timestamp">2020-09-24 15:41:51.458</lockedOn>
    <deleted>false</deleted>
    <versionTs class="sql-timestamp">2020-09-24 15:41:51.482</versionTs>
    <lang>1</lang>
  </com.dotmarketing.portlets.contentlet.model.ContentletVersionInfo>
  <com.dotmarketing.portlets.contentlet.model.ContentletVersionInfo>
    <identifier>74169d95-cee6-4d68-ad01-1f2819af8a71</identifier>
    <liveInode>191c083d-9bd6-491a-9831-4de9bac45388</liveInode>
    <workingInode>191c083d-9bd6-491a-9831-4de9bac45388</workingInode>
    <lockedOn class="sql-timestamp">2020-09-24 15:41:52.103</lockedOn>
    <deleted>false</deleted>
    <versionTs class="sql-timestamp">2020-09-24 15:41:52.129</versionTs>
    <lang>1</lang>
  </com.dotmarketing.portlets.contentlet.model.ContentletVersionInfo>
  <com.dotmarketing.portlets.contentlet.model.ContentletVersionInfo>
    <identifier>76895276-c4d7-4816-ae51-45fa5e012e4c</identifier>
    <liveInode>cf2a047c-cccb-47c7-8790-a7f88cee2cbb</liveInode>
    <workingInode>cf2a047c-cccb-47c7-8790-a7f88cee2cbb</workingInode>
    <lockedOn class="sql-timestamp">2020-09-24 15:41:51.416</lockedOn>
    <deleted>false</deleted>
    <versionTs class="sql-timestamp">2020-09-24 15:41:51.442</versionTs>
    <lang>1</lang>
  </com.dotmarketing.portlets.contentlet.model.ContentletVersionInfo>
  <com.dotmarketing.portlets.contentlet.model.ContentletVersionInfo>
    <identifier>77092888-a31b-48be-835f-f8e9a189dcd8</identifier>
    <liveInode>7f37fd44-72cf-4f53-b429-c692736c35ab</liveInode>
    <workingInode>7f37fd44-72cf-4f53-b429-c692736c35ab</workingInode>
    <lockedOn class="sql-timestamp">2020-09-24 15:41:51.335</lockedOn>
    <deleted>false</deleted>
    <versionTs class="sql-timestamp">2020-09-24 15:41:51.355</versionTs>
    <lang>1</lang>
  </com.dotmarketing.portlets.contentlet.model.ContentletVersionInfo>
  <com.dotmarketing.portlets.contentlet.model.ContentletVersionInfo>
    <identifier>771492f6-74c5-4024-b2ea-decbadc1918e</identifier>
    <liveInode>3c7d485f-1946-4ea2-a5b9-6e4b9f23f0e6</liveInode>
    <workingInode>3c7d485f-1946-4ea2-a5b9-6e4b9f23f0e6</workingInode>
    <lockedOn class="sql-timestamp">2021-01-12 14:48:59.341</lockedOn>
    <deleted>false</deleted>
    <versionTs class="sql-timestamp">2021-01-12 14:48:59.385</versionTs>
    <lang>1</lang>
  </com.dotmarketing.portlets.contentlet.model.ContentletVersionInfo>
  <com.dotmarketing.portlets.contentlet.model.ContentletVersionInfo>
    <identifier>7b42490a-ca04-4964-96cd-5797cd5dea5e</identifier>
    <liveInode>e63061e1-adff-4acc-b790-a80b39d9e3d3</liveInode>
    <workingInode>e63061e1-adff-4acc-b790-a80b39d9e3d3</workingInode>
    <lockedOn class="sql-timestamp">2020-09-24 15:41:52.813</lockedOn>
    <deleted>false</deleted>
    <versionTs class="sql-timestamp">2020-09-24 15:41:52.836</versionTs>
    <lang>1</lang>
  </com.dotmarketing.portlets.contentlet.model.ContentletVersionInfo>
  <com.dotmarketing.portlets.contentlet.model.ContentletVersionInfo>
    <identifier>7f04a7d3-f29e-45c3-b175-8d57a36c5c60</identifier>
    <liveInode>73087b43-aab8-4fa7-81ac-170e25460de2</liveInode>
    <workingInode>73087b43-aab8-4fa7-81ac-170e25460de2</workingInode>
    <lockedOn class="sql-timestamp">2020-09-24 15:41:50.46</lockedOn>
    <deleted>false</deleted>
    <versionTs class="sql-timestamp">2020-09-24 15:41:50.48</versionTs>
    <lang>1</lang>
  </com.dotmarketing.portlets.contentlet.model.ContentletVersionInfo>
  <com.dotmarketing.portlets.contentlet.model.ContentletVersionInfo>
    <identifier>7f2e5327-50ba-4e86-8606-f24766e6f04e</identifier>
    <liveInode>91d38226-734e-4453-8583-9be8ce24e296</liveInode>
    <workingInode>91d38226-734e-4453-8583-9be8ce24e296</workingInode>
    <lockedOn class="sql-timestamp">2020-09-24 15:41:49.835</lockedOn>
    <deleted>false</deleted>
    <versionTs class="sql-timestamp">2020-09-24 15:41:49.862</versionTs>
    <lang>1</lang>
  </com.dotmarketing.portlets.contentlet.model.ContentletVersionInfo>
  <com.dotmarketing.portlets.contentlet.model.ContentletVersionInfo>
    <identifier>82d4ee61-3038-4e24-9e5f-a5adf97f3636</identifier>
    <liveInode>0ff5d210-671c-4311-b838-905b19d9a611</liveInode>
    <workingInode>0ff5d210-671c-4311-b838-905b19d9a611</workingInode>
    <lockedOn class="sql-timestamp">2020-09-24 15:41:48.744</lockedOn>
    <deleted>false</deleted>
    <versionTs class="sql-timestamp">2020-09-24 15:41:48.788</versionTs>
    <lang>1</lang>
  </com.dotmarketing.portlets.contentlet.model.ContentletVersionInfo>
  <com.dotmarketing.portlets.contentlet.model.ContentletVersionInfo>
    <identifier>85850462-a89b-454f-8421-5317c342da25</identifier>
    <liveInode>ad9888c2-316b-4900-9e25-2eebfabad2b6</liveInode>
    <workingInode>ad9888c2-316b-4900-9e25-2eebfabad2b6</workingInode>
    <lockedOn class="sql-timestamp">2020-09-24 15:41:50.193</lockedOn>
    <deleted>false</deleted>
    <versionTs class="sql-timestamp">2020-09-24 15:41:50.223</versionTs>
    <lang>1</lang>
  </com.dotmarketing.portlets.contentlet.model.ContentletVersionInfo>
  <com.dotmarketing.portlets.contentlet.model.ContentletVersionInfo>
    <identifier>865eef77-181a-4c0f-886f-6af79fa30744</identifier>
    <liveInode>703064ad-1be8-48b1-b6c9-535ac268efe3</liveInode>
    <workingInode>703064ad-1be8-48b1-b6c9-535ac268efe3</workingInode>
    <lockedOn class="sql-timestamp">2020-09-24 15:41:50.135</lockedOn>
    <deleted>false</deleted>
    <versionTs class="sql-timestamp">2020-09-24 15:41:50.166</versionTs>
    <lang>1</lang>
  </com.dotmarketing.portlets.contentlet.model.ContentletVersionInfo>
  <com.dotmarketing.portlets.contentlet.model.ContentletVersionInfo>
    <identifier>8a5ad304-e6e3-432c-ae38-6a6dd13722ea</identifier>
    <liveInode>b7077655-f279-4a75-8abe-bb2e2c88c677</liveInode>
    <workingInode>b7077655-f279-4a75-8abe-bb2e2c88c677</workingInode>
    <lockedOn class="sql-timestamp">2020-09-24 15:41:49.262</lockedOn>
    <deleted>false</deleted>
    <versionTs class="sql-timestamp">2020-09-24 15:41:49.289</versionTs>
    <lang>1</lang>
  </com.dotmarketing.portlets.contentlet.model.ContentletVersionInfo>
  <com.dotmarketing.portlets.contentlet.model.ContentletVersionInfo>
    <identifier>8a602009-9d4c-4657-8202-48dd010bf3c4</identifier>
    <liveInode>6061306a-d389-4ca9-9b16-796c97a086a1</liveInode>
    <workingInode>6061306a-d389-4ca9-9b16-796c97a086a1</workingInode>
    <lockedOn class="sql-timestamp">2020-09-24 15:41:50.496</lockedOn>
    <deleted>false</deleted>
    <versionTs class="sql-timestamp">2020-09-24 15:41:50.52</versionTs>
    <lang>1</lang>
  </com.dotmarketing.portlets.contentlet.model.ContentletVersionInfo>
  <com.dotmarketing.portlets.contentlet.model.ContentletVersionInfo>
    <identifier>8a7d5e23-da1e-420a-b4f0-471e7da8ea2d</identifier>
    <liveInode>1b407535-67e3-4f21-ad00-8ef5ef492d64</liveInode>
    <workingInode>1b407535-67e3-4f21-ad00-8ef5ef492d64</workingInode>
    <lockedBy>dotcms.org.1</lockedBy>
    <lockedOn class="sql-timestamp">2020-04-20 20:28:30.733</lockedOn>
    <deleted>false</deleted>
    <versionTs class="sql-timestamp">2020-04-20 20:28:30.955</versionTs>
    <lang>1</lang>
  </com.dotmarketing.portlets.contentlet.model.ContentletVersionInfo>
  <com.dotmarketing.portlets.contentlet.model.ContentletVersionInfo>
    <identifier>8da5e109-4165-4e16-98a0-0878d9325cd0</identifier>
    <liveInode>8588f6bd-c7e3-4e96-9386-3a96b683bc93</liveInode>
    <workingInode>8588f6bd-c7e3-4e96-9386-3a96b683bc93</workingInode>
    <lockedOn class="sql-timestamp">2020-09-24 15:41:52.227</lockedOn>
    <deleted>false</deleted>
    <versionTs class="sql-timestamp">2020-09-24 15:41:52.254</versionTs>
    <lang>1</lang>
  </com.dotmarketing.portlets.contentlet.model.ContentletVersionInfo>
  <com.dotmarketing.portlets.contentlet.model.ContentletVersionInfo>
    <identifier>8dd7c9b2-a689-4622-96c4-60791a8967db</identifier>
    <liveInode>33306246-7c7e-4ac3-a34a-d9bc8556c4ce</liveInode>
    <workingInode>33306246-7c7e-4ac3-a34a-d9bc8556c4ce</workingInode>
    <lockedOn class="sql-timestamp">2020-09-24 15:41:51.848</lockedOn>
    <deleted>false</deleted>
    <versionTs class="sql-timestamp">2020-09-24 15:41:51.871</versionTs>
    <lang>1</lang>
  </com.dotmarketing.portlets.contentlet.model.ContentletVersionInfo>
  <com.dotmarketing.portlets.contentlet.model.ContentletVersionInfo>
    <identifier>92614528-8d41-4874-9475-0c9dc00fbab6</identifier>
    <liveInode>2eb06f6c-e60c-412f-86e5-54d33590707a</liveInode>
    <workingInode>2eb06f6c-e60c-412f-86e5-54d33590707a</workingInode>
    <lockedOn class="sql-timestamp">2020-09-24 15:41:50.083</lockedOn>
    <deleted>false</deleted>
    <versionTs class="sql-timestamp">2020-09-24 15:41:50.111</versionTs>
    <lang>1</lang>
  </com.dotmarketing.portlets.contentlet.model.ContentletVersionInfo>
  <com.dotmarketing.portlets.contentlet.model.ContentletVersionInfo>
    <identifier>9279dd4d-d993-4f6a-9a5b-531123b36c77</identifier>
    <liveInode>434b02b9-6953-4d80-89ac-357340fcc6e8</liveInode>
    <workingInode>434b02b9-6953-4d80-89ac-357340fcc6e8</workingInode>
    <lockedOn class="sql-timestamp">2020-09-24 15:41:50.026</lockedOn>
    <deleted>false</deleted>
    <versionTs class="sql-timestamp">2020-09-24 15:41:50.057</versionTs>
    <lang>1</lang>
  </com.dotmarketing.portlets.contentlet.model.ContentletVersionInfo>
  <com.dotmarketing.portlets.contentlet.model.ContentletVersionInfo>
    <identifier>96f4a7ad-1cce-448a-85ba-05bb60019cc0</identifier>
    <liveInode>647b2bee-493f-42f6-9ac7-2561c2e49031</liveInode>
    <workingInode>647b2bee-493f-42f6-9ac7-2561c2e49031</workingInode>
    <lockedOn class="sql-timestamp">2020-09-24 15:41:48.156</lockedOn>
    <deleted>false</deleted>
    <versionTs class="sql-timestamp">2020-09-24 15:41:48.211</versionTs>
    <lang>1</lang>
  </com.dotmarketing.portlets.contentlet.model.ContentletVersionInfo>
  <com.dotmarketing.portlets.contentlet.model.ContentletVersionInfo>
    <identifier>975fa960-0e83-482b-bb94-73e530b5aa2d</identifier>
    <liveInode>ef061afd-c61a-43a2-ba15-1c97e7178ac8</liveInode>
    <workingInode>ef061afd-c61a-43a2-ba15-1c97e7178ac8</workingInode>
    <lockedOn class="sql-timestamp">2020-09-24 15:41:52.74</lockedOn>
    <deleted>false</deleted>
    <versionTs class="sql-timestamp">2020-09-24 15:41:52.766</versionTs>
    <lang>1</lang>
  </com.dotmarketing.portlets.contentlet.model.ContentletVersionInfo>
  <com.dotmarketing.portlets.contentlet.model.ContentletVersionInfo>
    <identifier>991ba2c3-fd32-49e7-a52d-90f67ab36ffe</identifier>
    <liveInode>eecd4b5c-1d39-4db2-a996-83b921b9021b</liveInode>
    <workingInode>eecd4b5c-1d39-4db2-a996-83b921b9021b</workingInode>
    <lockedOn class="sql-timestamp">2020-09-24 15:41:51.622</lockedOn>
    <deleted>false</deleted>
    <versionTs class="sql-timestamp">2020-09-24 15:41:51.652</versionTs>
    <lang>1</lang>
  </com.dotmarketing.portlets.contentlet.model.ContentletVersionInfo>
  <com.dotmarketing.portlets.contentlet.model.ContentletVersionInfo>
    <identifier>99f5600c-35e3-450e-ac45-1511b979e742</identifier>
    <liveInode>3aca5d4f-5738-450b-8605-6ceefe0e8b51</liveInode>
    <workingInode>3aca5d4f-5738-450b-8605-6ceefe0e8b51</workingInode>
    <lockedOn class="sql-timestamp">2020-09-24 15:41:52.36</lockedOn>
    <deleted>false</deleted>
    <versionTs class="sql-timestamp">2020-09-24 15:41:52.379</versionTs>
    <lang>1</lang>
  </com.dotmarketing.portlets.contentlet.model.ContentletVersionInfo>
  <com.dotmarketing.portlets.contentlet.model.ContentletVersionInfo>
    <identifier>9b138a0a-173c-43d6-8833-62aaf8f79db5</identifier>
    <liveInode>223c1379-5575-4a32-9dba-a86bb9f3d49b</liveInode>
    <workingInode>223c1379-5575-4a32-9dba-a86bb9f3d49b</workingInode>
    <lockedOn class="sql-timestamp">2020-09-24 15:41:51.673</lockedOn>
    <deleted>false</deleted>
    <versionTs class="sql-timestamp">2020-09-24 15:41:51.699</versionTs>
    <lang>1</lang>
  </com.dotmarketing.portlets.contentlet.model.ContentletVersionInfo>
  <com.dotmarketing.portlets.contentlet.model.ContentletVersionInfo>
    <identifier>9b558d78-625c-48ec-a84b-72b5ba66fb6e</identifier>
    <liveInode>39d7abae-d898-4e61-8d4a-2f333564975a</liveInode>
    <workingInode>39d7abae-d898-4e61-8d4a-2f333564975a</workingInode>
    <lockedOn class="sql-timestamp">2020-09-24 15:41:49.109</lockedOn>
    <deleted>false</deleted>
    <versionTs class="sql-timestamp">2020-09-24 15:41:49.139</versionTs>
    <lang>1</lang>
  </com.dotmarketing.portlets.contentlet.model.ContentletVersionInfo>
  <com.dotmarketing.portlets.contentlet.model.ContentletVersionInfo>
    <identifier>a1ed2923-28de-40fd-baad-0ba2e46fdc55</identifier>
    <liveInode>ff771537-fccc-4af2-9df4-8fd9b7207eb5</liveInode>
    <workingInode>ff771537-fccc-4af2-9df4-8fd9b7207eb5</workingInode>
    <lockedOn class="sql-timestamp">2020-09-24 15:41:51.295</lockedOn>
    <deleted>false</deleted>
    <versionTs class="sql-timestamp">2020-09-24 15:41:51.32</versionTs>
    <lang>1</lang>
  </com.dotmarketing.portlets.contentlet.model.ContentletVersionInfo>
  <com.dotmarketing.portlets.contentlet.model.ContentletVersionInfo>
    <identifier>a8c648a9-7355-4b0e-b769-37785a43f86b</identifier>
    <liveInode>dd94258a-1651-4c9b-94c5-77c3330692e2</liveInode>
    <workingInode>dd94258a-1651-4c9b-94c5-77c3330692e2</workingInode>
    <lockedOn class="sql-timestamp">2020-09-24 15:41:51.718</lockedOn>
    <deleted>false</deleted>
    <versionTs class="sql-timestamp">2020-09-24 15:41:51.741</versionTs>
    <lang>1</lang>
  </com.dotmarketing.portlets.contentlet.model.ContentletVersionInfo>
  <com.dotmarketing.portlets.contentlet.model.ContentletVersionInfo>
    <identifier>a9dd8408-0652-4bed-ae5b-8e70f8a2464a</identifier>
    <liveInode>e92f7073-16b5-48b3-929a-32ca055391ca</liveInode>
    <workingInode>e92f7073-16b5-48b3-929a-32ca055391ca</workingInode>
    <lockedOn class="sql-timestamp">2020-09-24 15:41:51.024</lockedOn>
    <deleted>false</deleted>
    <versionTs class="sql-timestamp">2020-09-24 15:41:51.047</versionTs>
    <lang>1</lang>
  </com.dotmarketing.portlets.contentlet.model.ContentletVersionInfo>
  <com.dotmarketing.portlets.contentlet.model.ContentletVersionInfo>
    <identifier>aa36b6d0-aa85-4947-bdee-5b95ff38a2a0</identifier>
    <liveInode>0275f2f2-7f77-4299-a219-cfc220ea6a41</liveInode>
    <workingInode>0275f2f2-7f77-4299-a219-cfc220ea6a41</workingInode>
    <lockedOn class="sql-timestamp">2020-09-24 15:41:49.363</lockedOn>
    <deleted>false</deleted>
    <versionTs class="sql-timestamp">2020-09-24 15:41:49.386</versionTs>
    <lang>1</lang>
  </com.dotmarketing.portlets.contentlet.model.ContentletVersionInfo>
  <com.dotmarketing.portlets.contentlet.model.ContentletVersionInfo>
    <identifier>ac5bf899-5cea-47a7-83d8-0a6bcd2e8ecf</identifier>
    <liveInode>1975d644-ceeb-409a-aa2d-860172213ec8</liveInode>
    <workingInode>1975d644-ceeb-409a-aa2d-860172213ec8</workingInode>
    <lockedOn class="sql-timestamp">2020-09-24 15:41:49.41</lockedOn>
    <deleted>false</deleted>
    <versionTs class="sql-timestamp">2020-09-24 15:41:49.444</versionTs>
    <lang>1</lang>
  </com.dotmarketing.portlets.contentlet.model.ContentletVersionInfo>
  <com.dotmarketing.portlets.contentlet.model.ContentletVersionInfo>
    <identifier>ad95f54d-2a11-454c-8026-720377f5cab9</identifier>
    <liveInode>d29dfff4-4593-4848-855d-2643bb96afc1</liveInode>
    <workingInode>d29dfff4-4593-4848-855d-2643bb96afc1</workingInode>
    <lockedOn class="sql-timestamp">2021-01-12 14:49:28.694</lockedOn>
    <deleted>false</deleted>
    <versionTs class="sql-timestamp">2021-01-12 14:49:28.714</versionTs>
    <lang>1</lang>
  </com.dotmarketing.portlets.contentlet.model.ContentletVersionInfo>
  <com.dotmarketing.portlets.contentlet.model.ContentletVersionInfo>
    <identifier>adddbc0d-0ca6-4643-b6f8-d44a2bfa8b22</identifier>
    <liveInode>d85b3929-0de9-4319-8e78-2e925a349f10</liveInode>
    <workingInode>d85b3929-0de9-4319-8e78-2e925a349f10</workingInode>
    <lockedOn class="sql-timestamp">2020-09-24 15:41:49.16</lockedOn>
    <deleted>false</deleted>
    <versionTs class="sql-timestamp">2020-09-24 15:41:49.187</versionTs>
    <lang>1</lang>
  </com.dotmarketing.portlets.contentlet.model.ContentletVersionInfo>
  <com.dotmarketing.portlets.contentlet.model.ContentletVersionInfo>
    <identifier>ae2397ea-d569-42a1-88b8-2fef83f2049c</identifier>
    <liveInode>8daf3b70-af47-4e93-89f4-c21a7e7276a1</liveInode>
    <workingInode>8daf3b70-af47-4e93-89f4-c21a7e7276a1</workingInode>
    <lockedOn class="sql-timestamp">2020-09-24 15:41:50.803</lockedOn>
    <deleted>false</deleted>
    <versionTs class="sql-timestamp">2020-09-24 15:41:50.832</versionTs>
    <lang>1</lang>
  </com.dotmarketing.portlets.contentlet.model.ContentletVersionInfo>
  <com.dotmarketing.portlets.contentlet.model.ContentletVersionInfo>
    <identifier>b08c390c-ee42-4785-ac41-2392427421fb</identifier>
    <liveInode>0ead3cc6-6ebc-4693-8617-a94cc6033016</liveInode>
    <workingInode>0ead3cc6-6ebc-4693-8617-a94cc6033016</workingInode>
    <lockedOn class="sql-timestamp">2020-09-24 15:41:48.269</lockedOn>
    <deleted>false</deleted>
    <versionTs class="sql-timestamp">2020-09-24 15:41:48.345</versionTs>
    <lang>1</lang>
  </com.dotmarketing.portlets.contentlet.model.ContentletVersionInfo>
  <com.dotmarketing.portlets.contentlet.model.ContentletVersionInfo>
    <identifier>b44a2f81-21ee-4ac0-8820-e22173e2deea</identifier>
    <liveInode>0053b0a7-b17d-49b6-97ca-48e71dc0899e</liveInode>
    <workingInode>0053b0a7-b17d-49b6-97ca-48e71dc0899e</workingInode>
    <lockedOn class="sql-timestamp">2020-09-24 15:41:52.477</lockedOn>
    <deleted>false</deleted>
    <versionTs class="sql-timestamp">2020-09-24 15:41:52.501</versionTs>
    <lang>1</lang>
  </com.dotmarketing.portlets.contentlet.model.ContentletVersionInfo>
  <com.dotmarketing.portlets.contentlet.model.ContentletVersionInfo>
    <identifier>b4fd6b62-f65e-4eed-b764-45825cc026ac</identifier>
    <liveInode>3b653415-973d-42bb-ba48-6e4299eeff65</liveInode>
    <workingInode>3b653415-973d-42bb-ba48-6e4299eeff65</workingInode>
    <lockedOn class="sql-timestamp">2020-09-24 15:41:52.148</lockedOn>
    <deleted>false</deleted>
    <versionTs class="sql-timestamp">2020-09-24 15:41:52.169</versionTs>
    <lang>1</lang>
  </com.dotmarketing.portlets.contentlet.model.ContentletVersionInfo>
  <com.dotmarketing.portlets.contentlet.model.ContentletVersionInfo>
    <identifier>b502b751-241d-484e-b83f-f1bfb11cf86c</identifier>
    <liveInode>80990640-6ab2-411d-bf89-aa29fcf85914</liveInode>
    <workingInode>80990640-6ab2-411d-bf89-aa29fcf85914</workingInode>
    <lockedOn class="sql-timestamp">2020-09-24 15:41:48.675</lockedOn>
    <deleted>false</deleted>
    <versionTs class="sql-timestamp">2020-09-24 15:41:48.716</versionTs>
    <lang>1</lang>
  </com.dotmarketing.portlets.contentlet.model.ContentletVersionInfo>
  <com.dotmarketing.portlets.contentlet.model.ContentletVersionInfo>
    <identifier>b74c8755-9b0e-427c-aa15-889aad62fb9f</identifier>
    <liveInode>029f8bbb-90a5-4031-a385-87ebca7b66bb</liveInode>
    <workingInode>029f8bbb-90a5-4031-a385-87ebca7b66bb</workingInode>
    <lockedOn class="sql-timestamp">2020-09-24 15:41:51.067</lockedOn>
    <deleted>false</deleted>
    <versionTs class="sql-timestamp">2020-09-24 15:41:51.091</versionTs>
    <lang>1</lang>
  </com.dotmarketing.portlets.contentlet.model.ContentletVersionInfo>
  <com.dotmarketing.portlets.contentlet.model.ContentletVersionInfo>
    <identifier>ba3676fa-72ce-4601-9a03-545612838a95</identifier>
    <liveInode>5d6a370b-40ed-4b12-839a-766ec16ec216</liveInode>
    <workingInode>5d6a370b-40ed-4b12-839a-766ec16ec216</workingInode>
    <lockedOn class="sql-timestamp">2020-09-24 15:41:52.519</lockedOn>
    <deleted>false</deleted>
    <versionTs class="sql-timestamp">2020-09-24 15:41:52.544</versionTs>
    <lang>1</lang>
  </com.dotmarketing.portlets.contentlet.model.ContentletVersionInfo>
  <com.dotmarketing.portlets.contentlet.model.ContentletVersionInfo>
    <identifier>babf38d0-580c-4410-bc6a-1af9b4391cd9</identifier>
    <liveInode>e7052fd8-9443-46c4-bc96-5b41926e69ac</liveInode>
    <workingInode>e7052fd8-9443-46c4-bc96-5b41926e69ac</workingInode>
    <lockedOn class="sql-timestamp">2020-09-24 15:41:52.017</lockedOn>
    <deleted>false</deleted>
    <versionTs class="sql-timestamp">2020-09-24 15:41:52.044</versionTs>
    <lang>1</lang>
  </com.dotmarketing.portlets.contentlet.model.ContentletVersionInfo>
  <com.dotmarketing.portlets.contentlet.model.ContentletVersionInfo>
    <identifier>bc23ef47-b10c-435d-b824-20d8b14b4a54</identifier>
    <liveInode>e3286eff-978e-4c7e-bb38-9a816ebe9414</liveInode>
    <workingInode>e3286eff-978e-4c7e-bb38-9a816ebe9414</workingInode>
    <lockedOn class="sql-timestamp">2020-09-24 15:41:52.603</lockedOn>
    <deleted>false</deleted>
    <versionTs class="sql-timestamp">2020-09-24 15:41:52.63</versionTs>
    <lang>1</lang>
  </com.dotmarketing.portlets.contentlet.model.ContentletVersionInfo>
  <com.dotmarketing.portlets.contentlet.model.ContentletVersionInfo>
    <identifier>c3abcd6d-89a4-4b5e-8bb8-61fe1356cb19</identifier>
    <liveInode>d63a0002-1e3f-4386-87c9-a985156a4b56</liveInode>
    <workingInode>d63a0002-1e3f-4386-87c9-a985156a4b56</workingInode>
    <lockedOn class="sql-timestamp">2020-09-24 15:41:50.535</lockedOn>
    <deleted>false</deleted>
    <versionTs class="sql-timestamp">2020-09-24 15:41:50.559</versionTs>
    <lang>1</lang>
  </com.dotmarketing.portlets.contentlet.model.ContentletVersionInfo>
  <com.dotmarketing.portlets.contentlet.model.ContentletVersionInfo>
    <identifier>c5d4c8ac-6a44-4d86-89c1-2076f3861c5f</identifier>
    <liveInode>1dd002a2-61fb-438a-a4b9-f2aaf00f1e17</liveInode>
    <workingInode>1dd002a2-61fb-438a-a4b9-f2aaf00f1e17</workingInode>
    <lockedOn class="sql-timestamp">2020-09-24 15:41:52.062</lockedOn>
    <deleted>false</deleted>
    <versionTs class="sql-timestamp">2020-09-24 15:41:52.086</versionTs>
    <lang>1</lang>
  </com.dotmarketing.portlets.contentlet.model.ContentletVersionInfo>
  <com.dotmarketing.portlets.contentlet.model.ContentletVersionInfo>
    <identifier>ca28f9a9-62df-4d5f-8a90-b7b8219bce93</identifier>
    <liveInode>ce43eae4-848e-4f9d-9feb-ac4b335aefad</liveInode>
    <workingInode>ce43eae4-848e-4f9d-9feb-ac4b335aefad</workingInode>
    <lockedOn class="sql-timestamp">2020-09-24 15:41:51.5</lockedOn>
    <deleted>false</deleted>
    <versionTs class="sql-timestamp">2020-09-24 15:41:51.524</versionTs>
    <lang>1</lang>
  </com.dotmarketing.portlets.contentlet.model.ContentletVersionInfo>
  <com.dotmarketing.portlets.contentlet.model.ContentletVersionInfo>
    <identifier>ca8a655c-22f7-4f1f-a7ef-abd5be32fbde</identifier>
    <liveInode>498ba45b-5ae5-46d4-b2fb-f108f509926a</liveInode>
    <workingInode>498ba45b-5ae5-46d4-b2fb-f108f509926a</workingInode>
    <lockedOn class="sql-timestamp">2020-09-24 15:41:50.759</lockedOn>
    <deleted>false</deleted>
    <versionTs class="sql-timestamp">2020-09-24 15:41:50.781</versionTs>
    <lang>1</lang>
  </com.dotmarketing.portlets.contentlet.model.ContentletVersionInfo>
  <com.dotmarketing.portlets.contentlet.model.ContentletVersionInfo>
    <identifier>cb8584d8-0a12-4337-a88b-1c6500a10708</identifier>
    <liveInode>5311f4bb-cc07-48fd-a0b5-9c950a96fe95</liveInode>
    <workingInode>5311f4bb-cc07-48fd-a0b5-9c950a96fe95</workingInode>
    <lockedOn class="sql-timestamp">2020-09-24 15:41:49.75</lockedOn>
    <deleted>false</deleted>
    <versionTs class="sql-timestamp">2020-09-24 15:41:49.773</versionTs>
    <lang>1</lang>
  </com.dotmarketing.portlets.contentlet.model.ContentletVersionInfo>
  <com.dotmarketing.portlets.contentlet.model.ContentletVersionInfo>
    <identifier>cbfef48c-4d4f-4bd2-b8ea-70c6c927290f</identifier>
    <liveInode>8f6ec4b6-3009-4588-8d16-cfd68cbf8dc2</liveInode>
    <workingInode>8f6ec4b6-3009-4588-8d16-cfd68cbf8dc2</workingInode>
    <lockedOn class="sql-timestamp">2021-01-12 14:49:44.571</lockedOn>
    <deleted>false</deleted>
    <versionTs class="sql-timestamp">2021-01-12 14:49:44.59</versionTs>
    <lang>1</lang>
  </com.dotmarketing.portlets.contentlet.model.ContentletVersionInfo>
  <com.dotmarketing.portlets.contentlet.model.ContentletVersionInfo>
    <identifier>cd39d03e-447a-49fb-b341-80ed1cd6ab70</identifier>
    <liveInode>e854024b-fd47-4e9e-834d-864b28653574</liveInode>
    <workingInode>e854024b-fd47-4e9e-834d-864b28653574</workingInode>
    <lockedOn class="sql-timestamp">2020-09-24 15:41:49.574</lockedOn>
    <deleted>false</deleted>
    <versionTs class="sql-timestamp">2020-09-24 15:41:49.598</versionTs>
    <lang>1</lang>
  </com.dotmarketing.portlets.contentlet.model.ContentletVersionInfo>
  <com.dotmarketing.portlets.contentlet.model.ContentletVersionInfo>
    <identifier>d11dd953-8420-4b4d-bce9-512a143be4a7</identifier>
    <liveInode>de8485c2-a859-4be2-bd24-9882a616a4eb</liveInode>
    <workingInode>de8485c2-a859-4be2-bd24-9882a616a4eb</workingInode>
    <lockedOn class="sql-timestamp">2020-09-24 15:41:47.962</lockedOn>
    <deleted>false</deleted>
    <versionTs class="sql-timestamp">2020-09-24 15:41:48.11</versionTs>
    <lang>1</lang>
  </com.dotmarketing.portlets.contentlet.model.ContentletVersionInfo>
  <com.dotmarketing.portlets.contentlet.model.ContentletVersionInfo>
    <identifier>d2739c63-3a93-43bd-b862-3c1cef2a5ad1</identifier>
    <liveInode>c9edd325-9fb8-443c-9c3d-6437d04e0da1</liveInode>
    <workingInode>c9edd325-9fb8-443c-9c3d-6437d04e0da1</workingInode>
    <lockedOn class="sql-timestamp">2020-09-24 15:41:50.674</lockedOn>
    <deleted>false</deleted>
    <versionTs class="sql-timestamp">2020-09-24 15:41:50.699</versionTs>
    <lang>1</lang>
  </com.dotmarketing.portlets.contentlet.model.ContentletVersionInfo>
  <com.dotmarketing.portlets.contentlet.model.ContentletVersionInfo>
    <identifier>d56d64f7-9f95-4bc0-bd63-269141ab5626</identifier>
    <liveInode>33bc6c03-0cdc-4eca-8cb6-1ee3e8cad591</liveInode>
    <workingInode>33bc6c03-0cdc-4eca-8cb6-1ee3e8cad591</workingInode>
    <lockedOn class="sql-timestamp">2020-09-24 15:41:51.214</lockedOn>
    <deleted>false</deleted>
    <versionTs class="sql-timestamp">2020-09-24 15:41:51.238</versionTs>
    <lang>1</lang>
  </com.dotmarketing.portlets.contentlet.model.ContentletVersionInfo>
  <com.dotmarketing.portlets.contentlet.model.ContentletVersionInfo>
    <identifier>d6519e8e-61fa-44ff-83cd-c1921ed0cf30</identifier>
    <liveInode>b7605ece-aec6-469b-bd75-eef3df6500cf</liveInode>
    <workingInode>b7605ece-aec6-469b-bd75-eef3df6500cf</workingInode>
    <lockedOn class="sql-timestamp">2020-09-24 15:41:50.287</lockedOn>
    <deleted>false</deleted>
    <versionTs class="sql-timestamp">2020-09-24 15:41:50.308</versionTs>
    <lang>1</lang>
  </com.dotmarketing.portlets.contentlet.model.ContentletVersionInfo>
  <com.dotmarketing.portlets.contentlet.model.ContentletVersionInfo>
    <identifier>dcf569b0-6ebc-4b65-b18b-81a4adfafff6</identifier>
    <liveInode>d1987bf5-7934-4019-a6a6-a3a60e79df82</liveInode>
    <workingInode>d1987bf5-7934-4019-a6a6-a3a60e79df82</workingInode>
    <lockedOn class="sql-timestamp">2020-09-24 15:41:49.88</lockedOn>
    <deleted>false</deleted>
    <versionTs class="sql-timestamp">2020-09-24 15:41:49.907</versionTs>
    <lang>1</lang>
  </com.dotmarketing.portlets.contentlet.model.ContentletVersionInfo>
  <com.dotmarketing.portlets.contentlet.model.ContentletVersionInfo>
    <identifier>e02df7cc-c8b3-482b-aab0-118ff6c1f765</identifier>
    <liveInode>8b4e8632-0d84-419e-9839-7708ae9ac702</liveInode>
    <workingInode>8b4e8632-0d84-419e-9839-7708ae9ac702</workingInode>
    <lockedOn class="sql-timestamp">2020-09-24 15:41:49.477</lockedOn>
    <deleted>false</deleted>
    <versionTs class="sql-timestamp">2020-09-24 15:41:49.508</versionTs>
    <lang>1</lang>
  </com.dotmarketing.portlets.contentlet.model.ContentletVersionInfo>
  <com.dotmarketing.portlets.contentlet.model.ContentletVersionInfo>
    <identifier>e0ac8897-dc6e-4f30-9641-4f9915d9a815</identifier>
    <liveInode>7a17c544-d8c0-4cba-80e4-677c6c031ce9</liveInode>
    <workingInode>7a17c544-d8c0-4cba-80e4-677c6c031ce9</workingInode>
    <lockedOn class="sql-timestamp">2020-09-24 15:41:48.385</lockedOn>
    <deleted>false</deleted>
    <versionTs class="sql-timestamp">2020-09-24 15:41:48.447</versionTs>
    <lang>1</lang>
  </com.dotmarketing.portlets.contentlet.model.ContentletVersionInfo>
  <com.dotmarketing.portlets.contentlet.model.ContentletVersionInfo>
    <identifier>e19d3935-bb44-44f6-a534-cfd272703655</identifier>
    <liveInode>3d2b98ed-7a14-4204-8ea8-ca6e910937d7</liveInode>
    <workingInode>3d2b98ed-7a14-4204-8ea8-ca6e910937d7</workingInode>
    <lockedOn class="sql-timestamp">2020-09-24 15:41:49.658</lockedOn>
    <deleted>false</deleted>
    <versionTs class="sql-timestamp">2020-09-24 15:41:49.685</versionTs>
    <lang>1</lang>
  </com.dotmarketing.portlets.contentlet.model.ContentletVersionInfo>
  <com.dotmarketing.portlets.contentlet.model.ContentletVersionInfo>
    <identifier>eb3f85a1-4812-48cd-a6ae-8f8b3f63d875</identifier>
    <liveInode>391ed9dc-65e5-453e-88fb-9cbdbb5dff68</liveInode>
    <workingInode>391ed9dc-65e5-453e-88fb-9cbdbb5dff68</workingInode>
    <lockedOn class="sql-timestamp">2020-09-24 15:41:50.945</lockedOn>
    <deleted>false</deleted>
    <versionTs class="sql-timestamp">2020-09-24 15:41:50.968</versionTs>
    <lang>1</lang>
  </com.dotmarketing.portlets.contentlet.model.ContentletVersionInfo>
  <com.dotmarketing.portlets.contentlet.model.ContentletVersionInfo>
    <identifier>ec0d4714-90db-4c36-b91b-94896ad02413</identifier>
    <liveInode>1d698d8f-35da-4f85-a24f-ddce66d49bf5</liveInode>
    <workingInode>1d698d8f-35da-4f85-a24f-ddce66d49bf5</workingInode>
    <lockedOn class="sql-timestamp">2020-09-24 15:41:51.37</lockedOn>
    <deleted>false</deleted>
    <versionTs class="sql-timestamp">2020-09-24 15:41:51.393</versionTs>
    <lang>1</lang>
  </com.dotmarketing.portlets.contentlet.model.ContentletVersionInfo>
  <com.dotmarketing.portlets.contentlet.model.ContentletVersionInfo>
    <identifier>ec2c1097-5aca-4ab0-affe-296025d93a0a</identifier>
    <liveInode>99f88daa-8f63-4394-ade3-71faf6465c3b</liveInode>
    <workingInode>99f88daa-8f63-4394-ade3-71faf6465c3b</workingInode>
    <lockedOn class="sql-timestamp">2020-09-24 15:41:51.16</lockedOn>
    <deleted>false</deleted>
    <versionTs class="sql-timestamp">2020-09-24 15:41:51.194</versionTs>
    <lang>1</lang>
  </com.dotmarketing.portlets.contentlet.model.ContentletVersionInfo>
  <com.dotmarketing.portlets.contentlet.model.ContentletVersionInfo>
    <identifier>f0c89392-4ab2-4980-9aa2-ede8a0c7748d</identifier>
    <liveInode>78f4013e-60e0-4d24-ac1d-6ae33eeb9758</liveInode>
    <workingInode>78f4013e-60e0-4d24-ac1d-6ae33eeb9758</workingInode>
    <lockedOn class="sql-timestamp">2020-09-24 15:41:50.244</lockedOn>
    <deleted>false</deleted>
    <versionTs class="sql-timestamp">2020-09-24 15:41:50.269</versionTs>
    <lang>1</lang>
  </com.dotmarketing.portlets.contentlet.model.ContentletVersionInfo>
  <com.dotmarketing.portlets.contentlet.model.ContentletVersionInfo>
    <identifier>f1cd30d6-a0b4-4a8b-a6f4-cd649124709c</identifier>
    <liveInode>e2620725-6f94-4d9c-85ac-7ea3e0d9e7df</liveInode>
    <workingInode>e2620725-6f94-4d9c-85ac-7ea3e0d9e7df</workingInode>
    <lockedOn class="sql-timestamp">2020-09-24 15:41:50.367</lockedOn>
    <deleted>false</deleted>
    <versionTs class="sql-timestamp">2020-09-24 15:41:50.393</versionTs>
    <lang>1</lang>
  </com.dotmarketing.portlets.contentlet.model.ContentletVersionInfo>
  <com.dotmarketing.portlets.contentlet.model.ContentletVersionInfo>
    <identifier>f3ea6521-047b-4f6b-8795-936bfacf3a27</identifier>
    <liveInode>22cc6bf7-ba88-41a6-9cec-2703001a08d0</liveInode>
    <workingInode>22cc6bf7-ba88-41a6-9cec-2703001a08d0</workingInode>
    <lockedOn class="sql-timestamp">2020-09-24 15:41:52.561</lockedOn>
    <deleted>false</deleted>
    <versionTs class="sql-timestamp">2020-09-24 15:41:52.583</versionTs>
    <lang>1</lang>
  </com.dotmarketing.portlets.contentlet.model.ContentletVersionInfo>
  <com.dotmarketing.portlets.contentlet.model.ContentletVersionInfo>
    <identifier>f4ba0d4f-494a-4bbb-9e8e-891f96314080</identifier>
    <liveInode>4d780ca4-00d4-4189-a338-d1e6d69b6655</liveInode>
    <workingInode>4d780ca4-00d4-4189-a338-d1e6d69b6655</workingInode>
    <lockedOn class="sql-timestamp">2020-09-24 15:41:49.62</lockedOn>
    <deleted>false</deleted>
    <versionTs class="sql-timestamp">2020-09-24 15:41:49.641</versionTs>
    <lang>1</lang>
  </com.dotmarketing.portlets.contentlet.model.ContentletVersionInfo>
  <com.dotmarketing.portlets.contentlet.model.ContentletVersionInfo>
    <identifier>f4d34872-dbaf-4168-8ab3-515daa8be6e5</identifier>
    <liveInode>0326da35-cd06-47e8-ae2e-d798d76a7a0d</liveInode>
    <workingInode>0326da35-cd06-47e8-ae2e-d798d76a7a0d</workingInode>
    <lockedOn class="sql-timestamp">2020-09-24 15:41:52.311</lockedOn>
    <deleted>false</deleted>
    <versionTs class="sql-timestamp">2020-09-24 15:41:52.335</versionTs>
    <lang>1</lang>
  </com.dotmarketing.portlets.contentlet.model.ContentletVersionInfo>
  <com.dotmarketing.portlets.contentlet.model.ContentletVersionInfo>
    <identifier>f8d2cee4-ece3-42a2-bd2a-1c612758948b</identifier>
    <liveInode>ab5640af-cc6a-426c-87ca-1e9d5fe0bfd0</liveInode>
    <workingInode>ab5640af-cc6a-426c-87ca-1e9d5fe0bfd0</workingInode>
    <lockedOn class="sql-timestamp">2020-09-24 15:41:48.616</lockedOn>
    <deleted>false</deleted>
    <versionTs class="sql-timestamp">2020-09-24 15:41:48.652</versionTs>
    <lang>1</lang>
  </com.dotmarketing.portlets.contentlet.model.ContentletVersionInfo>
  <com.dotmarketing.portlets.contentlet.model.ContentletVersionInfo>
    <identifier>f8dd13e7-074c-4f33-9d06-a484306bde59</identifier>
    <liveInode>6530bfe7-52f6-42ea-81e1-1fac4bf11630</liveInode>
    <workingInode>6530bfe7-52f6-42ea-81e1-1fac4bf11630</workingInode>
    <lockedOn class="sql-timestamp">2020-09-24 15:41:49.311</lockedOn>
    <deleted>false</deleted>
    <versionTs class="sql-timestamp">2020-09-24 15:41:49.339</versionTs>
    <lang>1</lang>
  </com.dotmarketing.portlets.contentlet.model.ContentletVersionInfo>
  <com.dotmarketing.portlets.contentlet.model.ContentletVersionInfo>
    <identifier>faa94cbe-2971-4d35-93bb-653006c9d9f4</identifier>
    <liveInode>0dd015de-9cf0-43b2-b227-f1b441ea342a</liveInode>
    <workingInode>0dd015de-9cf0-43b2-b227-f1b441ea342a</workingInode>
    <lockedOn class="sql-timestamp">2020-09-24 15:41:51.923</lockedOn>
    <deleted>false</deleted>
    <versionTs class="sql-timestamp">2020-09-24 15:41:51.948</versionTs>
    <lang>1</lang>
  </com.dotmarketing.portlets.contentlet.model.ContentletVersionInfo>
  <com.dotmarketing.portlets.contentlet.model.ContentletVersionInfo>
    <identifier>fd9fa20b-36a1-444e-bbba-f7868fd6ae7b</identifier>
    <liveInode>31342eb4-e94f-44eb-b32a-b9503b73f5d8</liveInode>
    <workingInode>31342eb4-e94f-44eb-b32a-b9503b73f5d8</workingInode>
    <lockedOn class="sql-timestamp">2020-09-24 15:41:48.544</lockedOn>
    <deleted>false</deleted>
    <versionTs class="sql-timestamp">2020-09-24 15:41:48.583</versionTs>
    <lang>1</lang>
  </com.dotmarketing.portlets.contentlet.model.ContentletVersionInfo>
  <com.dotmarketing.portlets.contentlet.model.ContentletVersionInfo>
    <identifier>fe89a485-8a5c-4a5c-852c-5f2ddd02a4b8</identifier>
    <liveInode>8f7451f6-f427-4cf5-b7d5-4fd3c926ffbd</liveInode>
    <workingInode>8f7451f6-f427-4cf5-b7d5-4fd3c926ffbd</workingInode>
    <lockedOn class="sql-timestamp">2020-09-24 15:41:50.715</lockedOn>
    <deleted>false</deleted>
    <versionTs class="sql-timestamp">2020-09-24 15:41:50.741</versionTs>
    <lang>1</lang>
  </com.dotmarketing.portlets.contentlet.model.ContentletVersionInfo>
  <com.dotmarketing.portlets.contentlet.model.ContentletVersionInfo>
    <identifier>fee92a2c-d1b9-4a6d-a5da-075d1c4ce0d7</identifier>
    <liveInode>906be86e-b2ee-4cc8-a1fe-05c4658a2e92</liveInode>
    <workingInode>906be86e-b2ee-4cc8-a1fe-05c4658a2e92</workingInode>
    <lockedOn class="sql-timestamp">2020-09-24 15:41:52.781</lockedOn>
    <deleted>false</deleted>
    <versionTs class="sql-timestamp">2020-09-24 15:41:52.798</versionTs>
    <lang>1</lang>
  </com.dotmarketing.portlets.contentlet.model.ContentletVersionInfo>
  <com.dotmarketing.portlets.contentlet.model.ContentletVersionInfo>
    <identifier>SYSTEM_HOST</identifier>
    <liveInode>dbdec5e2-c02b-4cfb-83a9-4a4c4f3b2eb0</liveInode>
    <workingInode>dbdec5e2-c02b-4cfb-83a9-4a4c4f3b2eb0</workingInode>
    <lockedOn class="sql-timestamp">2012-06-07 09:46:26.0</lockedOn>
    <deleted>false</deleted>
    <versionTs class="sql-timestamp">2020-04-20 20:23:51.289</versionTs>
    <lang>1</lang>
  </com.dotmarketing.portlets.contentlet.model.ContentletVersionInfo>
</list>