<list>
  <com.dotmarketing.plugin.model.Plugin>
    <id>com.dotcms.category.fix</id>
    <pluginName>dotCMS import starter fix plugin</pluginName>
    <pluginVersion>1.0</pluginVersion>
    <author>dotCMS</author>
    <firstDeployedDate class="sql-timestamp">2021-01-12 14:30:23.662</firstDeployedDate>
    <lastDeployedDate class="sql-timestamp">2021-01-12 14:30:23.663</lastDeployedDate>
  </com.dotmarketing.plugin.model.Plugin>
  <com.dotmarketing.plugin.model.Plugin>
    <id>com.dotcms.config</id>
    <pluginName>dotCMS Config</pluginName>
    <pluginVersion>1.0</pluginVersion>
    <author>dotCMS</author>
    <firstDeployedDate class="sql-timestamp">2021-01-12 14:30:23.672</firstDeployedDate>
    <lastDeployedDate class="sql-timestamp">2021-01-12 14:30:23.672</lastDeployedDate>
  </com.dotmarketing.plugin.model.Plugin>
  <com.dotmarketing.plugin.model.Plugin>
    <id>com.motiv.cacheBuster</id>
    <pluginName>dotCMS Config</pluginName>
    <pluginVersion>1.0</pluginVersion>
    <author>dotCMS</author>
    <firstDeployedDate class="sql-timestamp">2021-01-12 14:30:23.677</firstDeployedDate>
    <lastDeployedDate class="sql-timestamp">2021-01-12 14:30:23.677</lastDeployedDate>
  </com.dotmarketing.plugin.model.Plugin>
</list>