<list>
  <com.dotmarketing.beans.Identifier>
    <id>00936535-4e3e-41db-89dd-79071df0a922</id>
    <assetName>content.5bebe4b1-2277-4347-8b6c-7471e43cf019</assetName>
    <assetType>contentlet</assetType>
    <parentPath>/</parentPath>
    <hostId>8a7d5e23-da1e-420a-b4f0-471e7da8ea2d</hostId>
  </com.dotmarketing.beans.Identifier>
  <com.dotmarketing.beans.Identifier>
    <id>0457e21a-dd52-46e4-a930-841ede543e6d</id>
    <assetName>content.ae127dc4-cd1f-49f6-b082-eb5765aca00d</assetName>
    <assetType>contentlet</assetType>
    <parentPath>/</parentPath>
    <hostId>8a7d5e23-da1e-420a-b4f0-471e7da8ea2d</hostId>
  </com.dotmarketing.beans.Identifier>
  <com.dotmarketing.beans.Identifier>
    <id>04f6c7b6-71e7-48af-a43e-5196433b8e98</id>
    <assetName>content.18f4fa9c-07ee-43e6-8707-f05701bea616</assetName>
    <assetType>contentlet</assetType>
    <parentPath>/</parentPath>
    <hostId>8a7d5e23-da1e-420a-b4f0-471e7da8ea2d</hostId>
  </com.dotmarketing.beans.Identifier>
  <com.dotmarketing.beans.Identifier>
    <id>04fff7aa-9bec-4c58-b3ff-c6ddd096ccc7</id>
    <assetName>content.1d392214-800b-45e9-a7a3-66aa793c1573</assetName>
    <assetType>contentlet</assetType>
    <parentPath>/</parentPath>
    <hostId>8a7d5e23-da1e-420a-b4f0-471e7da8ea2d</hostId>
  </com.dotmarketing.beans.Identifier>
  <com.dotmarketing.beans.Identifier>
    <id>07620465-972a-427c-a605-96d22e5cd4a4</id>
    <assetName>content.8bdff721-e795-44fc-b4e6-602431f8dfac</assetName>
    <assetType>contentlet</assetType>
    <parentPath>/</parentPath>
    <hostId>8a7d5e23-da1e-420a-b4f0-471e7da8ea2d</hostId>
  </com.dotmarketing.beans.Identifier>
  <com.dotmarketing.beans.Identifier>
    <id>0cb263f8-fc9a-41dd-9d4d-12c096a3edb7</id>
    <assetName>content.233676fc-93ab-4236-974a-cdb321bf6ea0</assetName>
    <assetType>contentlet</assetType>
    <parentPath>/</parentPath>
    <hostId>8a7d5e23-da1e-420a-b4f0-471e7da8ea2d</hostId>
  </com.dotmarketing.beans.Identifier>
  <com.dotmarketing.beans.Identifier>
    <id>145d96da-eb79-404b-abd9-637ce22793d6</id>
    <assetName>content.0e0b0bbf-2251-4d8e-9f61-21dd89cea8cc</assetName>
    <assetType>contentlet</assetType>
    <parentPath>/</parentPath>
    <hostId>8a7d5e23-da1e-420a-b4f0-471e7da8ea2d</hostId>
  </com.dotmarketing.beans.Identifier>
  <com.dotmarketing.beans.Identifier>
    <id>17ad2e83-a98e-4a2b-b237-f4583649e208</id>
    <assetName>content.01ec3f3d-35bc-491a-b96c-5994f106c795</assetName>
    <assetType>contentlet</assetType>
    <parentPath>/</parentPath>
    <hostId>8a7d5e23-da1e-420a-b4f0-471e7da8ea2d</hostId>
  </com.dotmarketing.beans.Identifier>
  <com.dotmarketing.beans.Identifier>
    <id>182141ef-38d3-47de-9e34-63497fa6a56d</id>
    <assetName>content.d4aa7fb8-d100-4279-a765-cd359ab4bd69</assetName>
    <assetType>contentlet</assetType>
    <parentPath>/</parentPath>
    <hostId>8a7d5e23-da1e-420a-b4f0-471e7da8ea2d</hostId>
  </com.dotmarketing.beans.Identifier>
  <com.dotmarketing.beans.Identifier>
    <id>1835fde6-75fb-4d6d-85ab-f517bb62533e</id>
    <assetName>content.c296f1b9-0b7b-451e-8511-e7a6e82ed92f</assetName>
    <assetType>contentlet</assetType>
    <parentPath>/</parentPath>
    <hostId>8a7d5e23-da1e-420a-b4f0-471e7da8ea2d</hostId>
  </com.dotmarketing.beans.Identifier>
  <com.dotmarketing.beans.Identifier>
    <id>1af8a8e4-9b15-4e1e-8510-a34b6e761a4d</id>
    <assetName>content.e4076e55-ea35-4f86-b2c3-5848d1363d15</assetName>
    <assetType>contentlet</assetType>
    <parentPath>/</parentPath>
    <hostId>8a7d5e23-da1e-420a-b4f0-471e7da8ea2d</hostId>
  </com.dotmarketing.beans.Identifier>
  <com.dotmarketing.beans.Identifier>
    <id>1d703e53-7d7b-4e95-ac75-59e7ec65e1aa</id>
    <assetName>content.83ec08b7-45cf-4fa5-80ed-755acf20f55f</assetName>
    <assetType>contentlet</assetType>
    <parentPath>/</parentPath>
    <hostId>8a7d5e23-da1e-420a-b4f0-471e7da8ea2d</hostId>
  </com.dotmarketing.beans.Identifier>
  <com.dotmarketing.beans.Identifier>
    <id>25b59eee-2717-452c-9d0d-096041a2a0cb</id>
    <assetName>content.cc4e6f55-894e-46f2-ae28-77cda8edab00</assetName>
    <assetType>contentlet</assetType>
    <parentPath>/</parentPath>
    <hostId>8a7d5e23-da1e-420a-b4f0-471e7da8ea2d</hostId>
  </com.dotmarketing.beans.Identifier>
  <com.dotmarketing.beans.Identifier>
    <id>2939c35b-b549-4e7c-8210-8d6b2068fdd2</id>
    <assetName>content.61a9a98c-056f-4f65-a279-ff7afef83235</assetName>
    <assetType>contentlet</assetType>
    <parentPath>/</parentPath>
    <hostId>8a7d5e23-da1e-420a-b4f0-471e7da8ea2d</hostId>
  </com.dotmarketing.beans.Identifier>
  <com.dotmarketing.beans.Identifier>
    <id>295095d7-33cf-41c4-a280-de7a097bdba4</id>
    <assetName>content.7167eed5-587a-487b-95cf-f3b8619a9b84</assetName>
    <assetType>contentlet</assetType>
    <parentPath>/</parentPath>
    <hostId>8a7d5e23-da1e-420a-b4f0-471e7da8ea2d</hostId>
  </com.dotmarketing.beans.Identifier>
  <com.dotmarketing.beans.Identifier>
    <id>2e963844-f544-4639-bac8-d505da9c27ff</id>
    <assetName>content.d7d31b06-5a6a-4daa-b25a-118747125437</assetName>
    <assetType>contentlet</assetType>
    <parentPath>/</parentPath>
    <hostId>8a7d5e23-da1e-420a-b4f0-471e7da8ea2d</hostId>
  </com.dotmarketing.beans.Identifier>
  <com.dotmarketing.beans.Identifier>
    <id>30c447bc-85b4-4448-a999-5ef74ac24fd5</id>
    <assetName>content.a5163fee-e165-43a9-8dd4-84d30ad2b6d7</assetName>
    <assetType>contentlet</assetType>
    <parentPath>/</parentPath>
    <hostId>8a7d5e23-da1e-420a-b4f0-471e7da8ea2d</hostId>
  </com.dotmarketing.beans.Identifier>
  <com.dotmarketing.beans.Identifier>
    <id>329840bd-fcac-4733-a4d1-abc9e5b45fb7</id>
    <assetName>content.01d6af2b-8bb6-4d95-8726-512704321fb6</assetName>
    <assetType>contentlet</assetType>
    <parentPath>/</parentPath>
    <hostId>8a7d5e23-da1e-420a-b4f0-471e7da8ea2d</hostId>
  </com.dotmarketing.beans.Identifier>
  <com.dotmarketing.beans.Identifier>
    <id>39c09eab-5619-4652-afbf-06c3fef1a0ef</id>
    <assetName>content.3a7f578f-28dc-4d4d-b0d2-91292e8738bd</assetName>
    <assetType>contentlet</assetType>
    <parentPath>/</parentPath>
    <hostId>8a7d5e23-da1e-420a-b4f0-471e7da8ea2d</hostId>
  </com.dotmarketing.beans.Identifier>
  <com.dotmarketing.beans.Identifier>
    <id>3cc6beba-3f7f-4743-a514-511a746c9e6b</id>
    <assetName>content.cca6deaa-67af-4a27-9d6b-d5772ca63fd3</assetName>
    <assetType>contentlet</assetType>
    <parentPath>/</parentPath>
    <hostId>8a7d5e23-da1e-420a-b4f0-471e7da8ea2d</hostId>
  </com.dotmarketing.beans.Identifier>
  <com.dotmarketing.beans.Identifier>
    <id>3df5be31-6b29-47f2-82e6-a401f248780e</id>
    <assetName>content.af488743-bc4b-4ce7-823c-c2c85f8341d9</assetName>
    <assetType>contentlet</assetType>
    <parentPath>/</parentPath>
    <hostId>8a7d5e23-da1e-420a-b4f0-471e7da8ea2d</hostId>
  </com.dotmarketing.beans.Identifier>
  <com.dotmarketing.beans.Identifier>
    <id>436170c9-22e6-4147-9187-10c651ffccb2</id>
    <assetName>content.1d58fb7c-8fc0-46f5-9356-c27deec0c0ad</assetName>
    <assetType>contentlet</assetType>
    <parentPath>/</parentPath>
    <hostId>8a7d5e23-da1e-420a-b4f0-471e7da8ea2d</hostId>
  </com.dotmarketing.beans.Identifier>
  <com.dotmarketing.beans.Identifier>
    <id>45068d97-dba0-4065-b849-8f36043541b1</id>
    <assetName>content.0e42cfaf-ab59-4aab-8d0e-75e717203a55</assetName>
    <assetType>contentlet</assetType>
    <parentPath>/</parentPath>
    <hostId>8a7d5e23-da1e-420a-b4f0-471e7da8ea2d</hostId>
  </com.dotmarketing.beans.Identifier>
  <com.dotmarketing.beans.Identifier>
    <id>4664c720-2910-45a3-81ff-bcbf147150b3</id>
    <assetName>content.20d1891b-c8dc-4640-96cc-6cab0d3fddf5</assetName>
    <assetType>contentlet</assetType>
    <parentPath>/</parentPath>
    <hostId>8a7d5e23-da1e-420a-b4f0-471e7da8ea2d</hostId>
  </com.dotmarketing.beans.Identifier>
  <com.dotmarketing.beans.Identifier>
    <id>481143f4-f5f4-4c82-bd23-7944c6c02df2</id>
    <assetName>content.9aff4ad7-4908-4ad1-a4db-2bcb45418e26</assetName>
    <assetType>contentlet</assetType>
    <parentPath>/</parentPath>
    <hostId>8a7d5e23-da1e-420a-b4f0-471e7da8ea2d</hostId>
  </com.dotmarketing.beans.Identifier>
  <com.dotmarketing.beans.Identifier>
    <id>4b61d45a-9610-4af3-b9d9-82aa47e6df04</id>
    <assetName>content.0bd2d4a7-b431-470b-88ef-64d55ee4a415</assetName>
    <assetType>contentlet</assetType>
    <parentPath>/</parentPath>
    <hostId>8a7d5e23-da1e-420a-b4f0-471e7da8ea2d</hostId>
  </com.dotmarketing.beans.Identifier>
  <com.dotmarketing.beans.Identifier>
    <id>4c7fac47-a4be-4928-8672-022e8806138d</id>
    <assetName>content.0ab3fd7a-abee-4659-86a8-b9d34dddd2dc</assetName>
    <assetType>contentlet</assetType>
    <parentPath>/</parentPath>
    <hostId>8a7d5e23-da1e-420a-b4f0-471e7da8ea2d</hostId>
  </com.dotmarketing.beans.Identifier>
  <com.dotmarketing.beans.Identifier>
    <id>4ddc4719-c6d3-4559-9bf9-1c626074deb8</id>
    <assetName>content.36011848-75dd-4c20-a8f6-5cc3db9ee569</assetName>
    <assetType>contentlet</assetType>
    <parentPath>/</parentPath>
    <hostId>8a7d5e23-da1e-420a-b4f0-471e7da8ea2d</hostId>
  </com.dotmarketing.beans.Identifier>
  <com.dotmarketing.beans.Identifier>
    <id>5033c107-4a97-4cf6-9cf9-ede637c3231b</id>
    <assetName>content.754d2e0d-d3f7-4e7e-b6ab-e3d56819a0d4</assetName>
    <assetType>contentlet</assetType>
    <parentPath>/</parentPath>
    <hostId>8a7d5e23-da1e-420a-b4f0-471e7da8ea2d</hostId>
  </com.dotmarketing.beans.Identifier>
  <com.dotmarketing.beans.Identifier>
    <id>51a795dc-91c1-4dfd-89e7-f84a13e77b8c</id>
    <assetName>content.d182a100-d34a-48cb-9a96-e1d92dad8349</assetName>
    <assetType>contentlet</assetType>
    <parentPath>/</parentPath>
    <hostId>8a7d5e23-da1e-420a-b4f0-471e7da8ea2d</hostId>
  </com.dotmarketing.beans.Identifier>
  <com.dotmarketing.beans.Identifier>
    <id>533a63a3-d9c7-457b-b9c3-3ced3ee5d97c</id>
    <assetName>content.c8b80c90-2f36-4417-8f0b-a87d7f83fe74</assetName>
    <assetType>contentlet</assetType>
    <parentPath>/</parentPath>
    <hostId>8a7d5e23-da1e-420a-b4f0-471e7da8ea2d</hostId>
  </com.dotmarketing.beans.Identifier>
  <com.dotmarketing.beans.Identifier>
    <id>5479f45d-9682-4dbe-8409-6ae2126081b8</id>
    <assetName>content.6007290b-1f83-477a-9cf9-05b58eee9223</assetName>
    <assetType>contentlet</assetType>
    <parentPath>/</parentPath>
    <hostId>8a7d5e23-da1e-420a-b4f0-471e7da8ea2d</hostId>
  </com.dotmarketing.beans.Identifier>
  <com.dotmarketing.beans.Identifier>
    <id>54f3b57b-6efd-4a3a-a8ca-ba53ab1638a3</id>
    <assetName>content.cd82043f-bb8e-4042-87f0-d9763ffba63e</assetName>
    <assetType>contentlet</assetType>
    <parentPath>/</parentPath>
    <hostId>8a7d5e23-da1e-420a-b4f0-471e7da8ea2d</hostId>
  </com.dotmarketing.beans.Identifier>
  <com.dotmarketing.beans.Identifier>
    <id>5c8fcc05-bbe3-435a-8ba9-d5d9e6a5a2f8</id>
    <assetName>content.2a645211-32b0-4288-9bec-3639b2b7cdad</assetName>
    <assetType>contentlet</assetType>
    <parentPath>/</parentPath>
    <hostId>8a7d5e23-da1e-420a-b4f0-471e7da8ea2d</hostId>
  </com.dotmarketing.beans.Identifier>
  <com.dotmarketing.beans.Identifier>
    <id>5f10302c-f189-4b00-a750-f2c79eae1ab6</id>
    <assetName>content.bd7b9425-654d-4d51-9788-d25c8836ea34</assetName>
    <assetType>contentlet</assetType>
    <parentPath>/</parentPath>
    <hostId>8a7d5e23-da1e-420a-b4f0-471e7da8ea2d</hostId>
  </com.dotmarketing.beans.Identifier>
  <com.dotmarketing.beans.Identifier>
    <id>70696720-cd37-4545-bcd7-af6deff6b54d</id>
    <assetName>content.117b00e1-987b-44d3-bf11-2bd66302e286</assetName>
    <assetType>contentlet</assetType>
    <parentPath>/</parentPath>
    <hostId>8a7d5e23-da1e-420a-b4f0-471e7da8ea2d</hostId>
  </com.dotmarketing.beans.Identifier>
  <com.dotmarketing.beans.Identifier>
    <id>7256ff3d-90e0-428b-b24b-5d8a06360149</id>
    <assetName>content.45130957-62bf-414c-b532-33fed49d23ad</assetName>
    <assetType>contentlet</assetType>
    <parentPath>/</parentPath>
    <hostId>8a7d5e23-da1e-420a-b4f0-471e7da8ea2d</hostId>
  </com.dotmarketing.beans.Identifier>
  <com.dotmarketing.beans.Identifier>
    <id>74169d95-cee6-4d68-ad01-1f2819af8a71</id>
    <assetName>content.191c083d-9bd6-491a-9831-4de9bac45388</assetName>
    <assetType>contentlet</assetType>
    <parentPath>/</parentPath>
    <hostId>8a7d5e23-da1e-420a-b4f0-471e7da8ea2d</hostId>
  </com.dotmarketing.beans.Identifier>
  <com.dotmarketing.beans.Identifier>
    <id>76895276-c4d7-4816-ae51-45fa5e012e4c</id>
    <assetName>content.cf2a047c-cccb-47c7-8790-a7f88cee2cbb</assetName>
    <assetType>contentlet</assetType>
    <parentPath>/</parentPath>
    <hostId>8a7d5e23-da1e-420a-b4f0-471e7da8ea2d</hostId>
  </com.dotmarketing.beans.Identifier>
  <com.dotmarketing.beans.Identifier>
    <id>77092888-a31b-48be-835f-f8e9a189dcd8</id>
    <assetName>content.7f37fd44-72cf-4f53-b429-c692736c35ab</assetName>
    <assetType>contentlet</assetType>
    <parentPath>/</parentPath>
    <hostId>8a7d5e23-da1e-420a-b4f0-471e7da8ea2d</hostId>
  </com.dotmarketing.beans.Identifier>
  <com.dotmarketing.beans.Identifier>
    <id>771492f6-74c5-4024-b2ea-decbadc1918e</id>
    <assetName>content.3c7d485f-1946-4ea2-a5b9-6e4b9f23f0e6</assetName>
    <assetType>contentlet</assetType>
    <parentPath>/</parentPath>
    <hostId>8a7d5e23-da1e-420a-b4f0-471e7da8ea2d</hostId>
  </com.dotmarketing.beans.Identifier>
  <com.dotmarketing.beans.Identifier>
    <id>7b42490a-ca04-4964-96cd-5797cd5dea5e</id>
    <assetName>content.e63061e1-adff-4acc-b790-a80b39d9e3d3</assetName>
    <assetType>contentlet</assetType>
    <parentPath>/</parentPath>
    <hostId>8a7d5e23-da1e-420a-b4f0-471e7da8ea2d</hostId>
  </com.dotmarketing.beans.Identifier>
  <com.dotmarketing.beans.Identifier>
    <id>7f04a7d3-f29e-45c3-b175-8d57a36c5c60</id>
    <assetName>content.73087b43-aab8-4fa7-81ac-170e25460de2</assetName>
    <assetType>contentlet</assetType>
    <parentPath>/</parentPath>
    <hostId>8a7d5e23-da1e-420a-b4f0-471e7da8ea2d</hostId>
  </com.dotmarketing.beans.Identifier>
  <com.dotmarketing.beans.Identifier>
    <id>7f2e5327-50ba-4e86-8606-f24766e6f04e</id>
    <assetName>content.91d38226-734e-4453-8583-9be8ce24e296</assetName>
    <assetType>contentlet</assetType>
    <parentPath>/</parentPath>
    <hostId>8a7d5e23-da1e-420a-b4f0-471e7da8ea2d</hostId>
  </com.dotmarketing.beans.Identifier>
  <com.dotmarketing.beans.Identifier>
    <id>82d4ee61-3038-4e24-9e5f-a5adf97f3636</id>
    <assetName>content.0ff5d210-671c-4311-b838-905b19d9a611</assetName>
    <assetType>contentlet</assetType>
    <parentPath>/</parentPath>
    <hostId>8a7d5e23-da1e-420a-b4f0-471e7da8ea2d</hostId>
  </com.dotmarketing.beans.Identifier>
  <com.dotmarketing.beans.Identifier>
    <id>85850462-a89b-454f-8421-5317c342da25</id>
    <assetName>content.ad9888c2-316b-4900-9e25-2eebfabad2b6</assetName>
    <assetType>contentlet</assetType>
    <parentPath>/</parentPath>
    <hostId>8a7d5e23-da1e-420a-b4f0-471e7da8ea2d</hostId>
  </com.dotmarketing.beans.Identifier>
  <com.dotmarketing.beans.Identifier>
    <id>865eef77-181a-4c0f-886f-6af79fa30744</id>
    <assetName>content.703064ad-1be8-48b1-b6c9-535ac268efe3</assetName>
    <assetType>contentlet</assetType>
    <parentPath>/</parentPath>
    <hostId>8a7d5e23-da1e-420a-b4f0-471e7da8ea2d</hostId>
  </com.dotmarketing.beans.Identifier>
  <com.dotmarketing.beans.Identifier>
    <id>8a5ad304-e6e3-432c-ae38-6a6dd13722ea</id>
    <assetName>content.b7077655-f279-4a75-8abe-bb2e2c88c677</assetName>
    <assetType>contentlet</assetType>
    <parentPath>/</parentPath>
    <hostId>8a7d5e23-da1e-420a-b4f0-471e7da8ea2d</hostId>
  </com.dotmarketing.beans.Identifier>
  <com.dotmarketing.beans.Identifier>
    <id>8a602009-9d4c-4657-8202-48dd010bf3c4</id>
    <assetName>content.6061306a-d389-4ca9-9b16-796c97a086a1</assetName>
    <assetType>contentlet</assetType>
    <parentPath>/</parentPath>
    <hostId>8a7d5e23-da1e-420a-b4f0-471e7da8ea2d</hostId>
  </com.dotmarketing.beans.Identifier>
  <com.dotmarketing.beans.Identifier>
    <id>8a7d5e23-da1e-420a-b4f0-471e7da8ea2d</id>
    <assetName>content.ff462f88-d9e1-4d31-b084-b73cb61976d3</assetName>
    <assetType>contentlet</assetType>
    <parentPath>/</parentPath>
    <hostId>SYSTEM_HOST</hostId>
  </com.dotmarketing.beans.Identifier>
  <com.dotmarketing.beans.Identifier>
    <id>8da5e109-4165-4e16-98a0-0878d9325cd0</id>
    <assetName>content.8588f6bd-c7e3-4e96-9386-3a96b683bc93</assetName>
    <assetType>contentlet</assetType>
    <parentPath>/</parentPath>
    <hostId>8a7d5e23-da1e-420a-b4f0-471e7da8ea2d</hostId>
  </com.dotmarketing.beans.Identifier>
  <com.dotmarketing.beans.Identifier>
    <id>8dd7c9b2-a689-4622-96c4-60791a8967db</id>
    <assetName>content.33306246-7c7e-4ac3-a34a-d9bc8556c4ce</assetName>
    <assetType>contentlet</assetType>
    <parentPath>/</parentPath>
    <hostId>8a7d5e23-da1e-420a-b4f0-471e7da8ea2d</hostId>
  </com.dotmarketing.beans.Identifier>
  <com.dotmarketing.beans.Identifier>
    <id>92614528-8d41-4874-9475-0c9dc00fbab6</id>
    <assetName>content.2eb06f6c-e60c-412f-86e5-54d33590707a</assetName>
    <assetType>contentlet</assetType>
    <parentPath>/</parentPath>
    <hostId>8a7d5e23-da1e-420a-b4f0-471e7da8ea2d</hostId>
  </com.dotmarketing.beans.Identifier>
  <com.dotmarketing.beans.Identifier>
    <id>9279dd4d-d993-4f6a-9a5b-531123b36c77</id>
    <assetName>content.434b02b9-6953-4d80-89ac-357340fcc6e8</assetName>
    <assetType>contentlet</assetType>
    <parentPath>/</parentPath>
    <hostId>8a7d5e23-da1e-420a-b4f0-471e7da8ea2d</hostId>
  </com.dotmarketing.beans.Identifier>
  <com.dotmarketing.beans.Identifier>
    <id>96f4a7ad-1cce-448a-85ba-05bb60019cc0</id>
    <assetName>content.647b2bee-493f-42f6-9ac7-2561c2e49031</assetName>
    <assetType>contentlet</assetType>
    <parentPath>/</parentPath>
    <hostId>8a7d5e23-da1e-420a-b4f0-471e7da8ea2d</hostId>
  </com.dotmarketing.beans.Identifier>
  <com.dotmarketing.beans.Identifier>
    <id>975fa960-0e83-482b-bb94-73e530b5aa2d</id>
    <assetName>content.ef061afd-c61a-43a2-ba15-1c97e7178ac8</assetName>
    <assetType>contentlet</assetType>
    <parentPath>/</parentPath>
    <hostId>8a7d5e23-da1e-420a-b4f0-471e7da8ea2d</hostId>
  </com.dotmarketing.beans.Identifier>
  <com.dotmarketing.beans.Identifier>
    <id>991ba2c3-fd32-49e7-a52d-90f67ab36ffe</id>
    <assetName>content.eecd4b5c-1d39-4db2-a996-83b921b9021b</assetName>
    <assetType>contentlet</assetType>
    <parentPath>/</parentPath>
    <hostId>8a7d5e23-da1e-420a-b4f0-471e7da8ea2d</hostId>
  </com.dotmarketing.beans.Identifier>
  <com.dotmarketing.beans.Identifier>
    <id>99f5600c-35e3-450e-ac45-1511b979e742</id>
    <assetName>content.3aca5d4f-5738-450b-8605-6ceefe0e8b51</assetName>
    <assetType>contentlet</assetType>
    <parentPath>/</parentPath>
    <hostId>8a7d5e23-da1e-420a-b4f0-471e7da8ea2d</hostId>
  </com.dotmarketing.beans.Identifier>
  <com.dotmarketing.beans.Identifier>
    <id>9b138a0a-173c-43d6-8833-62aaf8f79db5</id>
    <assetName>content.223c1379-5575-4a32-9dba-a86bb9f3d49b</assetName>
    <assetType>contentlet</assetType>
    <parentPath>/</parentPath>
    <hostId>8a7d5e23-da1e-420a-b4f0-471e7da8ea2d</hostId>
  </com.dotmarketing.beans.Identifier>
  <com.dotmarketing.beans.Identifier>
    <id>9b558d78-625c-48ec-a84b-72b5ba66fb6e</id>
    <assetName>content.39d7abae-d898-4e61-8d4a-2f333564975a</assetName>
    <assetType>contentlet</assetType>
    <parentPath>/</parentPath>
    <hostId>8a7d5e23-da1e-420a-b4f0-471e7da8ea2d</hostId>
  </com.dotmarketing.beans.Identifier>
  <com.dotmarketing.beans.Identifier>
    <id>a1ed2923-28de-40fd-baad-0ba2e46fdc55</id>
    <assetName>content.ff771537-fccc-4af2-9df4-8fd9b7207eb5</assetName>
    <assetType>contentlet</assetType>
    <parentPath>/</parentPath>
    <hostId>8a7d5e23-da1e-420a-b4f0-471e7da8ea2d</hostId>
  </com.dotmarketing.beans.Identifier>
  <com.dotmarketing.beans.Identifier>
    <id>a8c648a9-7355-4b0e-b769-37785a43f86b</id>
    <assetName>content.dd94258a-1651-4c9b-94c5-77c3330692e2</assetName>
    <assetType>contentlet</assetType>
    <parentPath>/</parentPath>
    <hostId>8a7d5e23-da1e-420a-b4f0-471e7da8ea2d</hostId>
  </com.dotmarketing.beans.Identifier>
  <com.dotmarketing.beans.Identifier>
    <id>a9dd8408-0652-4bed-ae5b-8e70f8a2464a</id>
    <assetName>content.e92f7073-16b5-48b3-929a-32ca055391ca</assetName>
    <assetType>contentlet</assetType>
    <parentPath>/</parentPath>
    <hostId>8a7d5e23-da1e-420a-b4f0-471e7da8ea2d</hostId>
  </com.dotmarketing.beans.Identifier>
  <com.dotmarketing.beans.Identifier>
    <id>aa36b6d0-aa85-4947-bdee-5b95ff38a2a0</id>
    <assetName>content.0275f2f2-7f77-4299-a219-cfc220ea6a41</assetName>
    <assetType>contentlet</assetType>
    <parentPath>/</parentPath>
    <hostId>8a7d5e23-da1e-420a-b4f0-471e7da8ea2d</hostId>
  </com.dotmarketing.beans.Identifier>
  <com.dotmarketing.beans.Identifier>
    <id>ac5bf899-5cea-47a7-83d8-0a6bcd2e8ecf</id>
    <assetName>content.1975d644-ceeb-409a-aa2d-860172213ec8</assetName>
    <assetType>contentlet</assetType>
    <parentPath>/</parentPath>
    <hostId>8a7d5e23-da1e-420a-b4f0-471e7da8ea2d</hostId>
  </com.dotmarketing.beans.Identifier>
  <com.dotmarketing.beans.Identifier>
    <id>ad95f54d-2a11-454c-8026-720377f5cab9</id>
    <assetName>content.d29dfff4-4593-4848-855d-2643bb96afc1</assetName>
    <assetType>contentlet</assetType>
    <parentPath>/</parentPath>
    <hostId>8a7d5e23-da1e-420a-b4f0-471e7da8ea2d</hostId>
  </com.dotmarketing.beans.Identifier>
  <com.dotmarketing.beans.Identifier>
    <id>adddbc0d-0ca6-4643-b6f8-d44a2bfa8b22</id>
    <assetName>content.d85b3929-0de9-4319-8e78-2e925a349f10</assetName>
    <assetType>contentlet</assetType>
    <parentPath>/</parentPath>
    <hostId>8a7d5e23-da1e-420a-b4f0-471e7da8ea2d</hostId>
  </com.dotmarketing.beans.Identifier>
  <com.dotmarketing.beans.Identifier>
    <id>ae2397ea-d569-42a1-88b8-2fef83f2049c</id>
    <assetName>content.8daf3b70-af47-4e93-89f4-c21a7e7276a1</assetName>
    <assetType>contentlet</assetType>
    <parentPath>/</parentPath>
    <hostId>8a7d5e23-da1e-420a-b4f0-471e7da8ea2d</hostId>
  </com.dotmarketing.beans.Identifier>
  <com.dotmarketing.beans.Identifier>
    <id>b08c390c-ee42-4785-ac41-2392427421fb</id>
    <assetName>content.0ead3cc6-6ebc-4693-8617-a94cc6033016</assetName>
    <assetType>contentlet</assetType>
    <parentPath>/</parentPath>
    <hostId>8a7d5e23-da1e-420a-b4f0-471e7da8ea2d</hostId>
  </com.dotmarketing.beans.Identifier>
  <com.dotmarketing.beans.Identifier>
    <id>b44a2f81-21ee-4ac0-8820-e22173e2deea</id>
    <assetName>content.0053b0a7-b17d-49b6-97ca-48e71dc0899e</assetName>
    <assetType>contentlet</assetType>
    <parentPath>/</parentPath>
    <hostId>8a7d5e23-da1e-420a-b4f0-471e7da8ea2d</hostId>
  </com.dotmarketing.beans.Identifier>
  <com.dotmarketing.beans.Identifier>
    <id>b4fd6b62-f65e-4eed-b764-45825cc026ac</id>
    <assetName>content.3b653415-973d-42bb-ba48-6e4299eeff65</assetName>
    <assetType>contentlet</assetType>
    <parentPath>/</parentPath>
    <hostId>8a7d5e23-da1e-420a-b4f0-471e7da8ea2d</hostId>
  </com.dotmarketing.beans.Identifier>
  <com.dotmarketing.beans.Identifier>
    <id>b502b751-241d-484e-b83f-f1bfb11cf86c</id>
    <assetName>content.80990640-6ab2-411d-bf89-aa29fcf85914</assetName>
    <assetType>contentlet</assetType>
    <parentPath>/</parentPath>
    <hostId>8a7d5e23-da1e-420a-b4f0-471e7da8ea2d</hostId>
  </com.dotmarketing.beans.Identifier>
  <com.dotmarketing.beans.Identifier>
    <id>b74c8755-9b0e-427c-aa15-889aad62fb9f</id>
    <assetName>content.029f8bbb-90a5-4031-a385-87ebca7b66bb</assetName>
    <assetType>contentlet</assetType>
    <parentPath>/</parentPath>
    <hostId>8a7d5e23-da1e-420a-b4f0-471e7da8ea2d</hostId>
  </com.dotmarketing.beans.Identifier>
  <com.dotmarketing.beans.Identifier>
    <id>ba3676fa-72ce-4601-9a03-545612838a95</id>
    <assetName>content.5d6a370b-40ed-4b12-839a-766ec16ec216</assetName>
    <assetType>contentlet</assetType>
    <parentPath>/</parentPath>
    <hostId>8a7d5e23-da1e-420a-b4f0-471e7da8ea2d</hostId>
  </com.dotmarketing.beans.Identifier>
  <com.dotmarketing.beans.Identifier>
    <id>babf38d0-580c-4410-bc6a-1af9b4391cd9</id>
    <assetName>content.e7052fd8-9443-46c4-bc96-5b41926e69ac</assetName>
    <assetType>contentlet</assetType>
    <parentPath>/</parentPath>
    <hostId>8a7d5e23-da1e-420a-b4f0-471e7da8ea2d</hostId>
  </com.dotmarketing.beans.Identifier>
  <com.dotmarketing.beans.Identifier>
    <id>bc23ef47-b10c-435d-b824-20d8b14b4a54</id>
    <assetName>content.e3286eff-978e-4c7e-bb38-9a816ebe9414</assetName>
    <assetType>contentlet</assetType>
    <parentPath>/</parentPath>
    <hostId>8a7d5e23-da1e-420a-b4f0-471e7da8ea2d</hostId>
  </com.dotmarketing.beans.Identifier>
  <com.dotmarketing.beans.Identifier>
    <id>c3abcd6d-89a4-4b5e-8bb8-61fe1356cb19</id>
    <assetName>content.d63a0002-1e3f-4386-87c9-a985156a4b56</assetName>
    <assetType>contentlet</assetType>
    <parentPath>/</parentPath>
    <hostId>8a7d5e23-da1e-420a-b4f0-471e7da8ea2d</hostId>
  </com.dotmarketing.beans.Identifier>
  <com.dotmarketing.beans.Identifier>
    <id>c5d4c8ac-6a44-4d86-89c1-2076f3861c5f</id>
    <assetName>content.1dd002a2-61fb-438a-a4b9-f2aaf00f1e17</assetName>
    <assetType>contentlet</assetType>
    <parentPath>/</parentPath>
    <hostId>8a7d5e23-da1e-420a-b4f0-471e7da8ea2d</hostId>
  </com.dotmarketing.beans.Identifier>
  <com.dotmarketing.beans.Identifier>
    <id>ca28f9a9-62df-4d5f-8a90-b7b8219bce93</id>
    <assetName>content.ce43eae4-848e-4f9d-9feb-ac4b335aefad</assetName>
    <assetType>contentlet</assetType>
    <parentPath>/</parentPath>
    <hostId>8a7d5e23-da1e-420a-b4f0-471e7da8ea2d</hostId>
  </com.dotmarketing.beans.Identifier>
  <com.dotmarketing.beans.Identifier>
    <id>ca8a655c-22f7-4f1f-a7ef-abd5be32fbde</id>
    <assetName>content.498ba45b-5ae5-46d4-b2fb-f108f509926a</assetName>
    <assetType>contentlet</assetType>
    <parentPath>/</parentPath>
    <hostId>8a7d5e23-da1e-420a-b4f0-471e7da8ea2d</hostId>
  </com.dotmarketing.beans.Identifier>
  <com.dotmarketing.beans.Identifier>
    <id>cb8584d8-0a12-4337-a88b-1c6500a10708</id>
    <assetName>content.5311f4bb-cc07-48fd-a0b5-9c950a96fe95</assetName>
    <assetType>contentlet</assetType>
    <parentPath>/</parentPath>
    <hostId>8a7d5e23-da1e-420a-b4f0-471e7da8ea2d</hostId>
  </com.dotmarketing.beans.Identifier>
  <com.dotmarketing.beans.Identifier>
    <id>cbfef48c-4d4f-4bd2-b8ea-70c6c927290f</id>
    <assetName>content.8f6ec4b6-3009-4588-8d16-cfd68cbf8dc2</assetName>
    <assetType>contentlet</assetType>
    <parentPath>/</parentPath>
    <hostId>8a7d5e23-da1e-420a-b4f0-471e7da8ea2d</hostId>
  </com.dotmarketing.beans.Identifier>
  <com.dotmarketing.beans.Identifier>
    <id>cd39d03e-447a-49fb-b341-80ed1cd6ab70</id>
    <assetName>content.e854024b-fd47-4e9e-834d-864b28653574</assetName>
    <assetType>contentlet</assetType>
    <parentPath>/</parentPath>
    <hostId>8a7d5e23-da1e-420a-b4f0-471e7da8ea2d</hostId>
  </com.dotmarketing.beans.Identifier>
  <com.dotmarketing.beans.Identifier>
    <id>d11dd953-8420-4b4d-bce9-512a143be4a7</id>
    <assetName>content.de8485c2-a859-4be2-bd24-9882a616a4eb</assetName>
    <assetType>contentlet</assetType>
    <parentPath>/</parentPath>
    <hostId>8a7d5e23-da1e-420a-b4f0-471e7da8ea2d</hostId>
  </com.dotmarketing.beans.Identifier>
  <com.dotmarketing.beans.Identifier>
    <id>d2739c63-3a93-43bd-b862-3c1cef2a5ad1</id>
    <assetName>content.c9edd325-9fb8-443c-9c3d-6437d04e0da1</assetName>
    <assetType>contentlet</assetType>
    <parentPath>/</parentPath>
    <hostId>8a7d5e23-da1e-420a-b4f0-471e7da8ea2d</hostId>
  </com.dotmarketing.beans.Identifier>
  <com.dotmarketing.beans.Identifier>
    <id>d56d64f7-9f95-4bc0-bd63-269141ab5626</id>
    <assetName>content.33bc6c03-0cdc-4eca-8cb6-1ee3e8cad591</assetName>
    <assetType>contentlet</assetType>
    <parentPath>/</parentPath>
    <hostId>8a7d5e23-da1e-420a-b4f0-471e7da8ea2d</hostId>
  </com.dotmarketing.beans.Identifier>
  <com.dotmarketing.beans.Identifier>
    <id>d6519e8e-61fa-44ff-83cd-c1921ed0cf30</id>
    <assetName>content.b7605ece-aec6-469b-bd75-eef3df6500cf</assetName>
    <assetType>contentlet</assetType>
    <parentPath>/</parentPath>
    <hostId>8a7d5e23-da1e-420a-b4f0-471e7da8ea2d</hostId>
  </com.dotmarketing.beans.Identifier>
  <com.dotmarketing.beans.Identifier>
    <id>dcf569b0-6ebc-4b65-b18b-81a4adfafff6</id>
    <assetName>content.d1987bf5-7934-4019-a6a6-a3a60e79df82</assetName>
    <assetType>contentlet</assetType>
    <parentPath>/</parentPath>
    <hostId>8a7d5e23-da1e-420a-b4f0-471e7da8ea2d</hostId>
  </com.dotmarketing.beans.Identifier>
  <com.dotmarketing.beans.Identifier>
    <id>e02df7cc-c8b3-482b-aab0-118ff6c1f765</id>
    <assetName>content.8b4e8632-0d84-419e-9839-7708ae9ac702</assetName>
    <assetType>contentlet</assetType>
    <parentPath>/</parentPath>
    <hostId>8a7d5e23-da1e-420a-b4f0-471e7da8ea2d</hostId>
  </com.dotmarketing.beans.Identifier>
  <com.dotmarketing.beans.Identifier>
    <id>e0ac8897-dc6e-4f30-9641-4f9915d9a815</id>
    <assetName>content.7a17c544-d8c0-4cba-80e4-677c6c031ce9</assetName>
    <assetType>contentlet</assetType>
    <parentPath>/</parentPath>
    <hostId>8a7d5e23-da1e-420a-b4f0-471e7da8ea2d</hostId>
  </com.dotmarketing.beans.Identifier>
  <com.dotmarketing.beans.Identifier>
    <id>e19d3935-bb44-44f6-a534-cfd272703655</id>
    <assetName>content.3d2b98ed-7a14-4204-8ea8-ca6e910937d7</assetName>
    <assetType>contentlet</assetType>
    <parentPath>/</parentPath>
    <hostId>8a7d5e23-da1e-420a-b4f0-471e7da8ea2d</hostId>
  </com.dotmarketing.beans.Identifier>
  <com.dotmarketing.beans.Identifier>
    <id>eb3f85a1-4812-48cd-a6ae-8f8b3f63d875</id>
    <assetName>content.391ed9dc-65e5-453e-88fb-9cbdbb5dff68</assetName>
    <assetType>contentlet</assetType>
    <parentPath>/</parentPath>
    <hostId>8a7d5e23-da1e-420a-b4f0-471e7da8ea2d</hostId>
  </com.dotmarketing.beans.Identifier>
  <com.dotmarketing.beans.Identifier>
    <id>ec0d4714-90db-4c36-b91b-94896ad02413</id>
    <assetName>content.1d698d8f-35da-4f85-a24f-ddce66d49bf5</assetName>
    <assetType>contentlet</assetType>
    <parentPath>/</parentPath>
    <hostId>8a7d5e23-da1e-420a-b4f0-471e7da8ea2d</hostId>
  </com.dotmarketing.beans.Identifier>
  <com.dotmarketing.beans.Identifier>
    <id>ec2c1097-5aca-4ab0-affe-296025d93a0a</id>
    <assetName>content.99f88daa-8f63-4394-ade3-71faf6465c3b</assetName>
    <assetType>contentlet</assetType>
    <parentPath>/</parentPath>
    <hostId>8a7d5e23-da1e-420a-b4f0-471e7da8ea2d</hostId>
  </com.dotmarketing.beans.Identifier>
  <com.dotmarketing.beans.Identifier>
    <id>f0c89392-4ab2-4980-9aa2-ede8a0c7748d</id>
    <assetName>content.78f4013e-60e0-4d24-ac1d-6ae33eeb9758</assetName>
    <assetType>contentlet</assetType>
    <parentPath>/</parentPath>
    <hostId>8a7d5e23-da1e-420a-b4f0-471e7da8ea2d</hostId>
  </com.dotmarketing.beans.Identifier>
  <com.dotmarketing.beans.Identifier>
    <id>f1cd30d6-a0b4-4a8b-a6f4-cd649124709c</id>
    <assetName>content.e2620725-6f94-4d9c-85ac-7ea3e0d9e7df</assetName>
    <assetType>contentlet</assetType>
    <parentPath>/</parentPath>
    <hostId>8a7d5e23-da1e-420a-b4f0-471e7da8ea2d</hostId>
  </com.dotmarketing.beans.Identifier>
  <com.dotmarketing.beans.Identifier>
    <id>f3ea6521-047b-4f6b-8795-936bfacf3a27</id>
    <assetName>content.22cc6bf7-ba88-41a6-9cec-2703001a08d0</assetName>
    <assetType>contentlet</assetType>
    <parentPath>/</parentPath>
    <hostId>8a7d5e23-da1e-420a-b4f0-471e7da8ea2d</hostId>
  </com.dotmarketing.beans.Identifier>
  <com.dotmarketing.beans.Identifier>
    <id>f4ba0d4f-494a-4bbb-9e8e-891f96314080</id>
    <assetName>content.4d780ca4-00d4-4189-a338-d1e6d69b6655</assetName>
    <assetType>contentlet</assetType>
    <parentPath>/</parentPath>
    <hostId>8a7d5e23-da1e-420a-b4f0-471e7da8ea2d</hostId>
  </com.dotmarketing.beans.Identifier>
  <com.dotmarketing.beans.Identifier>
    <id>f4d34872-dbaf-4168-8ab3-515daa8be6e5</id>
    <assetName>content.0326da35-cd06-47e8-ae2e-d798d76a7a0d</assetName>
    <assetType>contentlet</assetType>
    <parentPath>/</parentPath>
    <hostId>8a7d5e23-da1e-420a-b4f0-471e7da8ea2d</hostId>
  </com.dotmarketing.beans.Identifier>
  <com.dotmarketing.beans.Identifier>
    <id>f8d2cee4-ece3-42a2-bd2a-1c612758948b</id>
    <assetName>content.ab5640af-cc6a-426c-87ca-1e9d5fe0bfd0</assetName>
    <assetType>contentlet</assetType>
    <parentPath>/</parentPath>
    <hostId>8a7d5e23-da1e-420a-b4f0-471e7da8ea2d</hostId>
  </com.dotmarketing.beans.Identifier>
  <com.dotmarketing.beans.Identifier>
    <id>f8dd13e7-074c-4f33-9d06-a484306bde59</id>
    <assetName>content.6530bfe7-52f6-42ea-81e1-1fac4bf11630</assetName>
    <assetType>contentlet</assetType>
    <parentPath>/</parentPath>
    <hostId>8a7d5e23-da1e-420a-b4f0-471e7da8ea2d</hostId>
  </com.dotmarketing.beans.Identifier>
  <com.dotmarketing.beans.Identifier>
    <id>faa94cbe-2971-4d35-93bb-653006c9d9f4</id>
    <assetName>content.0dd015de-9cf0-43b2-b227-f1b441ea342a</assetName>
    <assetType>contentlet</assetType>
    <parentPath>/</parentPath>
    <hostId>8a7d5e23-da1e-420a-b4f0-471e7da8ea2d</hostId>
  </com.dotmarketing.beans.Identifier>
  <com.dotmarketing.beans.Identifier>
    <id>fd9fa20b-36a1-444e-bbba-f7868fd6ae7b</id>
    <assetName>content.31342eb4-e94f-44eb-b32a-b9503b73f5d8</assetName>
    <assetType>contentlet</assetType>
    <parentPath>/</parentPath>
    <hostId>8a7d5e23-da1e-420a-b4f0-471e7da8ea2d</hostId>
  </com.dotmarketing.beans.Identifier>
  <com.dotmarketing.beans.Identifier>
    <id>fe89a485-8a5c-4a5c-852c-5f2ddd02a4b8</id>
    <assetName>content.8f7451f6-f427-4cf5-b7d5-4fd3c926ffbd</assetName>
    <assetType>contentlet</assetType>
    <parentPath>/</parentPath>
    <hostId>8a7d5e23-da1e-420a-b4f0-471e7da8ea2d</hostId>
  </com.dotmarketing.beans.Identifier>
  <com.dotmarketing.beans.Identifier>
    <id>fee92a2c-d1b9-4a6d-a5da-075d1c4ce0d7</id>
    <assetName>content.906be86e-b2ee-4cc8-a1fe-05c4658a2e92</assetName>
    <assetType>contentlet</assetType>
    <parentPath>/</parentPath>
    <hostId>8a7d5e23-da1e-420a-b4f0-471e7da8ea2d</hostId>
  </com.dotmarketing.beans.Identifier>
  <com.dotmarketing.beans.Identifier>
    <id>SYSTEM_HOST</id>
    <assetName>system host</assetName>
    <assetType>contentlet</assetType>
    <parentPath>/</parentPath>
    <hostId>SYSTEM_HOST</hostId>
  </com.dotmarketing.beans.Identifier>
  <com.dotmarketing.beans.Identifier>
    <id>bc9a1d37-dd2d-4d49-a29d-0c9be740bfaf</id>
    <assetName>system folder</assetName>
    <assetType>folder</assetType>
    <parentPath>/System folder</parentPath>
    <hostId>SYSTEM_HOST</hostId>
  </com.dotmarketing.beans.Identifier>
</list>