<list>
  <com.dotmarketing.portlets.workflows.model.WorkflowTask>
    <id>5bf1b49e-8817-4143-b62c-dd7a91dee560</id>
    <creationDate class="sql-timestamp">2023-10-20 17:13:18.124</creationDate>
    <modDate class="sql-timestamp">2023-10-20 17:13:18.124</modDate>
    <createdBy>e7d4e34e-5127-45fc-8123-d48b62d510e3</createdBy>
    <assignedTo>e7d4e34e-5127-45fc-8123-d48b62d510e3</assignedTo>
    <title>Technology and Architecture</title>
    <description></description>
    <status>dc3c9cd0-8467-404b-bf95-cb7df3fbc293</status>
    <webasset>3941b288-61d4-420a-a241-8099c11451e0</webasset>
    <languageId>1</languageId>
  </com.dotmarketing.portlets.workflows.model.WorkflowTask>
</list>