<list>
  <com.dotmarketing.beans.Identifier>
    <id>3941b288-61d4-420a-a241-8099c11451e0</id>
    <assetName>content.0db9e903-55f6-4181-a466-1ecf55425c4f</assetName>
    <assetType>contentlet</assetType>
    <parentPath>/</parentPath>
    <hostId>8a7d5e23-da1e-420a-b4f0-471e7da8ea2d</hostId>
  </com.dotmarketing.beans.Identifier>
  <com.dotmarketing.beans.Identifier>
    <id>8a7d5e23-da1e-420a-b4f0-471e7da8ea2d</id>
    <assetName>content.165e4485-bfd5-4f97-a387-b118d9d5cd79</assetName>
    <assetType>contentlet</assetType>
    <parentPath>/</parentPath>
    <hostId>SYSTEM_HOST</hostId>
  </com.dotmarketing.beans.Identifier>
  <com.dotmarketing.beans.Identifier>
    <id>SYSTEM_HOST</id>
    <assetName>system host</assetName>
    <assetType>contentlet</assetType>
    <parentPath>/</parentPath>
    <hostId>SYSTEM_HOST</hostId>
  </com.dotmarketing.beans.Identifier>
  <com.dotmarketing.beans.Identifier>
    <id>bc9a1d37-dd2d-4d49-a29d-0c9be740bfaf</id>
    <assetName>system folder</assetName>
    <assetType>folder</assetType>
    <parentPath>/System folder</parentPath>
    <hostId>SYSTEM_HOST</hostId>
  </com.dotmarketing.beans.Identifier>
</list>