<list>
  <com.dotmarketing.plugin.model.Plugin>
    <id>com.dotcms.category.fix</id>
    <pluginName>dotCMS import starter fix plugin</pluginName>
    <pluginVersion>1.0</pluginVersion>
    <author>dotCMS</author>
    <firstDeployedDate class="sql-timestamp">2023-10-19 15:46:08.575</firstDeployedDate>
    <lastDeployedDate class="sql-timestamp">2023-10-19 15:46:08.575</lastDeployedDate>
  </com.dotmarketing.plugin.model.Plugin>
  <com.dotmarketing.plugin.model.Plugin>
    <id>com.dotcms.config</id>
    <pluginName>dotCMS Config</pluginName>
    <pluginVersion>1.0</pluginVersion>
    <author>dotCMS</author>
    <firstDeployedDate class="sql-timestamp">2023-10-19 15:46:08.614</firstDeployedDate>
    <lastDeployedDate class="sql-timestamp">2023-10-19 15:46:08.614</lastDeployedDate>
  </com.dotmarketing.plugin.model.Plugin>
  <com.dotmarketing.plugin.model.Plugin>
    <id>com.motiv.cacheBuster</id>
    <pluginName>dotCMS Config</pluginName>
    <pluginVersion>1.0</pluginVersion>
    <author>dotCMS</author>
    <firstDeployedDate class="sql-timestamp">2023-10-19 15:46:08.627</firstDeployedDate>
    <lastDeployedDate class="sql-timestamp">2023-10-19 15:46:08.627</lastDeployedDate>
  </com.dotmarketing.plugin.model.Plugin>
  <com.dotmarketing.plugin.model.Plugin>
    <id>hotfix-GIT-18912_v5.3.3</id>
    <pluginName>hotfix-GIT-18912_v5.3.3</pluginName>
    <pluginVersion>1.0</pluginVersion>
    <author>dotCMS</author>
    <firstDeployedDate class="sql-timestamp">2023-10-19 15:46:08.638</firstDeployedDate>
    <lastDeployedDate class="sql-timestamp">2023-10-19 15:46:08.638</lastDeployedDate>
  </com.dotmarketing.plugin.model.Plugin>
  <com.dotmarketing.plugin.model.Plugin>
    <id>hotfix-GIT-19245_v5.3.4.1</id>
    <pluginName>hotfix-GIT-19245_v5.3.4.1</pluginName>
    <pluginVersion>1.0</pluginVersion>
    <author>dotCMS</author>
    <firstDeployedDate class="sql-timestamp">2023-10-19 15:46:08.646</firstDeployedDate>
    <lastDeployedDate class="sql-timestamp">2023-10-19 15:46:08.646</lastDeployedDate>
  </com.dotmarketing.plugin.model.Plugin>
</list>