<list>
  <com.dotmarketing.portlets.contentlet.model.ContentletVersionInfo>
    <identifier>3941b288-61d4-420a-a241-8099c11451e0</identifier>
    <liveInode>0db9e903-55f6-4181-a466-1ecf55425c4f</liveInode>
    <workingInode>0db9e903-55f6-4181-a466-1ecf55425c4f</workingInode>
    <lockedOn class="sql-timestamp">2023-10-20 17:13:18.106</lockedOn>
    <deleted>false</deleted>
    <versionTs class="sql-timestamp">2023-10-20 17:13:18.116</versionTs>
    <lang>1</lang>
  </com.dotmarketing.portlets.contentlet.model.ContentletVersionInfo>
  <com.dotmarketing.portlets.contentlet.model.ContentletVersionInfo>
    <identifier>8a7d5e23-da1e-420a-b4f0-471e7da8ea2d</identifier>
    <liveInode>1b407535-67e3-4f21-ad00-8ef5ef492d64</liveInode>
    <workingInode>1b407535-67e3-4f21-ad00-8ef5ef492d64</workingInode>
    <deleted>false</deleted>
    <versionTs class="sql-timestamp">2023-10-20 17:14:37.282611</versionTs>
    <lang>1</lang>
  </com.dotmarketing.portlets.contentlet.model.ContentletVersionInfo>
  <com.dotmarketing.portlets.contentlet.model.ContentletVersionInfo>
    <identifier>SYSTEM_HOST</identifier>
    <liveInode>dbdec5e2-c02b-4cfb-83a9-4a4c4f3b2eb0</liveInode>
    <workingInode>dbdec5e2-c02b-4cfb-83a9-4a4c4f3b2eb0</workingInode>
    <lockedOn class="sql-timestamp">2012-06-07 09:46:26.0</lockedOn>
    <deleted>false</deleted>
    <versionTs class="sql-timestamp">2020-04-20 20:23:51.289</versionTs>
    <lang>1</lang>
  </com.dotmarketing.portlets.contentlet.model.ContentletVersionInfo>
</list>