{"content":"// Variables\n//\n// Variables should follow the `$component-state-property-size` formula for\n// consistent naming. Ex: $nav-link-disabled-color and $modal-content-box-shadow-xs.\n\n\n//\n// Color system\n//\n\n// stylelint-disable\n$white:    #fff !default;\n$gray-100: #f8f9fa !default;\n$gray-200: #e9ecef !default;\n$gray-300: #dee2e6 !default;\n$gray-400: #ced4da !default;\n$gray-500: #adb5bd !default;\n$gray-600: #6c757d !default;\n$gray-700: #495057 !default;\n$gray-800: #343a40 !default;\n$gray-900: #212529 !default;\n$black:    #000 !default;\n\n$grays: () !default;\n$grays: map-merge((\n  \"100\": $gray-100,\n  \"200\": $gray-200,\n  \"300\": $gray-300,\n  \"400\": $gray-400,\n  \"500\": $gray-500,\n  \"600\": $gray-600,\n  \"700\": $gray-700,\n  \"800\": $gray-800,\n  \"900\": $gray-900\n), $grays);\n\n$blue:    #428bca !default;\n$indigo:  #6610f2 !default;\n$purple:  #6f42c1 !default;\n$pink:    #e83e8c !default;\n$red:     #dc3545 !default;\n$orange:  #fd7e14 !default;\n$yellow:  #ffc107 !default;\n$green:   #28a745 !default;\n$teal:    #20c997 !default;\n$cyan:    #17a2b8 !default;\n\n$colors: () !default;\n$colors: map-merge((\n  \"blue\":       $blue,\n  \"indigo\":     $indigo,\n  \"purple\":     $purple,\n  \"pink\":       $pink,\n  \"red\":        $red,\n  \"orange\":     $orange,\n  \"yellow\":     $yellow,\n  \"green\":      $green,\n  \"teal\":       $teal,\n  \"cyan\":       $cyan,\n  \"white\":      $white,\n  \"gray\":       $gray-600,\n  \"gray-dark\":  $gray-800\n), $colors);\n\n$primary:       $blue !default;\n$secondary:     $gray-600 !default;\n$success:       $green !default;\n$info:          $cyan !default;\n$warning:       $yellow !default;\n$danger:        $red !default;\n$light:         $gray-100 !default;\n$dark:          $gray-800 !default;\n\n$theme-colors: () !default;\n$theme-colors: map-merge((\n  \"primary\":    $primary,\n  \"secondary\":  $secondary,\n  \"success\":    $success,\n  \"info\":       $info,\n  \"warning\":    $warning,\n  \"danger\":     $danger,\n  \"light\":      $light,\n  \"dark\":       $dark\n), $theme-colors);\n// stylelint-enable\n\n// Set a specific jump point for requesting color jumps\n$theme-color-interval:      8% !default;\n\n// The yiq lightness value that determines when the lightness of color changes from \"dark\" to \"light\". Acceptable values are between 0 and 255.\n$yiq-contrasted-threshold: 150 !default;\n\n// Customize the light and dark text colors for use in our YIQ color contrast function.\n$yiq-text-dark: $gray-900 !default;\n$yiq-text-light: $white !default;\n\n// Options\n//\n// Quickly modify global styling by enabling or disabling optional features.\n\n$enable-caret:              true !default;\n$enable-rounded:            true !default;\n$enable-shadows:            false !default;\n$enable-gradients:          false !default;\n$enable-transitions:        true !default;\n$enable-hover-media-query:  false !default; // Deprecated, no longer affects any compiled CSS\n$enable-grid-classes:       true !default;\n$enable-print-styles:       true !default;\n\n\n// Spacing\n//\n// Control the default styling of most Bootstrap elements by modifying these\n// variables. Mostly focused on spacing.\n// You can add more entries to the $spacers map, should you need more variation.\n\n// stylelint-disable\n$spacer: 1rem !default;\n$spacers: () !default;\n$spacers: map-merge((\n  0: 0,\n  1: ($spacer * .25),\n  2: ($spacer * .5),\n  3: $spacer,\n  4: ($spacer * 1.5),\n  5: ($spacer * 3)\n), $spacers);\n\n// This variable affects the `.h-*` and `.w-*` classes.\n$sizes: () !default;\n$sizes: map-merge((\n  25: 25%,\n  50: 50%,\n  75: 75%,\n  100: 100%\n), $sizes);\n// stylelint-enable\n\n// Body\n//\n// Settings for the `<body>` element.\n\n$body-bg:                   $white !default;\n$body-color:                $gray-900 !default;\n\n// Links\n//\n// Style anchor elements.\n\n$link-color:                theme-color(\"primary\") !default;\n$link-decoration:           none !default;\n$link-hover-color:          darken($link-color, 15%) !default;\n$link-hover-decoration:     underline !default;\n\n// Paragraphs\n//\n// Style p element.\n\n$paragraph-margin-bottom:   1rem !default;\n\n\n// Grid breakpoints\n//\n// Define the minimum dimensions at which your layout will change,\n// adapting to different screen sizes, for use in media queries.\n\n$grid-breakpoints: (\n  xs: 0,\n  sm: 576px,\n  md: 768px,\n  lg: 992px,\n  xl: 1200px\n) !default;\n\n@include _assert-ascending($grid-breakpoints, \"$grid-breakpoints\");\n@include _assert-starts-at-zero($grid-breakpoints);\n\n\n// Grid containers\n//\n// Define the maximum width of `.container` for different screen sizes.\n\n$container-max-widths: (\n  sm: 540px,\n  md: 720px,\n  lg: 960px,\n  xl: 1140px\n) !default;\n\n@include _assert-ascending($container-max-widths, \"$container-max-widths\");\n\n\n// Grid columns\n//\n// Set the number of columns and specify the width of the gutters.\n\n$grid-columns:                12 !default;\n$grid-gutter-width:           30px !default;\n\n// Components\n//\n// Define common padding and border radius sizes and more.\n\n$line-height-lg:              1.5 !default;\n$line-height-sm:              1.5 !default;\n\n$border-width:                1px !default;\n$border-color:                $gray-300 !default;\n\n$border-radius:               .25rem !defa","contentType":"text/plain; charset=ISO-8859-1","fileSize":35747,"length":35747}