{"content":"#set($blogSearch = $request.getParameter('blogSearch'))\n<div class=\"blog-menu\">\n  <form method=\"get\">\n    <div class=\"input-group search-field\">\n      <input type=\"text\" name=\"blogSearch\" id=\"searchBox\" class=\"form-control py-2\" placeholder=\"Search\" #if($blogSearch != '') value=\"$!{blogSearch}\"#end />\n      <span class=\"input-group-append\">\n        ## <button class=\"btn btn-primary btn-document-search\" type=\"submit\"></button>\n        <button class=\"btn btn-primary\" type=\"button\">\n            <i class=\"fa fa-search\"></i>\n        </button>\n      </span>\n    </div><!-- /search-field -->\n    <input type=\"hidden\" name=\"search\" value=\"true\" />\n  </form>\n\n  <div class=\"card search-filter topics mb-4\">\n    <!-- Default panel contents -->\n    <div class=\"card-header\"><h4 class=\"card-title mb-0\">Topics</h4></div>\n    <div class=\"list-group mb-0\">\n      <a href=\"/blogs/\" class=\"list-group-item#if(!$request.getParameter('cat')) active#end\">Most Recent</a>\n      #foreach($con in $categories.getChildrenCategoriesByKey(\"topic\"))\n        <a href=\"/blogs/?cat=$con.categoryVelocityVarName\" class=\"list-group-item#if($request.getParameter('cat') == $con.categoryVelocityVarName) active#end\">$con.categoryName</a>\n      #end\n    </div>\n  </div>\n\n  <div class=\"card search-filter tags\">\n    <!-- Default panel contents -->\n    <div class=\"card-header\"><h4 class=\"card-title mb-0\">Tags</h4></div>\n    <div class=\"card-body\">\n        <ul class=\"tags-cloud\">\n        \n        #set($blogTags = $estool.search('{\n            \"query\" : {\n\t\t\t\t\"match_all\" : {}\n\t\t\t},\n\t\t\t\"aggs\" : {\n\t\t\t\t\"tags\" : { \n\t\t\t\t    \"terms\" : {\n\t\t\t\t        \"field\" : \"blog.tags\"\n\t\t\t\t    } \n\t\t\t\t}\n\t\t\t}\n\t\t}'))\n\t\t\n\t\t#foreach($f in $blogTags.aggregations)\n\t\t\t#foreach($term in $f.buckets)\n          \t\t<li><a href=\"/blogs/?tag=$term.key\" id=\"$term.key\" data-tag=\"$term.key\">$term.key <span>$term.docCount</span></a></li>\n\t\t\t#end\n\t\t#end\n        </ul>\n      \n    </div>\n  </div>\n\n</div>\n","contentType":"text/plain; charset=ISO-8859-1","fileSize":1939,"length":1939}