{"content":"<script type=\"text/javascript\" src=\"//maps.googleapis.com/maps/api/js?key=${host.googleMap}&v=3.exp&signed_in=true&libraries=places\"></script>\n\n<style>\n  .btn-location {\n    position: relative;\n  }\n  .btn-loader {\n    left: 10px;\n    position: absolute;\n    top: 12px;\n  }\n  .loading {\n    background-image: url('/images/icons/loader.gif');\n    height: 32px;\n    margin: 0 auto;\n    width: 32px;\n  }\n  .map-canvas {\n    height: 400px;\n    width: 100%;\n  }\n  .map-list {\n    display: none;\n    height: 600px;\n  }\n  .media-object img {\n    width: 100px;\n  }\n  .search-filter .panel-heading .btn {\n    display: none;\n    float: right;\n    margin-top: -2px;\n  }\n  .tags-filter {\n    display: none;\n    margin-left: 10px;\n    padding-left: 10px;\n  }\n</style>\n\n\n\n<hr>\n\n\n\n\n\n<div class=\"modal fade bs-example-modal-lg\" role=\"dialog\" id=\"mapModal\">\n  <div class=\"modal-dialog\">\n    <div class=\"modal-content\">\n      <div class=\"modal-header\">\n        <button type=\"button\" class=\"close\" data-dismiss=\"modal\" aria-label=\"Close\"><span aria-hidden=\"true\">×</span></button>\n        <h4 class=\"modal-title\" id=\"myModalLabel\">Pick a location</h4>\n      </div>\n      <div class=\"modal-body map-canvas\" id=\"mapFilter\"></div>\n    </div>\n  </div>\n</div>\n\n<div class=\"row\">\n  <div class=\"col-sm-8\">\n    <h1 class=\"news-listing-headline\" id=\"title\"></h1>\n    <form class=\"form-inline\" id=\"listingTools\">\n      <div class=\"form-group\">\n        <label for=\"exampleInputEmail1\">Update Distance Range:  </label>\n        <select name=\"\" id=\"distanceSelect\" class=\"form-control\">\n\n          <option value=\"50\">50 km</option>\n          <option value=\"100\">100 km</option>\n          <option value=\"200\">200 km</option>\n          <option value=\"500\">500 km</option>\n          <option value=\"1000\" selected>1000 km</option>\n          <option value=\"2000\">2000 km</option>\n          <option value=\"3000\">3000 km</option>\n          <option value=\"200000\">Any</option>\n        </select>\n           or   <button href=\"#\" class=\"btn btn-primary btn-location\" id=\"mapFilterBtn\">Change Your Location</button>\n        <span class=\"tags-filter\" id=\"tagsFilter\"></span>\n      </div>\n    </form>\n    <hr>\n    <div id=\"content\" class=\"loading\">\n      <ul class=\"media-list media-list-extend news-listing\" id=\"newsList\"></ul>\n      <div id=\"mapList\" class=\"map-list\"></div>\n    </div>\n  </div>\n  <div class=\"col-sm-4\">\n    <a href=\"#\" class=\"btn btn-default btn-lg btn-block\" id=\"mapListView\">Map View</a>\n    <br/>\n    <div class=\"panel panel-default search-filter tags\" id=\"panelTags\">\n      <div class=\"panel-heading\">\n        <a href=\"#\" class=\"btn btn-xs btn-default\" id=\"resetFilter\">Reset</a>\n        <h4 class=\"panel-title\">All Tags</h4>\n      </div>\n      <div class=\"list-group\">\n      \n      \n\t\t## Tags - this gets all the tags as aggregations from Elasticsearch\n\n\t\t#set($newsTags = $estool.search('\n\t\t{\n\t\t  \"query\" : {\n\t\t\t\t\"match_all\" : {}\n\t\t\t},\n\t\t\t\"aggs\" : {\n\t\t\t\t\"tags\" : { \"terms\" : {\"field\" : \"news.tags\"} }\n\t\t\t}\n\t\t}\n\n\t\t'\n\t\t))\n\n     \t#foreach($f in $newsTags.aggregations)\n\t\t\t#foreach($term in $f.buckets)\n          \t\t<a href=\"#\" id=\"$term.key\" data-tag=\"$term.key\" class=\"list-group-item js-filter-items\">$term.key ($term.docCount)</a>\n\t\t\t#end\n\t\t#end\n      </div>\n    </div>\n  </div>\n</div>\n\n<script>\n  var _content = $('#content');\n  var _distanceSelect = $('#distanceSelect');\n  var _filterButton = $('.js-filter-items');\n  var _listingTools = $('#listingTools');\n  var _mapFilterBtn = $('#mapFilterBtn');\n  var _mapList = $('#mapList');\n  var _mapListView = $('#mapListView');\n  var _mapModal = $('#mapModal');\n  var _newsList = $('#newsList');\n  var _panelTags = $('#panelTags');\n  var _resetFilter = $('#resetFilter');\n  var _tagsFilter = $('#tagsFilter');\n  \n  var _tag;\n  var address;\n  var contentlets;\n  var distance ;\n  var endPoint = '/api/es/search';\n  var mapFilter = null;\n  var mapList = null;\n  var marker = null;\n  var startLatitude;\n  var startLongitude;\n  var oldDistince=1000;\n  var queryBasic = {\n    'bool': {\n      'must': {\n        'term': {\n          'structureName': 'news'\n        }\n      }\n    }\n  };\n\n  _filterButton.off().on('click', function(e) {\n    filterByTags($(e.target).text());\n  });\n\n  _mapFilterBtn.off().on('click', function(e) {\n    e.preventDefault();\n    _mapModal.modal();\n    if (!mapFilter) {\n      setTimeout(function() {\n        createMapFilter();\n      }, 500);\n    }\n  });\n\n  _resetFilter.on('click', function() {\n    resetFilter();\n  });\n\n  _distanceSelect.off().on('change', updateDistance);\n\n  _mapListView.on('click', function() {\n    if (_mapListView.html() === 'Map View') {\n      mapView();\n    } else {\n      listView();\n    }\n    toggleButton();\n  });\n\n  navigator.geolocation.getCurrentPosition(function(location) {\n    startLatitude = location.coords.latitude;\n    startLongitude = location.coords.longitude;\n    requestDataByLocation();\n  }, handleUserDeniedLocation);\n\n  function mapView() {\n    setTitle('Map View');\n    toggleView();\n    if (!mapList) {\n      requestData({\n        'query': queryBasic,\n        'size': 999 // TODO: use match_all to get all the news\n      }, true);\n","contentType":"text/plain; charset=UTF-8","fileSize":15318,"length":15318}