<list>
  <com.dotmarketing.portlets.workflows.model.WorkflowTask>
    <id>024eace7-aa26-4af0-9119-c408e30641cb</id>
    <creationDate class="sql-timestamp">2020-09-24 15:41:48.507</creationDate>
    <modDate class="sql-timestamp">2020-09-24 15:41:48.507</modDate>
    <createdBy>e7d4e34e-5127-45fc-8123-d48b62d510e3</createdBy>
    <assignedTo>e7d4e34e-5127-45fc-8123-d48b62d510e3</assignedTo>
    <title>Test Content 5</title>
    <status>ee24a4cb-2d15-4c98-b1bd-6327126451f3</status>
    <webasset>45068d97-dba0-4065-b849-8f36043541b1</webasset>
    <languageId>1</languageId>
  </com.dotmarketing.portlets.workflows.model.WorkflowTask>
  <com.dotmarketing.portlets.workflows.model.WorkflowTask>
    <id>03390f81-bafa-42d9-93c5-e185f3fb115c</id>
    <creationDate class="sql-timestamp">2020-09-24 15:41:51.559</creationDate>
    <modDate class="sql-timestamp">2020-09-24 15:41:51.559</modDate>
    <createdBy>e7d4e34e-5127-45fc-8123-d48b62d510e3</createdBy>
    <assignedTo>e7d4e34e-5127-45fc-8123-d48b62d510e3</assignedTo>
    <title>Test Content 68</title>
    <status>ee24a4cb-2d15-4c98-b1bd-6327126451f3</status>
    <webasset>0457e21a-dd52-46e4-a930-841ede543e6d</webasset>
    <languageId>1</languageId>
  </com.dotmarketing.portlets.workflows.model.WorkflowTask>
  <com.dotmarketing.portlets.workflows.model.WorkflowTask>
    <id>04972912-4d80-44bc-84fd-ccc8a150ec21</id>
    <creationDate class="sql-timestamp">2020-09-24 15:41:50.822</creationDate>
    <modDate class="sql-timestamp">2020-09-24 15:41:50.823</modDate>
    <createdBy>e7d4e34e-5127-45fc-8123-d48b62d510e3</createdBy>
    <assignedTo>e7d4e34e-5127-45fc-8123-d48b62d510e3</assignedTo>
    <title>Test Content 51</title>
    <status>ee24a4cb-2d15-4c98-b1bd-6327126451f3</status>
    <webasset>ae2397ea-d569-42a1-88b8-2fef83f2049c</webasset>
    <languageId>1</languageId>
  </com.dotmarketing.portlets.workflows.model.WorkflowTask>
  <com.dotmarketing.portlets.workflows.model.WorkflowTask>
    <id>06a016db-3583-4f37-abd0-5de30a6803dd</id>
    <creationDate class="sql-timestamp">2020-09-24 15:41:52.493</creationDate>
    <modDate class="sql-timestamp">2020-09-24 15:41:52.494</modDate>
    <createdBy>e7d4e34e-5127-45fc-8123-d48b62d510e3</createdBy>
    <assignedTo>e7d4e34e-5127-45fc-8123-d48b62d510e3</assignedTo>
    <title>Test Content 90</title>
    <status>ee24a4cb-2d15-4c98-b1bd-6327126451f3</status>
    <webasset>b44a2f81-21ee-4ac0-8820-e22173e2deea</webasset>
    <languageId>1</languageId>
  </com.dotmarketing.portlets.workflows.model.WorkflowTask>
  <com.dotmarketing.portlets.workflows.model.WorkflowTask>
    <id>076a8538-61c1-473e-8caf-019013d56f53</id>
    <creationDate class="sql-timestamp">2020-09-24 15:41:49.28</creationDate>
    <modDate class="sql-timestamp">2020-09-24 15:41:49.28</modDate>
    <createdBy>e7d4e34e-5127-45fc-8123-d48b62d510e3</createdBy>
    <assignedTo>e7d4e34e-5127-45fc-8123-d48b62d510e3</assignedTo>
    <title>Test Content 18</title>
    <status>ee24a4cb-2d15-4c98-b1bd-6327126451f3</status>
    <webasset>8a5ad304-e6e3-432c-ae38-6a6dd13722ea</webasset>
    <languageId>1</languageId>
  </com.dotmarketing.portlets.workflows.model.WorkflowTask>
  <com.dotmarketing.portlets.workflows.model.WorkflowTask>
    <id>0ee14e6b-8a35-40e3-b909-fa6a7650a6e6</id>
    <creationDate class="sql-timestamp">2020-09-24 15:41:50.774</creationDate>
    <modDate class="sql-timestamp">2020-09-24 15:41:50.775</modDate>
    <createdBy>e7d4e34e-5127-45fc-8123-d48b62d510e3</createdBy>
    <assignedTo>e7d4e34e-5127-45fc-8123-d48b62d510e3</assignedTo>
    <title>Test Content 50</title>
    <status>ee24a4cb-2d15-4c98-b1bd-6327126451f3</status>
    <webasset>ca8a655c-22f7-4f1f-a7ef-abd5be32fbde</webasset>
    <languageId>1</languageId>
  </com.dotmarketing.portlets.workflows.model.WorkflowTask>
  <com.dotmarketing.portlets.workflows.model.WorkflowTask>
    <id>0fb57a75-7a85-4d1d-ad53-3febb9d751b3</id>
    <creationDate class="sql-timestamp">2020-09-24 15:41:50.209</creationDate>
    <modDate class="sql-timestamp">2020-09-24 15:41:50.209</modDate>
    <createdBy>e7d4e34e-5127-45fc-8123-d48b62d510e3</createdBy>
    <assignedTo>e7d4e34e-5127-45fc-8123-d48b62d510e3</assignedTo>
    <title>Test Content 37</title>
    <status>ee24a4cb-2d15-4c98-b1bd-6327126451f3</status>
    <webasset>85850462-a89b-454f-8421-5317c342da25</webasset>
    <languageId>1</languageId>
  </com.dotmarketing.portlets.workflows.model.WorkflowTask>
  <com.dotmarketing.portlets.workflows.model.WorkflowTask>
    <id>129d98f5-c758-4840-956c-ad39bf7a7e6e</id>
    <creationDate class="sql-timestamp">2020-09-24 15:41:52.198</creationDate>
    <modDate class="sql-timestamp">2020-09-24 15:41:52.199</modDate>
    <createdBy>e7d4e34e-5127-45fc-8123-d48b62d510e3</createdBy>
    <assignedTo>e7d4e34e-5127-45fc-8123-d48b62d510e3</assignedTo>
    <title>Test Content 83</title>
    <status>ee24a4cb-2d15-4c98-b1bd-6327126451f3</status>
    <webasset>04f6c7b6-71e7-48af-a43e-5196433b8e98</webasset>
    <languageId>1</languageId>
  </com.dotmarketing.portlets.workflows.model.WorkflowTask>
  <com.dotmarketing.portlets.workflows.model.WorkflowTask>
    <id>1362c759-6e16-4bbd-9f5e-ccf420a36ffe</id>
    <creationDate class="sql-timestamp">2020-09-24 15:41:51.27</creationDate>
    <modDate class="sql-timestamp">2020-09-24 15:41:51.27</modDate>
    <createdBy>e7d4e34e-5127-45fc-8123-d48b62d510e3</createdBy>
    <assignedTo>e7d4e34e-5127-45fc-8123-d48b62d510e3</assignedTo>
    <title>Test Content 61</title>
    <status>ee24a4cb-2d15-4c98-b1bd-6327126451f3</status>
    <webasset>4c7fac47-a4be-4928-8672-022e8806138d</webasset>
    <languageId>1</languageId>
  </com.dotmarketing.portlets.workflows.model.WorkflowTask>
  <com.dotmarketing.portlets.workflows.model.WorkflowTask>
    <id>166a670d-cd95-4a97-94bd-466d55623c04</id>
    <creationDate class="sql-timestamp">2020-09-24 15:41:50.155</creationDate>
    <modDate class="sql-timestamp">2020-09-24 15:41:50.155</modDate>
    <createdBy>e7d4e34e-5127-45fc-8123-d48b62d510e3</createdBy>
    <assignedTo>e7d4e34e-5127-45fc-8123-d48b62d510e3</assignedTo>
    <title>Test Content 36</title>
    <status>ee24a4cb-2d15-4c98-b1bd-6327126451f3</status>
    <webasset>865eef77-181a-4c0f-886f-6af79fa30744</webasset>
    <languageId>1</languageId>
  </com.dotmarketing.portlets.workflows.model.WorkflowTask>
  <com.dotmarketing.portlets.workflows.model.WorkflowTask>
    <id>18e7658c-f7a3-4ff3-8f77-21a3be5bd01c</id>
    <creationDate class="sql-timestamp">2020-09-24 15:41:49.129</creationDate>
    <modDate class="sql-timestamp">2020-09-24 15:41:49.129</modDate>
    <createdBy>e7d4e34e-5127-45fc-8123-d48b62d510e3</createdBy>
    <assignedTo>e7d4e34e-5127-45fc-8123-d48b62d510e3</assignedTo>
    <title>Test Content 15</title>
    <status>ee24a4cb-2d15-4c98-b1bd-6327126451f3</status>
    <webasset>9b558d78-625c-48ec-a84b-72b5ba66fb6e</webasset>
    <languageId>1</languageId>
  </com.dotmarketing.portlets.workflows.model.WorkflowTask>
  <com.dotmarketing.portlets.workflows.model.WorkflowTask>
    <id>1af7ba54-a66f-4c4d-9728-be6370203632</id>
    <creationDate class="sql-timestamp">2020-09-24 15:41:51.639</creationDate>
    <modDate class="sql-timestamp">2020-09-24 15:41:51.639</modDate>
    <createdBy>e7d4e34e-5127-45fc-8123-d48b62d510e3</createdBy>
    <assignedTo>e7d4e34e-5127-45fc-8123-d48b62d510e3</assignedTo>
    <title>Test Content 70</title>
    <status>ee24a4cb-2d15-4c98-b1bd-6327126451f3</status>
    <webasset>991ba2c3-fd32-49e7-a52d-90f67ab36ffe</webasset>
    <languageId>1</languageId>
  </com.dotmarketing.portlets.workflows.model.WorkflowTask>
  <com.dotmarketing.portlets.workflows.model.WorkflowTask>
    <id>1be70614-75eb-41f2-a398-1f4f3ac7954d</id>
    <creationDate class="sql-timestamp">2020-09-24 15:41:51.778</creationDate>
    <modDate class="sql-timestamp">2020-09-24 15:41:51.779</modDate>
    <createdBy>e7d4e34e-5127-45fc-8123-d48b62d510e3</createdBy>
    <assignedTo>e7d4e34e-5127-45fc-8123-d48b62d510e3</assignedTo>
    <title>Test Content 73</title>
    <status>ee24a4cb-2d15-4c98-b1bd-6327126451f3</status>
    <webasset>4ddc4719-c6d3-4559-9bf9-1c626074deb8</webasset>
    <languageId>1</languageId>
  </com.dotmarketing.portlets.workflows.model.WorkflowTask>
  <com.dotmarketing.portlets.workflows.model.WorkflowTask>
    <id>21a5f1ce-d6ec-4d42-bd65-3bcd576420d0</id>
    <creationDate class="sql-timestamp">2020-09-24 15:41:49.945</creationDate>
    <modDate class="sql-timestamp">2020-09-24 15:41:49.945</modDate>
    <createdBy>e7d4e34e-5127-45fc-8123-d48b62d510e3</createdBy>
    <assignedTo>e7d4e34e-5127-45fc-8123-d48b62d510e3</assignedTo>
    <title>Test Content 32</title>
    <status>ee24a4cb-2d15-4c98-b1bd-6327126451f3</status>
    <webasset>1af8a8e4-9b15-4e1e-8510-a34b6e761a4d</webasset>
    <languageId>1</languageId>
  </com.dotmarketing.portlets.workflows.model.WorkflowTask>
  <com.dotmarketing.portlets.workflows.model.WorkflowTask>
    <id>25777a70-d430-4294-81ff-2c808b51a1c5</id>
    <creationDate class="sql-timestamp">2020-09-24 15:41:50.338</creationDate>
    <modDate class="sql-timestamp">2020-09-24 15:41:50.338</modDate>
    <createdBy>e7d4e34e-5127-45fc-8123-d48b62d510e3</createdBy>
    <assignedTo>e7d4e34e-5127-45fc-8123-d48b62d510e3</assignedTo>
    <title>Test Content 40</title>
    <status>ee24a4cb-2d15-4c98-b1bd-6327126451f3</status>
    <webasset>51a795dc-91c1-4dfd-89e7-f84a13e77b8c</webasset>
    <languageId>1</languageId>
  </com.dotmarketing.portlets.workflows.model.WorkflowTask>
  <com.dotmarketing.portlets.workflows.model.WorkflowTask>
    <id>28a1010a-3a86-4249-8639-4b8d84cd1f73</id>
    <creationDate class="sql-timestamp">2020-09-24 15:41:51.988</creationDate>
    <modDate class="sql-timestamp">2020-09-24 15:41:51.988</modDate>
    <createdBy>e7d4e34e-5127-45fc-8123-d48b62d510e3</createdBy>
    <assignedTo>e7d4e34e-5127-45fc-8123-d48b62d510e3</assignedTo>
    <title>Test Content 78</title>
    <status>ee24a4cb-2d15-4c98-b1bd-6327126451f3</status>
    <webasset>0cb263f8-fc9a-41dd-9d4d-12c096a3edb7</webasset>
    <languageId>1</languageId>
  </com.dotmarketing.portlets.workflows.model.WorkflowTask>
  <com.dotmarketing.portlets.workflows.model.WorkflowTask>
    <id>2a47da97-9930-4654-bc39-d35311d0b1b2</id>
    <creationDate class="sql-timestamp">2020-09-24 15:41:48.929</creationDate>
    <modDate class="sql-timestamp">2020-09-24 15:41:48.929</modDate>
    <createdBy>e7d4e34e-5127-45fc-8123-d48b62d510e3</createdBy>
    <assignedTo>e7d4e34e-5127-45fc-8123-d48b62d510e3</assignedTo>
    <title>Test Content 11</title>
    <status>ee24a4cb-2d15-4c98-b1bd-6327126451f3</status>
    <webasset>1835fde6-75fb-4d6d-85ab-f517bb62533e</webasset>
    <languageId>1</languageId>
  </com.dotmarketing.portlets.workflows.model.WorkflowTask>
  <com.dotmarketing.portlets.workflows.model.WorkflowTask>
    <id>2d17583b-f598-4c99-8a18-55788f8fc51a</id>
    <creationDate class="sql-timestamp">2020-09-24 15:41:50.261</creationDate>
    <modDate class="sql-timestamp">2020-09-24 15:41:50.261</modDate>
    <createdBy>e7d4e34e-5127-45fc-8123-d48b62d510e3</createdBy>
    <assignedTo>e7d4e34e-5127-45fc-8123-d48b62d510e3</assignedTo>
    <title>Test Content 38</title>
    <status>ee24a4cb-2d15-4c98-b1bd-6327126451f3</status>
    <webasset>f0c89392-4ab2-4980-9aa2-ede8a0c7748d</webasset>
    <languageId>1</languageId>
  </com.dotmarketing.portlets.workflows.model.WorkflowTask>
  <com.dotmarketing.portlets.workflows.model.WorkflowTask>
    <id>331a80e3-ba07-4064-9045-450645643691</id>
    <creationDate class="sql-timestamp">2020-09-24 15:41:48.641</creationDate>
    <modDate class="sql-timestamp">2020-09-24 15:41:48.642</modDate>
    <createdBy>e7d4e34e-5127-45fc-8123-d48b62d510e3</createdBy>
    <assignedTo>e7d4e34e-5127-45fc-8123-d48b62d510e3</assignedTo>
    <title>Test Content 7</title>
    <status>ee24a4cb-2d15-4c98-b1bd-6327126451f3</status>
    <webasset>f8d2cee4-ece3-42a2-bd2a-1c612758948b</webasset>
    <languageId>1</languageId>
  </com.dotmarketing.portlets.workflows.model.WorkflowTask>
  <com.dotmarketing.portlets.workflows.model.WorkflowTask>
    <id>336720eb-01b5-41a4-af47-9c9ae35205e3</id>
    <creationDate class="sql-timestamp">2020-09-24 15:41:49.804</creationDate>
    <modDate class="sql-timestamp">2020-09-24 15:41:49.804</modDate>
    <createdBy>e7d4e34e-5127-45fc-8123-d48b62d510e3</createdBy>
    <assignedTo>e7d4e34e-5127-45fc-8123-d48b62d510e3</assignedTo>
    <title>Test Content 29</title>
    <status>ee24a4cb-2d15-4c98-b1bd-6327126451f3</status>
    <webasset>5f10302c-f189-4b00-a750-f2c79eae1ab6</webasset>
    <languageId>1</languageId>
  </com.dotmarketing.portlets.workflows.model.WorkflowTask>
  <com.dotmarketing.portlets.workflows.model.WorkflowTask>
    <id>3702f4f4-3a3a-4c7a-801e-75af1468bd05</id>
    <creationDate class="sql-timestamp">2020-09-24 15:41:51.732</creationDate>
    <modDate class="sql-timestamp">2020-09-24 15:41:51.732</modDate>
    <createdBy>e7d4e34e-5127-45fc-8123-d48b62d510e3</createdBy>
    <assignedTo>e7d4e34e-5127-45fc-8123-d48b62d510e3</assignedTo>
    <title>Test Content 72</title>
    <status>ee24a4cb-2d15-4c98-b1bd-6327126451f3</status>
    <webasset>a8c648a9-7355-4b0e-b769-37785a43f86b</webasset>
    <languageId>1</languageId>
  </com.dotmarketing.portlets.workflows.model.WorkflowTask>
  <com.dotmarketing.portlets.workflows.model.WorkflowTask>
    <id>3d391274-338f-4729-a336-125cf996b332</id>
    <creationDate class="sql-timestamp">2020-09-24 15:41:49.33</creationDate>
    <modDate class="sql-timestamp">2020-09-24 15:41:49.33</modDate>
    <createdBy>e7d4e34e-5127-45fc-8123-d48b62d510e3</createdBy>
    <assignedTo>e7d4e34e-5127-45fc-8123-d48b62d510e3</assignedTo>
    <title>Test Content 19</title>
    <status>ee24a4cb-2d15-4c98-b1bd-6327126451f3</status>
    <webasset>f8dd13e7-074c-4f33-9d06-a484306bde59</webasset>
    <languageId>1</languageId>
  </com.dotmarketing.portlets.workflows.model.WorkflowTask>
  <com.dotmarketing.portlets.workflows.model.WorkflowTask>
    <id>3dbff55f-5482-4427-99c6-7fde828d6686</id>
    <creationDate class="sql-timestamp">2020-09-24 15:41:49.896</creationDate>
    <modDate class="sql-timestamp">2020-09-24 15:41:49.896</modDate>
    <createdBy>e7d4e34e-5127-45fc-8123-d48b62d510e3</createdBy>
    <assignedTo>e7d4e34e-5127-45fc-8123-d48b62d510e3</assignedTo>
    <title>Test Content 31</title>
    <status>ee24a4cb-2d15-4c98-b1bd-6327126451f3</status>
    <webasset>dcf569b0-6ebc-4b65-b18b-81a4adfafff6</webasset>
    <languageId>1</languageId>
  </com.dotmarketing.portlets.workflows.model.WorkflowTask>
  <com.dotmarketing.portlets.workflows.model.WorkflowTask>
    <id>40806072-7900-4d39-8bc3-88f2a52d2372</id>
    <creationDate class="sql-timestamp">2020-09-24 15:41:49.85</creationDate>
    <modDate class="sql-timestamp">2020-09-24 15:41:49.85</modDate>
    <createdBy>e7d4e34e-5127-45fc-8123-d48b62d510e3</createdBy>
    <assignedTo>e7d4e34e-5127-45fc-8123-d48b62d510e3</assignedTo>
    <title>Test Content 30</title>
    <status>ee24a4cb-2d15-4c98-b1bd-6327126451f3</status>
    <webasset>7f2e5327-50ba-4e86-8606-f24766e6f04e</webasset>
    <languageId>1</languageId>
  </com.dotmarketing.portlets.workflows.model.WorkflowTask>
  <com.dotmarketing.portlets.workflows.model.WorkflowTask>
    <id>42290c1e-c220-4432-8851-70a24307cc34</id>
    <creationDate class="sql-timestamp">2020-09-24 15:41:49.178</creationDate>
    <modDate class="sql-timestamp">2020-09-24 15:41:49.178</modDate>
    <createdBy>e7d4e34e-5127-45fc-8123-d48b62d510e3</createdBy>
    <assignedTo>e7d4e34e-5127-45fc-8123-d48b62d510e3</assignedTo>
    <title>Test Content 16</title>
    <status>ee24a4cb-2d15-4c98-b1bd-6327126451f3</status>
    <webasset>adddbc0d-0ca6-4643-b6f8-d44a2bfa8b22</webasset>
    <languageId>1</languageId>
  </com.dotmarketing.portlets.workflows.model.WorkflowTask>
  <com.dotmarketing.portlets.workflows.model.WorkflowTask>
    <id>42804f1b-aaee-4e76-bc26-0c444a4d253d</id>
    <creationDate class="sql-timestamp">2020-09-24 15:41:49.429</creationDate>
    <modDate class="sql-timestamp">2020-09-24 15:41:49.429</modDate>
    <createdBy>e7d4e34e-5127-45fc-8123-d48b62d510e3</createdBy>
    <assignedTo>e7d4e34e-5127-45fc-8123-d48b62d510e3</assignedTo>
    <title>Test Content 21</title>
    <status>ee24a4cb-2d15-4c98-b1bd-6327126451f3</status>
    <webasset>ac5bf899-5cea-47a7-83d8-0a6bcd2e8ecf</webasset>
    <languageId>1</languageId>
  </com.dotmarketing.portlets.workflows.model.WorkflowTask>
  <com.dotmarketing.portlets.workflows.model.WorkflowTask>
    <id>42dbc60c-a0a3-4be4-9e4c-4f4ba8dee67e</id>
    <creationDate class="sql-timestamp">2020-09-24 15:41:51.689</creationDate>
    <modDate class="sql-timestamp">2020-09-24 15:41:51.689</modDate>
    <createdBy>e7d4e34e-5127-45fc-8123-d48b62d510e3</createdBy>
    <assignedTo>e7d4e34e-5127-45fc-8123-d48b62d510e3</assignedTo>
    <title>Test Content 71</title>
    <status>ee24a4cb-2d15-4c98-b1bd-6327126451f3</status>
    <webasset>9b138a0a-173c-43d6-8833-62aaf8f79db5</webasset>
    <languageId>1</languageId>
  </com.dotmarketing.portlets.workflows.model.WorkflowTask>
  <com.dotmarketing.portlets.workflows.model.WorkflowTask>
    <id>43d5ccd5-30c0-4aa4-b852-8639cdc45042</id>
    <creationDate class="sql-timestamp">2020-09-24 15:41:51.94</creationDate>
    <modDate class="sql-timestamp">2020-09-24 15:41:51.94</modDate>
    <createdBy>e7d4e34e-5127-45fc-8123-d48b62d510e3</createdBy>
    <assignedTo>e7d4e34e-5127-45fc-8123-d48b62d510e3</assignedTo>
    <title>Test Content 77</title>
    <status>ee24a4cb-2d15-4c98-b1bd-6327126451f3</status>
    <webasset>faa94cbe-2971-4d35-93bb-653006c9d9f4</webasset>
    <languageId>1</languageId>
  </com.dotmarketing.portlets.workflows.model.WorkflowTask>
  <com.dotmarketing.portlets.workflows.model.WorkflowTask>
    <id>489e6bf8-92a7-45a4-942b-7e693b2c373a</id>
    <creationDate class="sql-timestamp">2020-09-24 15:41:48.323</creationDate>
    <modDate class="sql-timestamp">2020-09-24 15:41:48.323</modDate>
    <createdBy>e7d4e34e-5127-45fc-8123-d48b62d510e3</createdBy>
    <assignedTo>e7d4e34e-5127-45fc-8123-d48b62d510e3</assignedTo>
    <title>Test Content 3</title>
    <status>ee24a4cb-2d15-4c98-b1bd-6327126451f3</status>
    <webasset>b08c390c-ee42-4785-ac41-2392427421fb</webasset>
    <languageId>1</languageId>
  </com.dotmarketing.portlets.workflows.model.WorkflowTask>
  <com.dotmarketing.portlets.workflows.model.WorkflowTask>
    <id>4b1f2918-434e-49ba-8e65-5e97206daf1c</id>
    <creationDate class="sql-timestamp">2020-09-24 15:41:49.498</creationDate>
    <modDate class="sql-timestamp">2020-09-24 15:41:49.498</modDate>
    <createdBy>e7d4e34e-5127-45fc-8123-d48b62d510e3</createdBy>
    <assignedTo>e7d4e34e-5127-45fc-8123-d48b62d510e3</assignedTo>
    <title>Test Content 22</title>
    <status>ee24a4cb-2d15-4c98-b1bd-6327126451f3</status>
    <webasset>e02df7cc-c8b3-482b-aab0-118ff6c1f765</webasset>
    <languageId>1</languageId>
  </com.dotmarketing.portlets.workflows.model.WorkflowTask>
  <com.dotmarketing.portlets.workflows.model.WorkflowTask>
    <id>4b3eaeb3-0769-42d7-ac60-32527b4da8e1</id>
    <creationDate class="sql-timestamp">2020-09-24 15:41:51.473</creationDate>
    <modDate class="sql-timestamp">2020-09-24 15:41:51.473</modDate>
    <createdBy>e7d4e34e-5127-45fc-8123-d48b62d510e3</createdBy>
    <assignedTo>e7d4e34e-5127-45fc-8123-d48b62d510e3</assignedTo>
    <title>Test Content 66</title>
    <status>ee24a4cb-2d15-4c98-b1bd-6327126451f3</status>
    <webasset>7256ff3d-90e0-428b-b24b-5d8a06360149</webasset>
    <languageId>1</languageId>
  </com.dotmarketing.portlets.workflows.model.WorkflowTask>
  <com.dotmarketing.portlets.workflows.model.WorkflowTask>
    <id>4db53ca4-1ee3-47bb-aa6e-4bc12fca9311</id>
    <creationDate class="sql-timestamp">2020-09-24 15:41:49.632</creationDate>
    <modDate class="sql-timestamp">2020-09-24 15:41:49.633</modDate>
    <createdBy>e7d4e34e-5127-45fc-8123-d48b62d510e3</createdBy>
    <assignedTo>e7d4e34e-5127-45fc-8123-d48b62d510e3</assignedTo>
    <title>Test Content 25</title>
    <status>ee24a4cb-2d15-4c98-b1bd-6327126451f3</status>
    <webasset>f4ba0d4f-494a-4bbb-9e8e-891f96314080</webasset>
    <languageId>1</languageId>
  </com.dotmarketing.portlets.workflows.model.WorkflowTask>
  <com.dotmarketing.portlets.workflows.model.WorkflowTask>
    <id>5a441c64-8bb8-444f-845c-9918b981f367</id>
    <creationDate class="sql-timestamp">2020-09-24 15:41:51.864</creationDate>
    <modDate class="sql-timestamp">2020-09-24 15:41:51.864</modDate>
    <createdBy>e7d4e34e-5127-45fc-8123-d48b62d510e3</createdBy>
    <assignedTo>e7d4e34e-5127-45fc-8123-d48b62d510e3</assignedTo>
    <title>Test Content 75</title>
    <status>ee24a4cb-2d15-4c98-b1bd-6327126451f3</status>
    <webasset>8dd7c9b2-a689-4622-96c4-60791a8967db</webasset>
    <languageId>1</languageId>
  </com.dotmarketing.portlets.workflows.model.WorkflowTask>
  <com.dotmarketing.portlets.workflows.model.WorkflowTask>
    <id>5c8fa91a-408c-4ab7-933f-f4cdd51cc88b</id>
    <creationDate class="sql-timestamp">2020-09-24 15:41:52.372</creationDate>
    <modDate class="sql-timestamp">2020-09-24 15:41:52.373</modDate>
    <createdBy>e7d4e34e-5127-45fc-8123-d48b62d510e3</createdBy>
    <assignedTo>e7d4e34e-5127-45fc-8123-d48b62d510e3</assignedTo>
    <title>Test Content 87</title>
    <status>ee24a4cb-2d15-4c98-b1bd-6327126451f3</status>
    <webasset>99f5600c-35e3-450e-ac45-1511b979e742</webasset>
    <languageId>1</languageId>
  </com.dotmarketing.portlets.workflows.model.WorkflowTask>
  <com.dotmarketing.portlets.workflows.model.WorkflowTask>
    <id>5d3c17aa-943a-4bbb-ae8a-20d1e730e8e6</id>
    <creationDate class="sql-timestamp">2020-09-24 15:41:51.348</creationDate>
    <modDate class="sql-timestamp">2020-09-24 15:41:51.348</modDate>
    <createdBy>e7d4e34e-5127-45fc-8123-d48b62d510e3</createdBy>
    <assignedTo>e7d4e34e-5127-45fc-8123-d48b62d510e3</assignedTo>
    <title>Test Content 63</title>
    <status>ee24a4cb-2d15-4c98-b1bd-6327126451f3</status>
    <webasset>77092888-a31b-48be-835f-f8e9a189dcd8</webasset>
    <languageId>1</languageId>
  </com.dotmarketing.portlets.workflows.model.WorkflowTask>
  <com.dotmarketing.portlets.workflows.model.WorkflowTask>
    <id>681e7e94-75d1-4ecf-b0ee-18a3d367724a</id>
    <creationDate class="sql-timestamp">2020-09-24 15:41:50.044</creationDate>
    <modDate class="sql-timestamp">2020-09-24 15:41:50.045</modDate>
    <createdBy>e7d4e34e-5127-45fc-8123-d48b62d510e3</createdBy>
    <assignedTo>e7d4e34e-5127-45fc-8123-d48b62d510e3</assignedTo>
    <title>Test Content 34</title>
    <status>ee24a4cb-2d15-4c98-b1bd-6327126451f3</status>
    <webasset>9279dd4d-d993-4f6a-9a5b-531123b36c77</webasset>
    <languageId>1</languageId>
  </com.dotmarketing.portlets.workflows.model.WorkflowTask>
  <com.dotmarketing.portlets.workflows.model.WorkflowTask>
    <id>6893ca56-1536-4cc5-878a-cf4146f51d2a</id>
    <creationDate class="sql-timestamp">2020-09-24 15:41:52.621</creationDate>
    <modDate class="sql-timestamp">2020-09-24 15:41:52.621</modDate>
    <createdBy>e7d4e34e-5127-45fc-8123-d48b62d510e3</createdBy>
    <assignedTo>e7d4e34e-5127-45fc-8123-d48b62d510e3</assignedTo>
    <title>Test Content 93</title>
    <status>ee24a4cb-2d15-4c98-b1bd-6327126451f3</status>
    <webasset>bc23ef47-b10c-435d-b824-20d8b14b4a54</webasset>
    <languageId>1</languageId>
  </com.dotmarketing.portlets.workflows.model.WorkflowTask>
  <com.dotmarketing.portlets.workflows.model.WorkflowTask>
    <id>69164506-bb50-465b-a8c2-3180a96537ec</id>
    <creationDate class="sql-timestamp">2020-09-24 15:41:49.543</creationDate>
    <modDate class="sql-timestamp">2020-09-24 15:41:49.543</modDate>
    <createdBy>e7d4e34e-5127-45fc-8123-d48b62d510e3</createdBy>
    <assignedTo>e7d4e34e-5127-45fc-8123-d48b62d510e3</assignedTo>
    <title>Test Content 23</title>
    <status>ee24a4cb-2d15-4c98-b1bd-6327126451f3</status>
    <webasset>70696720-cd37-4545-bcd7-af6deff6b54d</webasset>
    <languageId>1</languageId>
  </com.dotmarketing.portlets.workflows.model.WorkflowTask>
  <com.dotmarketing.portlets.workflows.model.WorkflowTask>
    <id>6c43eec3-ce2b-408a-bded-32b3a7c39750</id>
    <creationDate class="sql-timestamp">2020-09-24 15:41:48.426</creationDate>
    <modDate class="sql-timestamp">2020-09-24 15:41:48.426</modDate>
    <createdBy>e7d4e34e-5127-45fc-8123-d48b62d510e3</createdBy>
    <assignedTo>e7d4e34e-5127-45fc-8123-d48b62d510e3</assignedTo>
    <title>Test Content 4</title>
    <status>ee24a4cb-2d15-4c98-b1bd-6327126451f3</status>
    <webasset>e0ac8897-dc6e-4f30-9641-4f9915d9a815</webasset>
    <languageId>1</languageId>
  </com.dotmarketing.portlets.workflows.model.WorkflowTask>
  <com.dotmarketing.portlets.workflows.model.WorkflowTask>
    <id>6c6b478f-0dbb-45a0-aae0-5fbf63c4edfc</id>
    <creationDate class="sql-timestamp">2020-09-24 15:41:51.823</creationDate>
    <modDate class="sql-timestamp">2020-09-24 15:41:51.823</modDate>
    <createdBy>e7d4e34e-5127-45fc-8123-d48b62d510e3</createdBy>
    <assignedTo>e7d4e34e-5127-45fc-8123-d48b62d510e3</assignedTo>
    <title>Test Content 74</title>
    <status>ee24a4cb-2d15-4c98-b1bd-6327126451f3</status>
    <webasset>4664c720-2910-45a3-81ff-bcbf147150b3</webasset>
    <languageId>1</languageId>
  </com.dotmarketing.portlets.workflows.model.WorkflowTask>
  <com.dotmarketing.portlets.workflows.model.WorkflowTask>
    <id>6e1c3942-eb11-498b-be22-2c95e5ecd83a</id>
    <creationDate class="sql-timestamp">2020-09-24 15:41:51.039</creationDate>
    <modDate class="sql-timestamp">2020-09-24 15:41:51.039</modDate>
    <createdBy>e7d4e34e-5127-45fc-8123-d48b62d510e3</createdBy>
    <assignedTo>e7d4e34e-5127-45fc-8123-d48b62d510e3</assignedTo>
    <title>Test Content 56</title>
    <status>ee24a4cb-2d15-4c98-b1bd-6327126451f3</status>
    <webasset>a9dd8408-0652-4bed-ae5b-8e70f8a2464a</webasset>
    <languageId>1</languageId>
  </com.dotmarketing.portlets.workflows.model.WorkflowTask>
  <com.dotmarketing.portlets.workflows.model.WorkflowTask>
    <id>704c33a2-c2ba-4312-97d0-50aae85e7fd1</id>
    <creationDate class="sql-timestamp">2020-09-24 15:41:52.078</creationDate>
    <modDate class="sql-timestamp">2020-09-24 15:41:52.079</modDate>
    <createdBy>e7d4e34e-5127-45fc-8123-d48b62d510e3</createdBy>
    <assignedTo>e7d4e34e-5127-45fc-8123-d48b62d510e3</assignedTo>
    <title>Test Content 80</title>
    <status>ee24a4cb-2d15-4c98-b1bd-6327126451f3</status>
    <webasset>c5d4c8ac-6a44-4d86-89c1-2076f3861c5f</webasset>
    <languageId>1</languageId>
  </com.dotmarketing.portlets.workflows.model.WorkflowTask>
  <com.dotmarketing.portlets.workflows.model.WorkflowTask>
    <id>7583365e-dc73-4ee3-84ae-ff9f4e08e094</id>
    <creationDate class="sql-timestamp">2020-09-24 15:41:49.713</creationDate>
    <modDate class="sql-timestamp">2020-09-24 15:41:49.713</modDate>
    <createdBy>e7d4e34e-5127-45fc-8123-d48b62d510e3</createdBy>
    <assignedTo>e7d4e34e-5127-45fc-8123-d48b62d510e3</assignedTo>
    <title>Test Content 27</title>
    <status>ee24a4cb-2d15-4c98-b1bd-6327126451f3</status>
    <webasset>54f3b57b-6efd-4a3a-a8ca-ba53ab1638a3</webasset>
    <languageId>1</languageId>
  </com.dotmarketing.portlets.workflows.model.WorkflowTask>
  <com.dotmarketing.portlets.workflows.model.WorkflowTask>
    <id>761774ec-127a-4905-99b9-d2b068122260</id>
    <creationDate class="sql-timestamp">2020-09-24 15:41:52.791</creationDate>
    <modDate class="sql-timestamp">2020-09-24 15:41:52.791</modDate>
    <createdBy>e7d4e34e-5127-45fc-8123-d48b62d510e3</createdBy>
    <assignedTo>e7d4e34e-5127-45fc-8123-d48b62d510e3</assignedTo>
    <title>Test Content 97</title>
    <status>ee24a4cb-2d15-4c98-b1bd-6327126451f3</status>
    <webasset>fee92a2c-d1b9-4a6d-a5da-075d1c4ce0d7</webasset>
    <languageId>1</languageId>
  </com.dotmarketing.portlets.workflows.model.WorkflowTask>
  <com.dotmarketing.portlets.workflows.model.WorkflowTask>
    <id>7721dbf9-2bed-49f7-b6f7-d863946753f7</id>
    <creationDate class="sql-timestamp">2020-09-24 15:41:50.473</creationDate>
    <modDate class="sql-timestamp">2020-09-24 15:41:50.473</modDate>
    <createdBy>e7d4e34e-5127-45fc-8123-d48b62d510e3</createdBy>
    <assignedTo>e7d4e34e-5127-45fc-8123-d48b62d510e3</assignedTo>
    <title>Test Content 43</title>
    <status>ee24a4cb-2d15-4c98-b1bd-6327126451f3</status>
    <webasset>7f04a7d3-f29e-45c3-b175-8d57a36c5c60</webasset>
    <languageId>1</languageId>
  </com.dotmarketing.portlets.workflows.model.WorkflowTask>
  <com.dotmarketing.portlets.workflows.model.WorkflowTask>
    <id>78841819-da7c-4949-9361-0d19f023c2aa</id>
    <creationDate class="sql-timestamp">2020-09-24 15:41:49.226</creationDate>
    <modDate class="sql-timestamp">2020-09-24 15:41:49.226</modDate>
    <createdBy>e7d4e34e-5127-45fc-8123-d48b62d510e3</createdBy>
    <assignedTo>e7d4e34e-5127-45fc-8123-d48b62d510e3</assignedTo>
    <title>Test Content 17</title>
    <status>ee24a4cb-2d15-4c98-b1bd-6327126451f3</status>
    <webasset>30c447bc-85b4-4448-a999-5ef74ac24fd5</webasset>
    <languageId>1</languageId>
  </com.dotmarketing.portlets.workflows.model.WorkflowTask>
  <com.dotmarketing.portlets.workflows.model.WorkflowTask>
    <id>78beb46a-8fe2-4493-a3fe-1fa7b0e8351b</id>
    <creationDate class="sql-timestamp">2020-09-24 15:41:50.301</creationDate>
    <modDate class="sql-timestamp">2020-09-24 15:41:50.301</modDate>
    <createdBy>e7d4e34e-5127-45fc-8123-d48b62d510e3</createdBy>
    <assignedTo>e7d4e34e-5127-45fc-8123-d48b62d510e3</assignedTo>
    <title>Test Content 39</title>
    <status>ee24a4cb-2d15-4c98-b1bd-6327126451f3</status>
    <webasset>d6519e8e-61fa-44ff-83cd-c1921ed0cf30</webasset>
    <languageId>1</languageId>
  </com.dotmarketing.portlets.workflows.model.WorkflowTask>
  <com.dotmarketing.portlets.workflows.model.WorkflowTask>
    <id>79b1c164-8fa5-469c-8708-fb216ef6211c</id>
    <creationDate class="sql-timestamp">2020-09-24 15:41:49.379</creationDate>
    <modDate class="sql-timestamp">2020-09-24 15:41:49.379</modDate>
    <createdBy>e7d4e34e-5127-45fc-8123-d48b62d510e3</createdBy>
    <assignedTo>e7d4e34e-5127-45fc-8123-d48b62d510e3</assignedTo>
    <title>Test Content 20</title>
    <status>ee24a4cb-2d15-4c98-b1bd-6327126451f3</status>
    <webasset>aa36b6d0-aa85-4947-bdee-5b95ff38a2a0</webasset>
    <languageId>1</languageId>
  </com.dotmarketing.portlets.workflows.model.WorkflowTask>
  <com.dotmarketing.portlets.workflows.model.WorkflowTask>
    <id>7c6dc7af-57a4-4bab-824c-90584bfc597f</id>
    <creationDate class="sql-timestamp">2020-09-24 15:41:48.854</creationDate>
    <modDate class="sql-timestamp">2020-09-24 15:41:48.855</modDate>
    <createdBy>e7d4e34e-5127-45fc-8123-d48b62d510e3</createdBy>
    <assignedTo>e7d4e34e-5127-45fc-8123-d48b62d510e3</assignedTo>
    <title>Test Content 10</title>
    <status>ee24a4cb-2d15-4c98-b1bd-6327126451f3</status>
    <webasset>25b59eee-2717-452c-9d0d-096041a2a0cb</webasset>
    <languageId>1</languageId>
  </com.dotmarketing.portlets.workflows.model.WorkflowTask>
  <com.dotmarketing.portlets.workflows.model.WorkflowTask>
    <id>7cabd49b-6ecc-4846-a625-8cc0bc0b7e45</id>
    <creationDate class="sql-timestamp">2020-09-24 15:41:49.077</creationDate>
    <modDate class="sql-timestamp">2020-09-24 15:41:49.077</modDate>
    <createdBy>e7d4e34e-5127-45fc-8123-d48b62d510e3</createdBy>
    <assignedTo>e7d4e34e-5127-45fc-8123-d48b62d510e3</assignedTo>
    <title>Test Content 14</title>
    <status>ee24a4cb-2d15-4c98-b1bd-6327126451f3</status>
    <webasset>3cc6beba-3f7f-4743-a514-511a746c9e6b</webasset>
    <languageId>1</languageId>
  </com.dotmarketing.portlets.workflows.model.WorkflowTask>
  <com.dotmarketing.portlets.workflows.model.WorkflowTask>
    <id>7d540afb-9b10-46a7-ace4-cca9372dd3d2</id>
    <creationDate class="sql-timestamp">2020-09-24 15:41:52.121</creationDate>
    <modDate class="sql-timestamp">2020-09-24 15:41:52.122</modDate>
    <createdBy>e7d4e34e-5127-45fc-8123-d48b62d510e3</createdBy>
    <assignedTo>e7d4e34e-5127-45fc-8123-d48b62d510e3</assignedTo>
    <title>Test Content 81</title>
    <status>ee24a4cb-2d15-4c98-b1bd-6327126451f3</status>
    <webasset>74169d95-cee6-4d68-ad01-1f2819af8a71</webasset>
    <languageId>1</languageId>
  </com.dotmarketing.portlets.workflows.model.WorkflowTask>
  <com.dotmarketing.portlets.workflows.model.WorkflowTask>
    <id>82636a2f-b15c-4c2c-ad4f-7e6597598e9d</id>
    <creationDate class="sql-timestamp">2020-09-24 15:41:50.098</creationDate>
    <modDate class="sql-timestamp">2020-09-24 15:41:50.098</modDate>
    <createdBy>e7d4e34e-5127-45fc-8123-d48b62d510e3</createdBy>
    <assignedTo>e7d4e34e-5127-45fc-8123-d48b62d510e3</assignedTo>
    <title>Test Content 35</title>
    <status>ee24a4cb-2d15-4c98-b1bd-6327126451f3</status>
    <webasset>92614528-8d41-4874-9475-0c9dc00fbab6</webasset>
    <languageId>1</languageId>
  </com.dotmarketing.portlets.workflows.model.WorkflowTask>
  <com.dotmarketing.portlets.workflows.model.WorkflowTask>
    <id>8347ab6d-d651-4dcb-a5c8-bec00a2b8c94</id>
    <creationDate class="sql-timestamp">2020-09-24 15:41:48.072</creationDate>
    <modDate class="sql-timestamp">2020-09-24 15:41:48.072</modDate>
    <createdBy>e7d4e34e-5127-45fc-8123-d48b62d510e3</createdBy>
    <assignedTo>e7d4e34e-5127-45fc-8123-d48b62d510e3</assignedTo>
    <title>Test Content 1</title>
    <status>ee24a4cb-2d15-4c98-b1bd-6327126451f3</status>
    <webasset>d11dd953-8420-4b4d-bce9-512a143be4a7</webasset>
    <languageId>1</languageId>
  </com.dotmarketing.portlets.workflows.model.WorkflowTask>
  <com.dotmarketing.portlets.workflows.model.WorkflowTask>
    <id>849806d6-2a7f-4186-ad16-6a67857ad535</id>
    <creationDate class="sql-timestamp">2020-09-24 15:41:50.646</creationDate>
    <modDate class="sql-timestamp">2020-09-24 15:41:50.646</modDate>
    <createdBy>e7d4e34e-5127-45fc-8123-d48b62d510e3</createdBy>
    <assignedTo>e7d4e34e-5127-45fc-8123-d48b62d510e3</assignedTo>
    <title>Test Content 47</title>
    <status>ee24a4cb-2d15-4c98-b1bd-6327126451f3</status>
    <webasset>17ad2e83-a98e-4a2b-b237-f4583649e208</webasset>
    <languageId>1</languageId>
  </com.dotmarketing.portlets.workflows.model.WorkflowTask>
  <com.dotmarketing.portlets.workflows.model.WorkflowTask>
    <id>863160cc-5416-4653-afb6-d100a683dd50</id>
    <creationDate class="sql-timestamp">2020-09-24 15:41:49.675</creationDate>
    <modDate class="sql-timestamp">2020-09-24 15:41:49.675</modDate>
    <createdBy>e7d4e34e-5127-45fc-8123-d48b62d510e3</createdBy>
    <assignedTo>e7d4e34e-5127-45fc-8123-d48b62d510e3</assignedTo>
    <title>Test Content 26</title>
    <status>ee24a4cb-2d15-4c98-b1bd-6327126451f3</status>
    <webasset>e19d3935-bb44-44f6-a534-cfd272703655</webasset>
    <languageId>1</languageId>
  </com.dotmarketing.portlets.workflows.model.WorkflowTask>
  <com.dotmarketing.portlets.workflows.model.WorkflowTask>
    <id>88db1433-02a1-46d2-82f5-f06a9518556c</id>
    <creationDate class="sql-timestamp">2020-09-24 15:41:50.512</creationDate>
    <modDate class="sql-timestamp">2020-09-24 15:41:50.512</modDate>
    <createdBy>e7d4e34e-5127-45fc-8123-d48b62d510e3</createdBy>
    <assignedTo>e7d4e34e-5127-45fc-8123-d48b62d510e3</assignedTo>
    <title>Test Content 44</title>
    <status>ee24a4cb-2d15-4c98-b1bd-6327126451f3</status>
    <webasset>8a602009-9d4c-4657-8202-48dd010bf3c4</webasset>
    <languageId>1</languageId>
  </com.dotmarketing.portlets.workflows.model.WorkflowTask>
  <com.dotmarketing.portlets.workflows.model.WorkflowTask>
    <id>89093eda-faaa-4f00-bc70-3e59dc9bfaa1</id>
    <creationDate class="sql-timestamp">2020-09-24 15:41:51.434</creationDate>
    <modDate class="sql-timestamp">2020-09-24 15:41:51.434</modDate>
    <createdBy>e7d4e34e-5127-45fc-8123-d48b62d510e3</createdBy>
    <assignedTo>e7d4e34e-5127-45fc-8123-d48b62d510e3</assignedTo>
    <title>Test Content 65</title>
    <status>ee24a4cb-2d15-4c98-b1bd-6327126451f3</status>
    <webasset>76895276-c4d7-4816-ae51-45fa5e012e4c</webasset>
    <languageId>1</languageId>
  </com.dotmarketing.portlets.workflows.model.WorkflowTask>
  <com.dotmarketing.portlets.workflows.model.WorkflowTask>
    <id>8b467be6-44e1-48c8-ad7d-742646c96877</id>
    <creationDate class="sql-timestamp">2020-09-24 15:41:48.57</creationDate>
    <modDate class="sql-timestamp">2020-09-24 15:41:48.571</modDate>
    <createdBy>e7d4e34e-5127-45fc-8123-d48b62d510e3</createdBy>
    <assignedTo>e7d4e34e-5127-45fc-8123-d48b62d510e3</assignedTo>
    <title>Test Content 6</title>
    <status>ee24a4cb-2d15-4c98-b1bd-6327126451f3</status>
    <webasset>fd9fa20b-36a1-444e-bbba-f7868fd6ae7b</webasset>
    <languageId>1</languageId>
  </com.dotmarketing.portlets.workflows.model.WorkflowTask>
  <com.dotmarketing.portlets.workflows.model.WorkflowTask>
    <id>954b0700-5c8b-4c9f-a422-9882d8327775</id>
    <creationDate class="sql-timestamp">2020-09-24 15:41:51.595</creationDate>
    <modDate class="sql-timestamp">2020-09-24 15:41:51.595</modDate>
    <createdBy>e7d4e34e-5127-45fc-8123-d48b62d510e3</createdBy>
    <assignedTo>e7d4e34e-5127-45fc-8123-d48b62d510e3</assignedTo>
    <title>Test Content 69</title>
    <status>ee24a4cb-2d15-4c98-b1bd-6327126451f3</status>
    <webasset>295095d7-33cf-41c4-a280-de7a097bdba4</webasset>
    <languageId>1</languageId>
  </com.dotmarketing.portlets.workflows.model.WorkflowTask>
  <com.dotmarketing.portlets.workflows.model.WorkflowTask>
    <id>97b0e978-bec0-4480-ba8c-c31c3a0b6841</id>
    <creationDate class="sql-timestamp">2020-09-24 15:41:50.552</creationDate>
    <modDate class="sql-timestamp">2020-09-24 15:41:50.552</modDate>
    <createdBy>e7d4e34e-5127-45fc-8123-d48b62d510e3</createdBy>
    <assignedTo>e7d4e34e-5127-45fc-8123-d48b62d510e3</assignedTo>
    <title>Test Content 45</title>
    <status>ee24a4cb-2d15-4c98-b1bd-6327126451f3</status>
    <webasset>c3abcd6d-89a4-4b5e-8bb8-61fe1356cb19</webasset>
    <languageId>1</languageId>
  </com.dotmarketing.portlets.workflows.model.WorkflowTask>
  <com.dotmarketing.portlets.workflows.model.WorkflowTask>
    <id>986db7b3-cdef-490a-986f-6aa44af93c9d</id>
    <creationDate class="sql-timestamp">2020-09-24 15:41:48.977</creationDate>
    <modDate class="sql-timestamp">2020-09-24 15:41:48.978</modDate>
    <createdBy>e7d4e34e-5127-45fc-8123-d48b62d510e3</createdBy>
    <assignedTo>e7d4e34e-5127-45fc-8123-d48b62d510e3</assignedTo>
    <title>Test Content 12</title>
    <status>ee24a4cb-2d15-4c98-b1bd-6327126451f3</status>
    <webasset>3df5be31-6b29-47f2-82e6-a401f248780e</webasset>
    <languageId>1</languageId>
  </com.dotmarketing.portlets.workflows.model.WorkflowTask>
  <com.dotmarketing.portlets.workflows.model.WorkflowTask>
    <id>9a839cfc-f0bc-4558-9e2d-7bdbf92928a1</id>
    <creationDate class="sql-timestamp">2020-09-24 15:41:51.383</creationDate>
    <modDate class="sql-timestamp">2020-09-24 15:41:51.383</modDate>
    <createdBy>e7d4e34e-5127-45fc-8123-d48b62d510e3</createdBy>
    <assignedTo>e7d4e34e-5127-45fc-8123-d48b62d510e3</assignedTo>
    <title>Test Content 64</title>
    <status>ee24a4cb-2d15-4c98-b1bd-6327126451f3</status>
    <webasset>ec0d4714-90db-4c36-b91b-94896ad02413</webasset>
    <languageId>1</languageId>
  </com.dotmarketing.portlets.workflows.model.WorkflowTask>
  <com.dotmarketing.portlets.workflows.model.WorkflowTask>
    <id>9e90ad13-0be5-49ae-afe2-2db0daf25ca8</id>
    <creationDate class="sql-timestamp">2020-09-24 15:41:48.189</creationDate>
    <modDate class="sql-timestamp">2020-09-24 15:41:48.189</modDate>
    <createdBy>e7d4e34e-5127-45fc-8123-d48b62d510e3</createdBy>
    <assignedTo>e7d4e34e-5127-45fc-8123-d48b62d510e3</assignedTo>
    <title>Test Content 2</title>
    <status>ee24a4cb-2d15-4c98-b1bd-6327126451f3</status>
    <webasset>96f4a7ad-1cce-448a-85ba-05bb60019cc0</webasset>
    <languageId>1</languageId>
  </com.dotmarketing.portlets.workflows.model.WorkflowTask>
  <com.dotmarketing.portlets.workflows.model.WorkflowTask>
    <id>9f310153-bc3a-4f84-a586-88c97546e592</id>
    <creationDate class="sql-timestamp">2020-09-24 15:41:52.245</creationDate>
    <modDate class="sql-timestamp">2020-09-24 15:41:52.245</modDate>
    <createdBy>e7d4e34e-5127-45fc-8123-d48b62d510e3</createdBy>
    <assignedTo>e7d4e34e-5127-45fc-8123-d48b62d510e3</assignedTo>
    <title>Test Content 84</title>
    <status>ee24a4cb-2d15-4c98-b1bd-6327126451f3</status>
    <webasset>8da5e109-4165-4e16-98a0-0878d9325cd0</webasset>
    <languageId>1</languageId>
  </com.dotmarketing.portlets.workflows.model.WorkflowTask>
  <com.dotmarketing.portlets.workflows.model.WorkflowTask>
    <id>a347a4c1-c044-4190-a1ea-9fc6bb852f68</id>
    <creationDate class="sql-timestamp">2020-09-24 15:41:50.733</creationDate>
    <modDate class="sql-timestamp">2020-09-24 15:41:50.733</modDate>
    <createdBy>e7d4e34e-5127-45fc-8123-d48b62d510e3</createdBy>
    <assignedTo>e7d4e34e-5127-45fc-8123-d48b62d510e3</assignedTo>
    <title>Test Content 49</title>
    <status>ee24a4cb-2d15-4c98-b1bd-6327126451f3</status>
    <webasset>fe89a485-8a5c-4a5c-852c-5f2ddd02a4b8</webasset>
    <languageId>1</languageId>
  </com.dotmarketing.portlets.workflows.model.WorkflowTask>
  <com.dotmarketing.portlets.workflows.model.WorkflowTask>
    <id>a3d7df4b-feaf-4ae4-b8d9-fa7bf6724cd2</id>
    <creationDate class="sql-timestamp">2020-09-24 15:41:49.763</creationDate>
    <modDate class="sql-timestamp">2020-09-24 15:41:49.763</modDate>
    <createdBy>e7d4e34e-5127-45fc-8123-d48b62d510e3</createdBy>
    <assignedTo>e7d4e34e-5127-45fc-8123-d48b62d510e3</assignedTo>
    <title>Test Content 28</title>
    <status>ee24a4cb-2d15-4c98-b1bd-6327126451f3</status>
    <webasset>cb8584d8-0a12-4337-a88b-1c6500a10708</webasset>
    <languageId>1</languageId>
  </com.dotmarketing.portlets.workflows.model.WorkflowTask>
  <com.dotmarketing.portlets.workflows.model.WorkflowTask>
    <id>a3fbb588-6f81-4be0-b252-5a71c6dbaeb8</id>
    <creationDate class="sql-timestamp">2020-09-24 15:41:52.034</creationDate>
    <modDate class="sql-timestamp">2020-09-24 15:41:52.034</modDate>
    <createdBy>e7d4e34e-5127-45fc-8123-d48b62d510e3</createdBy>
    <assignedTo>e7d4e34e-5127-45fc-8123-d48b62d510e3</assignedTo>
    <title>Test Content 79</title>
    <status>ee24a4cb-2d15-4c98-b1bd-6327126451f3</status>
    <webasset>babf38d0-580c-4410-bc6a-1af9b4391cd9</webasset>
    <languageId>1</languageId>
  </com.dotmarketing.portlets.workflows.model.WorkflowTask>
  <com.dotmarketing.portlets.workflows.model.WorkflowTask>
    <id>a80e27af-cd9b-4b5f-8bdc-b7fe0572004c</id>
    <creationDate class="sql-timestamp">2020-09-24 15:41:49.588</creationDate>
    <modDate class="sql-timestamp">2020-09-24 15:41:49.588</modDate>
    <createdBy>e7d4e34e-5127-45fc-8123-d48b62d510e3</createdBy>
    <assignedTo>e7d4e34e-5127-45fc-8123-d48b62d510e3</assignedTo>
    <title>Test Content 24</title>
    <status>ee24a4cb-2d15-4c98-b1bd-6327126451f3</status>
    <webasset>cd39d03e-447a-49fb-b341-80ed1cd6ab70</webasset>
    <languageId>1</languageId>
  </com.dotmarketing.portlets.workflows.model.WorkflowTask>
  <com.dotmarketing.portlets.workflows.model.WorkflowTask>
    <id>ae397443-ec8d-4611-92cd-44383a9cb571</id>
    <creationDate class="sql-timestamp">2020-09-24 15:41:50.592</creationDate>
    <modDate class="sql-timestamp">2020-09-24 15:41:50.592</modDate>
    <createdBy>e7d4e34e-5127-45fc-8123-d48b62d510e3</createdBy>
    <assignedTo>e7d4e34e-5127-45fc-8123-d48b62d510e3</assignedTo>
    <title>Test Content 46</title>
    <status>ee24a4cb-2d15-4c98-b1bd-6327126451f3</status>
    <webasset>5c8fcc05-bbe3-435a-8ba9-d5d9e6a5a2f8</webasset>
    <languageId>1</languageId>
  </com.dotmarketing.portlets.workflows.model.WorkflowTask>
  <com.dotmarketing.portlets.workflows.model.WorkflowTask>
    <id>afd49c6a-aec3-4d91-bc9d-aac8f6a7d1c4</id>
    <creationDate class="sql-timestamp">2020-09-24 15:41:52.532</creationDate>
    <modDate class="sql-timestamp">2020-09-24 15:41:52.532</modDate>
    <createdBy>e7d4e34e-5127-45fc-8123-d48b62d510e3</createdBy>
    <assignedTo>e7d4e34e-5127-45fc-8123-d48b62d510e3</assignedTo>
    <title>Test Content 91</title>
    <status>ee24a4cb-2d15-4c98-b1bd-6327126451f3</status>
    <webasset>ba3676fa-72ce-4601-9a03-545612838a95</webasset>
    <languageId>1</languageId>
  </com.dotmarketing.portlets.workflows.model.WorkflowTask>
  <com.dotmarketing.portlets.workflows.model.WorkflowTask>
    <id>b098924a-014d-41b8-aadf-2f1ce7df4d4d</id>
    <creationDate class="sql-timestamp">2020-09-24 15:41:52.671</creationDate>
    <modDate class="sql-timestamp">2020-09-24 15:41:52.671</modDate>
    <createdBy>e7d4e34e-5127-45fc-8123-d48b62d510e3</createdBy>
    <assignedTo>e7d4e34e-5127-45fc-8123-d48b62d510e3</assignedTo>
    <title>Test Content 94</title>
    <status>ee24a4cb-2d15-4c98-b1bd-6327126451f3</status>
    <webasset>533a63a3-d9c7-457b-b9c3-3ced3ee5d97c</webasset>
    <languageId>1</languageId>
  </com.dotmarketing.portlets.workflows.model.WorkflowTask>
  <com.dotmarketing.portlets.workflows.model.WorkflowTask>
    <id>b18e49ab-ff99-48e0-8118-476b7915776a</id>
    <creationDate class="sql-timestamp">2020-09-24 15:41:52.286</creationDate>
    <modDate class="sql-timestamp">2020-09-24 15:41:52.286</modDate>
    <createdBy>e7d4e34e-5127-45fc-8123-d48b62d510e3</createdBy>
    <assignedTo>e7d4e34e-5127-45fc-8123-d48b62d510e3</assignedTo>
    <title>Test Content 85</title>
    <status>ee24a4cb-2d15-4c98-b1bd-6327126451f3</status>
    <webasset>1d703e53-7d7b-4e95-ac75-59e7ec65e1aa</webasset>
    <languageId>1</languageId>
  </com.dotmarketing.portlets.workflows.model.WorkflowTask>
  <com.dotmarketing.portlets.workflows.model.WorkflowTask>
    <id>b35ca14c-2af0-4534-87c9-ffa0c4db2655</id>
    <creationDate class="sql-timestamp">2020-09-24 15:41:48.771</creationDate>
    <modDate class="sql-timestamp">2020-09-24 15:41:48.772</modDate>
    <createdBy>e7d4e34e-5127-45fc-8123-d48b62d510e3</createdBy>
    <assignedTo>e7d4e34e-5127-45fc-8123-d48b62d510e3</assignedTo>
    <title>Test Content 9</title>
    <status>ee24a4cb-2d15-4c98-b1bd-6327126451f3</status>
    <webasset>82d4ee61-3038-4e24-9e5f-a5adf97f3636</webasset>
    <languageId>1</languageId>
  </com.dotmarketing.portlets.workflows.model.WorkflowTask>
  <com.dotmarketing.portlets.workflows.model.WorkflowTask>
    <id>b68a96bc-5855-47ec-8273-a892a9d89923</id>
    <creationDate class="sql-timestamp">2020-09-24 15:41:52.908</creationDate>
    <modDate class="sql-timestamp">2020-09-24 15:41:52.909</modDate>
    <createdBy>e7d4e34e-5127-45fc-8123-d48b62d510e3</createdBy>
    <assignedTo>e7d4e34e-5127-45fc-8123-d48b62d510e3</assignedTo>
    <title>Test Content 100</title>
    <status>ee24a4cb-2d15-4c98-b1bd-6327126451f3</status>
    <webasset>2e963844-f544-4639-bac8-d505da9c27ff</webasset>
    <languageId>1</languageId>
  </com.dotmarketing.portlets.workflows.model.WorkflowTask>
  <com.dotmarketing.portlets.workflows.model.WorkflowTask>
    <id>b72f0c93-a412-4643-92a3-04c1d41bcf49</id>
    <creationDate class="sql-timestamp">2020-09-24 15:41:52.162</creationDate>
    <modDate class="sql-timestamp">2020-09-24 15:41:52.162</modDate>
    <createdBy>e7d4e34e-5127-45fc-8123-d48b62d510e3</createdBy>
    <assignedTo>e7d4e34e-5127-45fc-8123-d48b62d510e3</assignedTo>
    <title>Test Content 82</title>
    <status>ee24a4cb-2d15-4c98-b1bd-6327126451f3</status>
    <webasset>b4fd6b62-f65e-4eed-b764-45825cc026ac</webasset>
    <languageId>1</languageId>
  </com.dotmarketing.portlets.workflows.model.WorkflowTask>
  <com.dotmarketing.portlets.workflows.model.WorkflowTask>
    <id>b7835919-c797-42c9-abb2-03dd3f19c3b6</id>
    <creationDate class="sql-timestamp">2020-09-24 15:41:51.516</creationDate>
    <modDate class="sql-timestamp">2020-09-24 15:41:51.517</modDate>
    <createdBy>e7d4e34e-5127-45fc-8123-d48b62d510e3</createdBy>
    <assignedTo>e7d4e34e-5127-45fc-8123-d48b62d510e3</assignedTo>
    <title>Test Content 67</title>
    <status>ee24a4cb-2d15-4c98-b1bd-6327126451f3</status>
    <webasset>ca28f9a9-62df-4d5f-8a90-b7b8219bce93</webasset>
    <languageId>1</languageId>
  </com.dotmarketing.portlets.workflows.model.WorkflowTask>
  <com.dotmarketing.portlets.workflows.model.WorkflowTask>
    <id>b7b70118-c736-47e8-8291-d77ba13e27e1</id>
    <creationDate class="sql-timestamp">2020-09-24 15:41:51.082</creationDate>
    <modDate class="sql-timestamp">2020-09-24 15:41:51.082</modDate>
    <createdBy>e7d4e34e-5127-45fc-8123-d48b62d510e3</createdBy>
    <assignedTo>e7d4e34e-5127-45fc-8123-d48b62d510e3</assignedTo>
    <title>Test Content 57</title>
    <status>ee24a4cb-2d15-4c98-b1bd-6327126451f3</status>
    <webasset>b74c8755-9b0e-427c-aa15-889aad62fb9f</webasset>
    <languageId>1</languageId>
  </com.dotmarketing.portlets.workflows.model.WorkflowTask>
  <com.dotmarketing.portlets.workflows.model.WorkflowTask>
    <id>bc059c53-278e-44ce-813b-3a0b43dd559e</id>
    <creationDate class="sql-timestamp">2020-09-24 15:41:51.184</creationDate>
    <modDate class="sql-timestamp">2020-09-24 15:41:51.184</modDate>
    <createdBy>e7d4e34e-5127-45fc-8123-d48b62d510e3</createdBy>
    <assignedTo>e7d4e34e-5127-45fc-8123-d48b62d510e3</assignedTo>
    <title>Test Content 59</title>
    <status>ee24a4cb-2d15-4c98-b1bd-6327126451f3</status>
    <webasset>ec2c1097-5aca-4ab0-affe-296025d93a0a</webasset>
    <languageId>1</languageId>
  </com.dotmarketing.portlets.workflows.model.WorkflowTask>
  <com.dotmarketing.portlets.workflows.model.WorkflowTask>
    <id>bdb0b5e5-10ab-495d-841c-520d8e2db7cc</id>
    <creationDate class="sql-timestamp">2020-09-24 15:41:50.867</creationDate>
    <modDate class="sql-timestamp">2020-09-24 15:41:50.868</modDate>
    <createdBy>e7d4e34e-5127-45fc-8123-d48b62d510e3</createdBy>
    <assignedTo>e7d4e34e-5127-45fc-8123-d48b62d510e3</assignedTo>
    <title>Test Content 52</title>
    <status>ee24a4cb-2d15-4c98-b1bd-6327126451f3</status>
    <webasset>00936535-4e3e-41db-89dd-79071df0a922</webasset>
    <languageId>1</languageId>
  </com.dotmarketing.portlets.workflows.model.WorkflowTask>
  <com.dotmarketing.portlets.workflows.model.WorkflowTask>
    <id>c266b9a3-0e11-4477-ac93-7f5315bc14d3</id>
    <creationDate class="sql-timestamp">2020-09-24 15:41:52.405</creationDate>
    <modDate class="sql-timestamp">2020-09-24 15:41:52.405</modDate>
    <createdBy>e7d4e34e-5127-45fc-8123-d48b62d510e3</createdBy>
    <assignedTo>e7d4e34e-5127-45fc-8123-d48b62d510e3</assignedTo>
    <title>Test Content 88</title>
    <status>ee24a4cb-2d15-4c98-b1bd-6327126451f3</status>
    <webasset>436170c9-22e6-4147-9187-10c651ffccb2</webasset>
    <languageId>1</languageId>
  </com.dotmarketing.portlets.workflows.model.WorkflowTask>
  <com.dotmarketing.portlets.workflows.model.WorkflowTask>
    <id>c30e1268-4d86-4225-bf5c-ecf984d3ed8a</id>
    <creationDate class="sql-timestamp">2020-09-24 15:41:50.999</creationDate>
    <modDate class="sql-timestamp">2020-09-24 15:41:51.0</modDate>
    <createdBy>e7d4e34e-5127-45fc-8123-d48b62d510e3</createdBy>
    <assignedTo>e7d4e34e-5127-45fc-8123-d48b62d510e3</assignedTo>
    <title>Test Content 55</title>
    <status>ee24a4cb-2d15-4c98-b1bd-6327126451f3</status>
    <webasset>07620465-972a-427c-a605-96d22e5cd4a4</webasset>
    <languageId>1</languageId>
  </com.dotmarketing.portlets.workflows.model.WorkflowTask>
  <com.dotmarketing.portlets.workflows.model.WorkflowTask>
    <id>c70735ec-4b66-4879-9ddf-998ff3327bde</id>
    <creationDate class="sql-timestamp">2020-09-24 15:41:52.863</creationDate>
    <modDate class="sql-timestamp">2020-09-24 15:41:52.863</modDate>
    <createdBy>e7d4e34e-5127-45fc-8123-d48b62d510e3</createdBy>
    <assignedTo>e7d4e34e-5127-45fc-8123-d48b62d510e3</assignedTo>
    <title>Test Content 99</title>
    <status>ee24a4cb-2d15-4c98-b1bd-6327126451f3</status>
    <webasset>5479f45d-9682-4dbe-8409-6ae2126081b8</webasset>
    <languageId>1</languageId>
  </com.dotmarketing.portlets.workflows.model.WorkflowTask>
  <com.dotmarketing.portlets.workflows.model.WorkflowTask>
    <id>c807d693-e667-406e-88e7-fe5898bcc76e</id>
    <creationDate class="sql-timestamp">2020-09-24 15:41:50.919</creationDate>
    <modDate class="sql-timestamp">2020-09-24 15:41:50.919</modDate>
    <createdBy>e7d4e34e-5127-45fc-8123-d48b62d510e3</createdBy>
    <assignedTo>e7d4e34e-5127-45fc-8123-d48b62d510e3</assignedTo>
    <title>Test Content 53</title>
    <status>ee24a4cb-2d15-4c98-b1bd-6327126451f3</status>
    <webasset>04fff7aa-9bec-4c58-b3ff-c6ddd096ccc7</webasset>
    <languageId>1</languageId>
  </com.dotmarketing.portlets.workflows.model.WorkflowTask>
  <com.dotmarketing.portlets.workflows.model.WorkflowTask>
    <id>c9661041-9787-4227-beac-af2588cee85a</id>
    <creationDate class="sql-timestamp">2020-09-24 15:41:51.229</creationDate>
    <modDate class="sql-timestamp">2020-09-24 15:41:51.229</modDate>
    <createdBy>e7d4e34e-5127-45fc-8123-d48b62d510e3</createdBy>
    <assignedTo>e7d4e34e-5127-45fc-8123-d48b62d510e3</assignedTo>
    <title>Test Content 60</title>
    <status>ee24a4cb-2d15-4c98-b1bd-6327126451f3</status>
    <webasset>d56d64f7-9f95-4bc0-bd63-269141ab5626</webasset>
    <languageId>1</languageId>
  </com.dotmarketing.portlets.workflows.model.WorkflowTask>
  <com.dotmarketing.portlets.workflows.model.WorkflowTask>
    <id>ce22b440-a1a6-48d1-b428-daae92c5fe46</id>
    <creationDate class="sql-timestamp">2020-09-24 15:41:52.574</creationDate>
    <modDate class="sql-timestamp">2020-09-24 15:41:52.575</modDate>
    <createdBy>e7d4e34e-5127-45fc-8123-d48b62d510e3</createdBy>
    <assignedTo>e7d4e34e-5127-45fc-8123-d48b62d510e3</assignedTo>
    <title>Test Content 92</title>
    <status>ee24a4cb-2d15-4c98-b1bd-6327126451f3</status>
    <webasset>f3ea6521-047b-4f6b-8795-936bfacf3a27</webasset>
    <languageId>1</languageId>
  </com.dotmarketing.portlets.workflows.model.WorkflowTask>
  <com.dotmarketing.portlets.workflows.model.WorkflowTask>
    <id>d309acdf-c688-4221-8043-97c049dcc454</id>
    <creationDate class="sql-timestamp">2020-09-24 15:41:50.385</creationDate>
    <modDate class="sql-timestamp">2020-09-24 15:41:50.385</modDate>
    <createdBy>e7d4e34e-5127-45fc-8123-d48b62d510e3</createdBy>
    <assignedTo>e7d4e34e-5127-45fc-8123-d48b62d510e3</assignedTo>
    <title>Test Content 41</title>
    <status>ee24a4cb-2d15-4c98-b1bd-6327126451f3</status>
    <webasset>f1cd30d6-a0b4-4a8b-a6f4-cd649124709c</webasset>
    <languageId>1</languageId>
  </com.dotmarketing.portlets.workflows.model.WorkflowTask>
  <com.dotmarketing.portlets.workflows.model.WorkflowTask>
    <id>d84f8f68-0873-4558-b9fa-be92b3695ea1</id>
    <creationDate class="sql-timestamp">2020-09-24 15:41:48.703</creationDate>
    <modDate class="sql-timestamp">2020-09-24 15:41:48.703</modDate>
    <createdBy>e7d4e34e-5127-45fc-8123-d48b62d510e3</createdBy>
    <assignedTo>e7d4e34e-5127-45fc-8123-d48b62d510e3</assignedTo>
    <title>Test Content 8</title>
    <status>ee24a4cb-2d15-4c98-b1bd-6327126451f3</status>
    <webasset>b502b751-241d-484e-b83f-f1bfb11cf86c</webasset>
    <languageId>1</languageId>
  </com.dotmarketing.portlets.workflows.model.WorkflowTask>
  <com.dotmarketing.portlets.workflows.model.WorkflowTask>
    <id>df856d1c-fe6e-4c6b-a796-0e33bdc334f3</id>
    <creationDate class="sql-timestamp">2020-09-24 15:41:50.96</creationDate>
    <modDate class="sql-timestamp">2020-09-24 15:41:50.96</modDate>
    <createdBy>e7d4e34e-5127-45fc-8123-d48b62d510e3</createdBy>
    <assignedTo>e7d4e34e-5127-45fc-8123-d48b62d510e3</assignedTo>
    <title>Test Content 54</title>
    <status>ee24a4cb-2d15-4c98-b1bd-6327126451f3</status>
    <webasset>eb3f85a1-4812-48cd-a6ae-8f8b3f63d875</webasset>
    <languageId>1</languageId>
  </com.dotmarketing.portlets.workflows.model.WorkflowTask>
  <com.dotmarketing.portlets.workflows.model.WorkflowTask>
    <id>e2978667-81e1-4597-9823-bdc03bae2c14</id>
    <creationDate class="sql-timestamp">2020-09-24 15:41:49.028</creationDate>
    <modDate class="sql-timestamp">2020-09-24 15:41:49.028</modDate>
    <createdBy>e7d4e34e-5127-45fc-8123-d48b62d510e3</createdBy>
    <assignedTo>e7d4e34e-5127-45fc-8123-d48b62d510e3</assignedTo>
    <title>Test Content 13</title>
    <status>ee24a4cb-2d15-4c98-b1bd-6327126451f3</status>
    <webasset>481143f4-f5f4-4c82-bd23-7944c6c02df2</webasset>
    <languageId>1</languageId>
  </com.dotmarketing.portlets.workflows.model.WorkflowTask>
  <com.dotmarketing.portlets.workflows.model.WorkflowTask>
    <id>e551ad24-02db-42a8-817b-1c98cc83ae3d</id>
    <creationDate class="sql-timestamp">2020-09-24 15:41:52.714</creationDate>
    <modDate class="sql-timestamp">2020-09-24 15:41:52.714</modDate>
    <createdBy>e7d4e34e-5127-45fc-8123-d48b62d510e3</createdBy>
    <assignedTo>e7d4e34e-5127-45fc-8123-d48b62d510e3</assignedTo>
    <title>Test Content 95</title>
    <status>ee24a4cb-2d15-4c98-b1bd-6327126451f3</status>
    <webasset>39c09eab-5619-4652-afbf-06c3fef1a0ef</webasset>
    <languageId>1</languageId>
  </com.dotmarketing.portlets.workflows.model.WorkflowTask>
  <com.dotmarketing.portlets.workflows.model.WorkflowTask>
    <id>e66ca8ec-5739-4419-bdf0-db887578462a</id>
    <creationDate class="sql-timestamp">2020-09-24 15:41:52.757</creationDate>
    <modDate class="sql-timestamp">2020-09-24 15:41:52.758</modDate>
    <createdBy>e7d4e34e-5127-45fc-8123-d48b62d510e3</createdBy>
    <assignedTo>e7d4e34e-5127-45fc-8123-d48b62d510e3</assignedTo>
    <title>Test Content 96</title>
    <status>ee24a4cb-2d15-4c98-b1bd-6327126451f3</status>
    <webasset>975fa960-0e83-482b-bb94-73e530b5aa2d</webasset>
    <languageId>1</languageId>
  </com.dotmarketing.portlets.workflows.model.WorkflowTask>
  <com.dotmarketing.portlets.workflows.model.WorkflowTask>
    <id>e84a3dc7-3f95-47ea-8b1b-4999d4ac91db</id>
    <creationDate class="sql-timestamp">2020-09-24 15:41:49.994</creationDate>
    <modDate class="sql-timestamp">2020-09-24 15:41:49.994</modDate>
    <createdBy>e7d4e34e-5127-45fc-8123-d48b62d510e3</createdBy>
    <assignedTo>e7d4e34e-5127-45fc-8123-d48b62d510e3</assignedTo>
    <title>Test Content 33</title>
    <status>ee24a4cb-2d15-4c98-b1bd-6327126451f3</status>
    <webasset>329840bd-fcac-4733-a4d1-abc9e5b45fb7</webasset>
    <languageId>1</languageId>
  </com.dotmarketing.portlets.workflows.model.WorkflowTask>
  <com.dotmarketing.portlets.workflows.model.WorkflowTask>
    <id>e8b6a721-6099-4b8d-8156-6776b31b9fc5</id>
    <creationDate class="sql-timestamp">2020-09-24 15:41:51.897</creationDate>
    <modDate class="sql-timestamp">2020-09-24 15:41:51.897</modDate>
    <createdBy>e7d4e34e-5127-45fc-8123-d48b62d510e3</createdBy>
    <assignedTo>e7d4e34e-5127-45fc-8123-d48b62d510e3</assignedTo>
    <title>Test Content 76</title>
    <status>ee24a4cb-2d15-4c98-b1bd-6327126451f3</status>
    <webasset>2939c35b-b549-4e7c-8210-8d6b2068fdd2</webasset>
    <languageId>1</languageId>
  </com.dotmarketing.portlets.workflows.model.WorkflowTask>
  <com.dotmarketing.portlets.workflows.model.WorkflowTask>
    <id>ec02ea76-7966-4507-bd33-ac1890403b7b</id>
    <creationDate class="sql-timestamp">2020-09-24 15:41:52.325</creationDate>
    <modDate class="sql-timestamp">2020-09-24 15:41:52.325</modDate>
    <createdBy>e7d4e34e-5127-45fc-8123-d48b62d510e3</createdBy>
    <assignedTo>e7d4e34e-5127-45fc-8123-d48b62d510e3</assignedTo>
    <title>Test Content 86</title>
    <status>ee24a4cb-2d15-4c98-b1bd-6327126451f3</status>
    <webasset>f4d34872-dbaf-4168-8ab3-515daa8be6e5</webasset>
    <languageId>1</languageId>
  </com.dotmarketing.portlets.workflows.model.WorkflowTask>
  <com.dotmarketing.portlets.workflows.model.WorkflowTask>
    <id>ed1195c2-fc17-40a8-9c22-82f38b525ee1</id>
    <creationDate class="sql-timestamp">2020-09-24 15:41:50.429</creationDate>
    <modDate class="sql-timestamp">2020-09-24 15:41:50.43</modDate>
    <createdBy>e7d4e34e-5127-45fc-8123-d48b62d510e3</createdBy>
    <assignedTo>e7d4e34e-5127-45fc-8123-d48b62d510e3</assignedTo>
    <title>Test Content 42</title>
    <status>ee24a4cb-2d15-4c98-b1bd-6327126451f3</status>
    <webasset>5033c107-4a97-4cf6-9cf9-ede637c3231b</webasset>
    <languageId>1</languageId>
  </com.dotmarketing.portlets.workflows.model.WorkflowTask>
  <com.dotmarketing.portlets.workflows.model.WorkflowTask>
    <id>f10ea918-bf78-4638-9845-3a8c1bf77837</id>
    <creationDate class="sql-timestamp">2020-09-24 15:41:52.826</creationDate>
    <modDate class="sql-timestamp">2020-09-24 15:41:52.827</modDate>
    <createdBy>e7d4e34e-5127-45fc-8123-d48b62d510e3</createdBy>
    <assignedTo>e7d4e34e-5127-45fc-8123-d48b62d510e3</assignedTo>
    <title>Test Content 98</title>
    <status>ee24a4cb-2d15-4c98-b1bd-6327126451f3</status>
    <webasset>7b42490a-ca04-4964-96cd-5797cd5dea5e</webasset>
    <languageId>1</languageId>
  </com.dotmarketing.portlets.workflows.model.WorkflowTask>
  <com.dotmarketing.portlets.workflows.model.WorkflowTask>
    <id>f6f63a0d-0ce2-4352-8d40-192e6f6ee816</id>
    <creationDate class="sql-timestamp">2020-09-24 15:41:51.128</creationDate>
    <modDate class="sql-timestamp">2020-09-24 15:41:51.128</modDate>
    <createdBy>e7d4e34e-5127-45fc-8123-d48b62d510e3</createdBy>
    <assignedTo>e7d4e34e-5127-45fc-8123-d48b62d510e3</assignedTo>
    <title>Test Content 58</title>
    <status>ee24a4cb-2d15-4c98-b1bd-6327126451f3</status>
    <webasset>145d96da-eb79-404b-abd9-637ce22793d6</webasset>
    <languageId>1</languageId>
  </com.dotmarketing.portlets.workflows.model.WorkflowTask>
  <com.dotmarketing.portlets.workflows.model.WorkflowTask>
    <id>fb96aeab-a8d3-4a70-91d1-c0fe1bae6be1</id>
    <creationDate class="sql-timestamp">2020-09-24 15:41:52.449</creationDate>
    <modDate class="sql-timestamp">2020-09-24 15:41:52.449</modDate>
    <createdBy>e7d4e34e-5127-45fc-8123-d48b62d510e3</createdBy>
    <assignedTo>e7d4e34e-5127-45fc-8123-d48b62d510e3</assignedTo>
    <title>Test Content 89</title>
    <status>ee24a4cb-2d15-4c98-b1bd-6327126451f3</status>
    <webasset>182141ef-38d3-47de-9e34-63497fa6a56d</webasset>
    <languageId>1</languageId>
  </com.dotmarketing.portlets.workflows.model.WorkflowTask>
  <com.dotmarketing.portlets.workflows.model.WorkflowTask>
    <id>fc0083e8-5528-4ba9-8915-973deffac104</id>
    <creationDate class="sql-timestamp">2020-09-24 15:41:50.689</creationDate>
    <modDate class="sql-timestamp">2020-09-24 15:41:50.689</modDate>
    <createdBy>e7d4e34e-5127-45fc-8123-d48b62d510e3</createdBy>
    <assignedTo>e7d4e34e-5127-45fc-8123-d48b62d510e3</assignedTo>
    <title>Test Content 48</title>
    <status>ee24a4cb-2d15-4c98-b1bd-6327126451f3</status>
    <webasset>d2739c63-3a93-43bd-b862-3c1cef2a5ad1</webasset>
    <languageId>1</languageId>
  </com.dotmarketing.portlets.workflows.model.WorkflowTask>
  <com.dotmarketing.portlets.workflows.model.WorkflowTask>
    <id>fe73bf95-e208-4c12-969f-8d162cc3a8ae</id>
    <creationDate class="sql-timestamp">2020-09-24 15:41:51.311</creationDate>
    <modDate class="sql-timestamp">2020-09-24 15:41:51.311</modDate>
    <createdBy>e7d4e34e-5127-45fc-8123-d48b62d510e3</createdBy>
    <assignedTo>e7d4e34e-5127-45fc-8123-d48b62d510e3</assignedTo>
    <title>Test Content 62</title>
    <status>ee24a4cb-2d15-4c98-b1bd-6327126451f3</status>
    <webasset>a1ed2923-28de-40fd-baad-0ba2e46fdc55</webasset>
    <languageId>1</languageId>
  </com.dotmarketing.portlets.workflows.model.WorkflowTask>
</list>