<list>
  <com.dotmarketing.portlets.contentlet.business.Contentlet>
    <iDate class="sql-timestamp">2020-09-24 16:01:26.144</iDate>
    <type>contentlet</type>
    <owner>dotcms.org.1</owner>
    <inode>ff54af5e-cf18-48e6-94a2-7a7612bd559b</inode>
    <identifier>9d32a957-7e68-4b19-a79a-3791f14030e2</identifier>
    <source>DB</source>
    <title>Test Content 987</title>
    <friendlyName>Test Content 987</friendlyName>
    <modDate class="sql-timestamp">2020-09-24 16:01:26.151</modDate>
    <modUser>dotcms.org.1</modUser>
    <sortOrder>0</sortOrder>
    <showOnMenu>false</showOnMenu>
    <fAPI class="com.dotmarketing.portlets.structure.business.FieldAPIImpl"/>
    <structureInode>2a3e91e4-fbbf-4876-8c5b-2233c1739b05</structureInode>
    <languageId>1</languageId>
    <text1>Test Content 987</text1>
    <text__area1>&lt;p&gt;Jeez this salmon is far less banal than this meager hen. Jeez a terrier is more thin than some wonderful gull. Crud one tamarin is much more miser than this agitated flamingo.&lt;/p&gt;&lt;p&gt;Dear me some breathless ape tidily whistled save the goodhearted flamingo. Um one cassowary is much less expedient than this breezy bat. Goodness some mammoth is far less noisy than some immature wolverine.&lt;/p&gt;&lt;p&gt;Er a mallard is much more resplendent than the fulsome lemur. Alas this supportive tapir shortsightedly unlocked aboard the spiteful owl. Alas the notorious kiwi anticipatively snapped in favour of the glib walrus.&lt;/p&gt;&lt;p&gt;Uh the walking stick is far more accurate than that harsh reindeer. Ouch this vulture is much less banal than one expedient frog. Dear me this enthusiastic piranha adversely juggled unlike this unnecessary oriole.&lt;/p&gt;&lt;p&gt;Jeepers a chameleon is far less stringent than one unbearable whale. Jeepers this censorious dachshund bashfully curtsied behind this eternal globefish. Oh my the toucan is more monogamous than some frenetic wallaby.&lt;/p&gt;</text__area1>
    <integer1>0</integer1>
    <integer2>0</integer2>
    <integer3>0</integer3>
    <integer4>0</integer4>
    <integer5>0</integer5>
    <integer6>0</integer6>
    <integer7>0</integer7>
    <integer8>0</integer8>
    <integer9>0</integer9>
    <integer10>0</integer10>
    <integer11>0</integer11>
    <integer12>0</integer12>
    <integer13>0</integer13>
    <integer14>0</integer14>
    <integer15>0</integer15>
    <integer16>0</integer16>
    <integer17>0</integer17>
    <integer18>0</integer18>
    <integer19>0</integer19>
    <integer20>0</integer20>
    <integer21>0</integer21>
    <integer22>0</integer22>
    <integer23>0</integer23>
    <integer24>0</integer24>
    <integer25>0</integer25>
    <float1>0.0</float1>
    <float2>0.0</float2>
    <float3>0.0</float3>
    <float4>0.0</float4>
    <float5>0.0</float5>
    <float6>0.0</float6>
    <float7>0.0</float7>
    <float8>0.0</float8>
    <float9>0.0</float9>
    <float10>0.0</float10>
    <float11>0.0</float11>
    <float12>0.0</float12>
    <float13>0.0</float13>
    <float14>0.0</float14>
    <float15>0.0</float15>
    <float16>0.0</float16>
    <float17>0.0</float17>
    <float18>0.0</float18>
    <float19>0.0</float19>
    <float20>0.0</float20>
    <float21>0.0</float21>
    <float22>0.0</float22>
    <float23>0.0</float23>
    <float24>0.0</float24>
    <float25>0.0</float25>
    <bool1>false</bool1>
    <bool2>false</bool2>
    <bool3>false</bool3>
    <bool4>false</bool4>
    <bool5>false</bool5>
    <bool6>false</bool6>
    <bool7>false</bool7>
    <bool8>false</bool8>
    <bool9>false</bool9>
    <bool10>false</bool10>
    <bool11>false</bool11>
    <bool12>false</bool12>
    <bool13>false</bool13>
    <bool14>false</bool14>
    <bool15>false</bool15>
    <bool16>false</bool16>
    <bool17>false</bool17>
    <bool18>false</bool18>
    <bool19>false</bool19>
    <bool20>false</bool20>
    <bool21>false</bool21>
    <bool22>false</bool22>
    <bool23>false</bool23>
    <bool24>false</bool24>
    <bool25>false</bool25>
  </com.dotmarketing.portlets.contentlet.business.Contentlet>
  <com.dotmarketing.portlets.contentlet.business.Contentlet>
    <iDate class="sql-timestamp">2020-09-24 16:01:10.099</iDate>
    <type>contentlet</type>
    <owner>dotcms.org.1</owner>
    <inode>ffba4e23-08bc-434d-a3ca-2757153cc470</inode>
    <identifier>11e4dfc5-dcb6-459a-8e3b-f77e8dbb9af6</identifier>
    <source>DB</source>
    <title>Test Content 539</title>
    <friendlyName>Test Content 539</friendlyName>
    <modDate class="sql-timestamp">2020-09-24 16:01:10.106</modDate>
    <modUser>dotcms.org.1</modUser>
    <sortOrder>0</sortOrder>
    <showOnMenu>false</showOnMenu>
    <fAPI class="com.dotmarketing.portlets.structure.business.FieldAPIImpl" reference="../../com.dotmarketing.portlets.contentlet.business.Contentlet/fAPI"/>
    <structureInode>2a3e91e4-fbbf-4876-8c5b-2233c1739b05</structureInode>
    <languageId>1</languageId>
    <text1>Test Content 539</text1>
    <text__area1>&lt;p&gt;Eh one gazelle is more winning than that rakish oriole. Uh some hysteric oriole calmly splashed into some intricate whale. Darn a jaguar is far more anathematic than this abnormal hyena.&lt;/p&gt;&lt;p&gt;Crud that haughty chameleon insistently busted along the laborious bald eagle. Crud one parrot is far more literal than the selfish grizzly bear. Gosh the trout is much more plain than some turgid black bear.&lt;/p&gt;&lt;p&gt;Um some jaguar is much less mean than that affable goldfinch. Um a fanatic Dalmatian simply interbred up to the sensational scallop. Crud one lorikeet is much less naked than the truthful Labrador.&lt;/p&gt;&lt;p&gt;Well the handsome manatee vivaciously&#xd; fitted among one manful grizzly bear. Oh my a rat is much more unexplainable than a broken roadrunner. Well one confident newt tactfully proofread near to this strong angelfish.&lt;/p&gt;&lt;p&gt;Jeez some energetic guinea pig prodigiously overdrew aboard some unfitting groundhog. Eh the human is much less staid than some satisfactory flamingo. Hmm some experimental bird dismally tore aboard that wistful salamander.&lt;/p&gt;</text__area1>
    <integer1>0</integer1>
    <integer2>0</integer2>
    <integer3>0</integer3>
    <integer4>0</integer4>
    <integer5>0</integer5>
    <integer6>0</integer6>
    <integer7>0</integer7>
    <integer8>0</integer8>
    <integer9>0</integer9>
    <integer10>0</integer10>
    <integer11>0</integer11>
    <integer12>0</integer12>
    <integer13>0</integer13>
    <integer14>0</integer14>
    <integer15>0</integer15>
    <integer16>0</integer16>
    <integer17>0</integer17>
    <integer18>0</integer18>
    <integer19>0</integer19>
    <integer20>0</integer20>
    <integer21>0</integer21>
    <integer22>0</integer22>
    <integer23>0</integer23>
    <integer24>0</integer24>
    <integer25>0</integer25>
    <float1>0.0</float1>
    <float2>0.0</float2>
    <float3>0.0</float3>
    <float4>0.0</float4>
    <float5>0.0</float5>
    <float6>0.0</float6>
    <float7>0.0</float7>
    <float8>0.0</float8>
    <float9>0.0</float9>
    <float10>0.0</float10>
    <float11>0.0</float11>
    <float12>0.0</float12>
    <float13>0.0</float13>
    <float14>0.0</float14>
    <float15>0.0</float15>
    <float16>0.0</float16>
    <float17>0.0</float17>
    <float18>0.0</float18>
    <float19>0.0</float19>
    <float20>0.0</float20>
    <float21>0.0</float21>
    <float22>0.0</float22>
    <float23>0.0</float23>
    <float24>0.0</float24>
    <float25>0.0</float25>
    <bool1>false</bool1>
    <bool2>false</bool2>
    <bool3>false</bool3>
    <bool4>false</bool4>
    <bool5>false</bool5>
    <bool6>false</bool6>
    <bool7>false</bool7>
    <bool8>false</bool8>
    <bool9>false</bool9>
    <bool10>false</bool10>
    <bool11>false</bool11>
    <bool12>false</bool12>
    <bool13>false</bool13>
    <bool14>false</bool14>
    <bool15>false</bool15>
    <bool16>false</bool16>
    <bool17>false</bool17>
    <bool18>false</bool18>
    <bool19>false</bool19>
    <bool20>false</bool20>
    <bool21>false</bool21>
    <bool22>false</bool22>
    <bool23>false</bool23>
    <bool24>false</bool24>
    <bool25>false</bool25>
  </com.dotmarketing.portlets.contentlet.business.Contentlet>
  <com.dotmarketing.portlets.contentlet.business.Contentlet>
    <iDate class="sql-timestamp">2020-09-24 16:01:06.359</iDate>
    <type>contentlet</type>
    <owner>dotcms.org.1</owner>
    <inode>ff9759a2-d9d7-4dbf-ae26-70a90bb201a4</inode>
    <identifier>a7832b7e-7a20-438e-a264-71f9a5558904</identifier>
    <source>DB</source>
    <title>Test Content 439</title>
    <friendlyName>Test Content 439</friendlyName>
    <modDate class="sql-timestamp">2020-09-24 16:01:06.365</modDate>
    <modUser>dotcms.org.1</modUser>
    <sortOrder>0</sortOrder>
    <showOnMenu>false</showOnMenu>
    <fAPI class="com.dotmarketing.portlets.structure.business.FieldAPIImpl" reference="../../com.dotmarketing.portlets.contentlet.business.Contentlet/fAPI"/>
    <structureInode>2a3e91e4-fbbf-4876-8c5b-2233c1739b05</structureInode>
    <languageId>1</languageId>
    <text1>Test Content 439</text1>
    <text__area1>&lt;p&gt;Yikes some goldfinch is much less untactful than that wonderful cassowary. Yikes this inadvertent camel tacitly emptied near a tepid unicorn. Alas one cute deer customarily examined until a metric groundhog.&lt;/p&gt;&lt;p&gt;Ouch the roadrunner is much less remarkable than this youthful urchin. Goodness some sordid mallard abidingly swore prior to one merry iguana. Er a naked mole-rat is less illicit than the intrepid insect.&lt;/p&gt;&lt;p&gt;Well one wallaby is much more censorious than a compassionate grizzly bear. Dear me that racy urchin cogently shuffled beneath a monumental hippopotamus. Hmm a mammoth is less witty than this grateful rabbit.&lt;/p&gt;&lt;p&gt;Oh my some luxuriant gazelle definitely examined on top of the methodic dog. Hello some lemming is much more masterful than that fleet krill. Gosh that hawk is much more earnest than that demonstrable kangaroo.&lt;/p&gt;&lt;p&gt;Hi that orca is much less dominant than one compassionate rhinoceros. Hey one kiwi is far more prudent than the realistic opossum. Goodness one roadrunner is more hoggish than that caustic seagull.&lt;/p&gt;</text__area1>
    <integer1>0</integer1>
    <integer2>0</integer2>
    <integer3>0</integer3>
    <integer4>0</integer4>
    <integer5>0</integer5>
    <integer6>0</integer6>
    <integer7>0</integer7>
    <integer8>0</integer8>
    <integer9>0</integer9>
    <integer10>0</integer10>
    <integer11>0</integer11>
    <integer12>0</integer12>
    <integer13>0</integer13>
    <integer14>0</integer14>
    <integer15>0</integer15>
    <integer16>0</integer16>
    <integer17>0</integer17>
    <integer18>0</integer18>
    <integer19>0</integer19>
    <integer20>0</integer20>
    <integer21>0</integer21>
    <integer22>0</integer22>
    <integer23>0</integer23>
    <integer24>0</integer24>
    <integer25>0</integer25>
    <float1>0.0</float1>
    <float2>0.0</float2>
    <float3>0.0</float3>
    <float4>0.0</float4>
    <float5>0.0</float5>
    <float6>0.0</float6>
    <float7>0.0</float7>
    <float8>0.0</float8>
    <float9>0.0</float9>
    <float10>0.0</float10>
    <float11>0.0</float11>
    <float12>0.0</float12>
    <float13>0.0</float13>
    <float14>0.0</float14>
    <float15>0.0</float15>
    <float16>0.0</float16>
    <float17>0.0</float17>
    <float18>0.0</float18>
    <float19>0.0</float19>
    <float20>0.0</float20>
    <float21>0.0</float21>
    <float22>0.0</float22>
    <float23>0.0</float23>
    <float24>0.0</float24>
    <float25>0.0</float25>
    <bool1>false</bool1>
    <bool2>false</bool2>
    <bool3>false</bool3>
    <bool4>false</bool4>
    <bool5>false</bool5>
    <bool6>false</bool6>
    <bool7>false</bool7>
    <bool8>false</bool8>
    <bool9>false</bool9>
    <bool10>false</bool10>
    <bool11>false</bool11>
    <bool12>false</bool12>
    <bool13>false</bool13>
    <bool14>false</bool14>
    <bool15>false</bool15>
    <bool16>false</bool16>
    <bool17>false</bool17>
    <bool18>false</bool18>
    <bool19>false</bool19>
    <bool20>false</bool20>
    <bool21>false</bool21>
    <bool22>false</bool22>
    <bool23>false</bool23>
    <bool24>false</bool24>
    <bool25>false</bool25>
  </com.dotmarketing.portlets.contentlet.business.Contentlet>
  <com.dotmarketing.portlets.contentlet.business.Contentlet>
    <iDate class="sql-timestamp">2020-09-24 16:00:55.993</iDate>
    <type>contentlet</type>
    <owner>dotcms.org.1</owner>
    <inode>ff2eb1e2-ce88-4bce-bb3f-cd3c1a0ac47c</inode>
    <identifier>8d72bc26-abdf-405d-837f-677f3232e69f</identifier>
    <source>DB</source>
    <title>Test Content 167</title>
    <friendlyName>Test Content 167</friendlyName>
    <modDate class="sql-timestamp">2020-09-24 16:00:56.001</modDate>
    <modUser>dotcms.org.1</modUser>
    <sortOrder>0</sortOrder>
    <showOnMenu>false</showOnMenu>
    <fAPI class="com.dotmarketing.portlets.structure.business.FieldAPIImpl" reference="../../com.dotmarketing.portlets.contentlet.business.Contentlet/fAPI"/>
    <structureInode>2a3e91e4-fbbf-4876-8c5b-2233c1739b05</structureInode>
    <languageId>1</languageId>
    <text1>Test Content 167</text1>
    <text__area1>&lt;p&gt;Hey the globefish is far more heated than this clever kiwi. Eh one insect is much more rational than that contrite oriole. Alas a skeptic dolphin bravely overtook ahead of an equivalent fox.&lt;/p&gt;&lt;p&gt;Hi this jay is far less fraternal than one jolly fox. Um a rat is far less useful than one whimsical salmon. Hello one salamander is far less skillful than a dizzy kiwi.&lt;/p&gt;&lt;p&gt;Yikes the whale is more masochistic than one unskillful ape. Ouch some indescribable giraffe mutely dealt until some alarming seagull. Ah the angry krill divisively sang including this vicarious zebra.&lt;/p&gt;&lt;p&gt;Ouch an angelfish is far more unfitting than the weak egret. Oh my this admirable lemur impulsively rolled amid that promiscuous bald eagle. Hi that llama is far more meek than the pungent boa.&lt;/p&gt;&lt;p&gt;Jeez this awkward raccoon sociably kept on top of a beneficent limpet. Ouch a rapt wildebeest daintily outbid outside of some accidental black bear. Dear me a tardy pill bug coldly came despite some petulant woolly mammoth.&lt;/p&gt;</text__area1>
    <integer1>0</integer1>
    <integer2>0</integer2>
    <integer3>0</integer3>
    <integer4>0</integer4>
    <integer5>0</integer5>
    <integer6>0</integer6>
    <integer7>0</integer7>
    <integer8>0</integer8>
    <integer9>0</integer9>
    <integer10>0</integer10>
    <integer11>0</integer11>
    <integer12>0</integer12>
    <integer13>0</integer13>
    <integer14>0</integer14>
    <integer15>0</integer15>
    <integer16>0</integer16>
    <integer17>0</integer17>
    <integer18>0</integer18>
    <integer19>0</integer19>
    <integer20>0</integer20>
    <integer21>0</integer21>
    <integer22>0</integer22>
    <integer23>0</integer23>
    <integer24>0</integer24>
    <integer25>0</integer25>
    <float1>0.0</float1>
    <float2>0.0</float2>
    <float3>0.0</float3>
    <float4>0.0</float4>
    <float5>0.0</float5>
    <float6>0.0</float6>
    <float7>0.0</float7>
    <float8>0.0</float8>
    <float9>0.0</float9>
    <float10>0.0</float10>
    <float11>0.0</float11>
    <float12>0.0</float12>
    <float13>0.0</float13>
    <float14>0.0</float14>
    <float15>0.0</float15>
    <float16>0.0</float16>
    <float17>0.0</float17>
    <float18>0.0</float18>
    <float19>0.0</float19>
    <float20>0.0</float20>
    <float21>0.0</float21>
    <float22>0.0</float22>
    <float23>0.0</float23>
    <float24>0.0</float24>
    <float25>0.0</float25>
    <bool1>false</bool1>
    <bool2>false</bool2>
    <bool3>false</bool3>
    <bool4>false</bool4>
    <bool5>false</bool5>
    <bool6>false</bool6>
    <bool7>false</bool7>
    <bool8>false</bool8>
    <bool9>false</bool9>
    <bool10>false</bool10>
    <bool11>false</bool11>
    <bool12>false</bool12>
    <bool13>false</bool13>
    <bool14>false</bool14>
    <bool15>false</bool15>
    <bool16>false</bool16>
    <bool17>false</bool17>
    <bool18>false</bool18>
    <bool19>false</bool19>
    <bool20>false</bool20>
    <bool21>false</bool21>
    <bool22>false</bool22>
    <bool23>false</bool23>
    <bool24>false</bool24>
    <bool25>false</bool25>
  </com.dotmarketing.portlets.contentlet.business.Contentlet>
</list>