<list>
  <com.dotmarketing.portlets.contentlet.model.ContentletVersionInfo>
    <identifier>ffe0611b-639c-49dd-bdcd-d618e681da17</identifier>
    <liveInode>0c6b9bbc-3e3b-4c52-961b-5c8218fc7f6f</liveInode>
    <workingInode>0c6b9bbc-3e3b-4c52-961b-5c8218fc7f6f</workingInode>
    <lockedOn class="sql-timestamp">2020-09-24 16:01:02.237</lockedOn>
    <deleted>false</deleted>
    <versionTs class="sql-timestamp">2020-09-24 16:01:02.26</versionTs>
    <lang>1</lang>
  </com.dotmarketing.portlets.contentlet.model.ContentletVersionInfo>
  <com.dotmarketing.portlets.contentlet.model.ContentletVersionInfo>
    <identifier>SYSTEM_HOST</identifier>
    <liveInode>dbdec5e2-c02b-4cfb-83a9-4a4c4f3b2eb0</liveInode>
    <workingInode>dbdec5e2-c02b-4cfb-83a9-4a4c4f3b2eb0</workingInode>
    <lockedOn class="sql-timestamp">2012-06-07 09:46:26.0</lockedOn>
    <deleted>false</deleted>
    <versionTs class="sql-timestamp">2020-04-20 20:23:51.289</versionTs>
    <lang>1</lang>
  </com.dotmarketing.portlets.contentlet.model.ContentletVersionInfo>
</list>