<list>
  <com.dotmarketing.plugin.model.Plugin>
    <id>com.dotcms.config</id>
    <pluginName>dotCMS Config</pluginName>
    <pluginVersion>1.0</pluginVersion>
    <author>dotCMS</author>
    <firstDeployedDate class="sql-timestamp">2020-09-24 15:56:53.169</firstDeployedDate>
    <lastDeployedDate class="sql-timestamp">2020-09-24 15:56:53.169</lastDeployedDate>
  </com.dotmarketing.plugin.model.Plugin>
  <com.dotmarketing.plugin.model.Plugin>
    <id>com.dotcms.oarrieta</id>
    <pluginName>dotCMS Config</pluginName>
    <pluginVersion>1.0</pluginVersion>
    <author>dotCMS</author>
    <firstDeployedDate class="sql-timestamp">2020-09-24 15:56:53.181</firstDeployedDate>
    <lastDeployedDate class="sql-timestamp">2020-09-24 15:56:53.181</lastDeployedDate>
  </com.dotmarketing.plugin.model.Plugin>
</list>