{"content":"<style>\n  #videoResultsDiv{}\n  #myResults{padding:8px 10px 8px 10px;width:530px; height:400px;overflow-x: hidden; overflow-y: auto;}\n  #myResults ul{margin:0;padding:0;font-family:Arial, Helvetica, sans-serif;font-size:12px;line-height:16px;}\n  #myResults ul li{position:relative;display:block;list-style:none;padding:0;padding:10px 10px 20px 140px;border-bottom:1px dashed #ccc;cursor:pointer;}\n  #myResults ul li:hover{background:#c3e1eb;}\n  #myResults ul li span{display:block;position:absolute;left:10px; top:10px; width:120px; height:90px;}\n  .videoThumbnail{width: 640px;height: 380px;overflow: hidden;border: 1px solid #efefef;margin: 30px 0;padding:0;}\n</style>\n\n<script type=\"text/javascript\">\n\n    dojo.addOnLoad( function() {\n        var y = dojo.byId(\"url\").value;\n        if (y.length < 1) {\n            document.getElementById('inputSearchStrId').focus();\n        } else {\n            var videoId = y.replace(\"https://vimeo.com/\", \"\");\n            var videoEmbdedUrl = \"https://player.vimeo.com/video/\" + videoId;\n            dijit.byId(\"thumbnailImage\").set(\"content\", dojo.create(\"iframe\", {\n                \"src\": videoEmbdedUrl,\n                \"style\": \"border: 0; width: 100%; height: 100%\"\n            }));\n        }\n    });\n\n    function searchClicked() {\n        // TODO: You need to request a Vimeo token, more info: https://developer.vimeo.com/api/authentication\n        var vimeoToken = \"a150ef9d3a7de3d1d3d6f2d60cc34f19\";\n        var mySearch = document.getElementById(\"inputSearchStrId\").value;\n        if (mySearch.length < 1) {\n            alert(\"Please Enter Search Term\");\n            document.getElementById('inputSearchStrId').focus();\n        } else {\n            var url = '//api.vimeo.com/videos?query=' + mySearch + '&access_token=' + vimeoToken;\n\n            var reqArgs = {\n                url: url,\n                    headers: {\n                  \"X-Requested-With\": \"\"\n                },\n                load: function(data) {\n                    showMyVideos(JSON.parse(data));\n                },\n                error: function(error) {\n                    alert('Something is wrong with Vimeo\\'s API, try again later');\n                }\n            }\n            dojo.xhrGet(reqArgs);\n        }\n    }\n\n    function showMyVideos(results) {\n        dijit.byId('videoResultsDiv').show();\n        var entries = results.data || [];\n        var html = ['<ul>'];\n        for (var i = 0; i < entries.length; i++) {\n            var entry = entries[i];\n            var title = entry.name;\n            var lnk = entry.link;\n            var published = entry.created_time.replace(\"+\", \".\");\n            var length = formatDuration(entry.duration);\n            var by = entry.user.name;\n            var picSm = entry.pictures.sizes[0].link;\n            var picLg = entry.pictures.sizes[entry.pictures.sizes.length - 1].link;\n            var passVar = \" ' \" + lnk + \" ' , ' \" + picSm + \"' , '\" + picLg + \"' , '\" + title + \"' , '\" + by + \"' , '\" + length + \"' , '\" + published + \" ' \";\n            html.push('<li onclick=\\\"setFields(', passVar , ');\\\"><span style=\\\"background:url(', picSm, ') no-repeat;\\\"></span><b>' , title , '</b><br><b>Author: </b>', by ,'<br><b>Length: </b>', length, '<br><b>Published: </b>', published , '</li>');\n        }\n        html.push('</ul>');\n        document.getElementById('myResults').innerHTML = html.join('');\n    }\n\n    function formatDuration(time) {\n        // Minutes and seconds\n        var mins = ~~(time / 60);\n        var secs = time % 60;\n\n        // Hours, minutes and seconds\n        var hrs = ~~(time / 3600);\n        var mins = ~~((time % 3600) / 60);\n        var secs = time % 60;\n\n        // Output like \"1:01\" or \"4:03:59\" or \"123:03:59\"\n        ret = \"\";\n\n        if (hrs > 0)\n            ret += \"\" + hrs + \":\" + (mins < 10 ? \"0\" : \"\");\n\n        ret += \"\" + mins + \":\" + (secs < 10 ? \"0\" : \"\");\n        ret += \"\" + secs;\n        return ret;\n    }\n\n    function setFields(lnk, picSm, picLg, title, by, length, published) {\n        dijit.byId(\"videoResultsDiv\").hide();\n        dojo.byId(\"widgetTitle\").value = title;\n        dojo.byId(\"author\").value = by;\n        dojo.byId(\"length\").value = length;\n        dojo.byId(\"thumbnail\").value = picSm;\n        dojo.byId(\"thumbnail2\").value = picLg;\n        dojo.byId(\"published\").value = published;\n        dojo.byId(\"url\").value = lnk.trim();\n        dojo.byId(\"inputSearchStrId\").value = \"\";\n        \n        var y = dojo.byId(\"url\").value;\n        var videoId = y.replace(\"https://vimeo.com/\", \"\");\n        var videoEmbdedUrl = \"https://player.vimeo.com/video/\" + videoId;\n        dijit.byId(\"thumbnailImage\").set(\"content\", dojo.create(\"iframe\", {\n            \"src\": videoEmbdedUrl,\n            \"style\": \"border: 0; width: 100%; height: 100%\"\n        }));\n    }\n\n</script>\n\n\n<div>\n    <div>\n        <input name=\"searchStr\" id=\"inputSearchStrId\" type=\"text\" dojoType=\"dijit.form.TextBox\" style=\"width:400px;\" placeHolder=\"Search for Videos on Vimeo\" />\n        <button dojoType=\"dijit.form.Button\" onClick=\"searchClicked()\" iconClass=\"searchIcon\">Search</button>\n    </div>\n\n    <div i","contentType":"text/plain; charset=ISO-8859-1","fileSize":5341,"length":5341}